timestamp,app_id,package_name,category,start_type,this_time_ms,total_time_ms,wait_time_ms,foreground_state,battery,charging,headphones,screen_on,time_bucket,weekend
2026-04-01 00:24:58,instagram,com.instagram.android,social,cold,3018,3246,2837,foreground,94.6,1,0,1,night,0
2026-04-01 00:32:36,whatsapp,com.whatsapp,social,cold,2046,2184,1638,foreground,94.9,1,0,1,night,0
2026-04-01 00:55:51,youtube,com.google.android.youtube,media,cold,2576,2754,2498,foreground,95.7,1,0,1,night,0
2026-04-01 02:15:51,spotify,com.spotify.music,media,cold,3266,3469,2939,foreground,96.1,1,0,1,night,0
2026-04-01 02:29:26,netflix,com.netflix.mediaclient,media,cold,3489,3816,3067,foreground,96.4,1,0,1,night,0
2026-04-01 02:41:03,gmail,com.google.android.gm,productivity,cold,2224,2385,1989,foreground,97.0,1,0,1,night,0
2026-04-01 03:01:37,slack,com.Slack,productivity,cold,3459,3837,2998,foreground,97.7,1,0,1,night,0
2026-04-01 03:10:59,chrome,com.android.chrome,utility,cold,1256,1325,1189,foreground,98.2,1,0,1,night,0
2026-04-01 03:55:34,google_maps,com.google.android.apps.maps,utility,cold,2599,2679,2495,foreground,98.8,1,0,1,night,0
2026-04-01 04:03:27,amazon,com.amazon.mShop.android.shopping,commerce,cold,2872,3128,2694,foreground,99.6,1,0,1,night,0
2026-04-01 04:10:23,phonepe,com.phonepe.app,financial,cold,1801,1922,1507,foreground,100,1,0,1,night,0
2026-04-01 04:26:48,paytm,net.one97.paytm,financial,cold,2178,2389,1712,foreground,100,1,0,1,night,0
2026-04-01 04:28:51,samsung_health,com.sec.android.app.shealth,health,cold,2303,2440,1966,foreground,100,1,0,1,night,0
2026-04-01 06:05:40,instagram,com.instagram.android,social,cold,3396,3663,3000,foreground,100,1,0,1,morning,0
2026-04-01 06:16:47,whatsapp,com.whatsapp,social,cold,1952,2118,1644,foreground,100,1,0,1,morning,0
2026-04-01 06:28:32,youtube,com.google.android.youtube,media,cold,3389,3766,3167,foreground,100,1,0,1,morning,0
2026-04-01 06:31:47,spotify,com.spotify.music,media,cold,2693,2882,2575,foreground,100,1,0,1,morning,0
2026-04-01 06:41:21,netflix,com.netflix.mediaclient,media,cold,3749,3996,2896,foreground,100,1,0,1,morning,0
2026-04-01 07:43:22,gmail,com.google.android.gm,productivity,cold,1628,1656,1324,foreground,99.9,0,0,1,morning,0
2026-04-01 08:10:28,slack,com.Slack,productivity,cold,3403,3544,3107,foreground,99.9,0,0,1,morning,0
2026-04-01 08:21:59,chrome,com.android.chrome,utility,cold,1348,1466,1307,foreground,99.7,0,1,1,morning,0
2026-04-01 08:26:29,google_maps,com.google.android.apps.maps,utility,cold,2940,3114,2606,foreground,99.7,0,0,1,morning,0
2026-04-01 08:47:18,amazon,com.amazon.mShop.android.shopping,commerce,cold,2786,3014,2392,foreground,99.6,0,1,1,morning,0
2026-04-01 09:07:05,phonepe,com.phonepe.app,financial,cold,2267,2356,2127,foreground,99.5,0,0,1,morning,0
2026-04-01 09:09:48,paytm,net.one97.paytm,financial,cold,2443,2616,2166,foreground,99.4,0,1,1,morning,0
2026-04-01 09:32:19,samsung_health,com.sec.android.app.shealth,health,cold,2014,2212,1786,foreground,99.3,0,1,1,morning,0
2026-04-01 09:46:17,instagram,com.instagram.android,social,cold,3430,3670,3010,foreground,99.2,0,0,1,morning,0
2026-04-01 10:04:30,whatsapp,com.whatsapp,social,cold,2001,2140,1697,foreground,99.2,0,0,1,morning,0
2026-04-01 10:09:48,youtube,com.google.android.youtube,media,cold,3811,3988,3574,foreground,99.1,0,0,1,morning,0
2026-04-01 10:28:02,spotify,com.spotify.music,media,cold,2749,2918,2141,foreground,99.0,0,0,1,morning,0
2026-04-01 10:48:38,netflix,com.netflix.mediaclient,media,cold,4373,4779,4241,foreground,98.9,0,0,1,morning,0
2026-04-01 11:08:45,gmail,com.google.android.gm,productivity,cold,1511,1640,1360,foreground,98.8,0,0,1,morning,0
2026-04-01 11:32:08,slack,com.Slack,productivity,cold,3709,3824,3315,foreground,98.8,0,0,1,morning,0
2026-04-01 11:46:03,chrome,com.android.chrome,utility,cold,1325,1409,1275,foreground,98.7,0,0,1,morning,0
2026-04-01 12:51:25,google_maps,com.google.android.apps.maps,utility,cold,2525,2585,2173,foreground,98.6,0,0,1,afternoon,0
2026-04-01 13:27:45,amazon,com.amazon.mShop.android.shopping,commerce,cold,1927,1961,1668,foreground,98.4,0,0,1,afternoon,0
2026-04-01 13:41:36,phonepe,com.phonepe.app,financial,cold,1386,1424,1344,foreground,98.4,0,0,1,afternoon,0
2026-04-01 13:42:03,paytm,net.one97.paytm,financial,cold,2423,2757,2350,foreground,98.3,0,0,1,afternoon,0
2026-04-01 13:57:11,samsung_health,com.sec.android.app.shealth,health,cold,1925,2037,1525,foreground,98.2,0,0,1,afternoon,0
2026-04-01 14:21:41,instagram,com.instagram.android,social,cold,3621,3901,3192,foreground,98.1,0,0,1,afternoon,0
2026-04-01 14:28:18,whatsapp,com.whatsapp,social,cold,2370,2530,1922,foreground,98.1,0,0,1,afternoon,0
2026-04-01 14:46:19,youtube,com.google.android.youtube,media,cold,3327,3661,2818,foreground,98.0,0,0,1,afternoon,0
2026-04-01 14:47:42,spotify,com.spotify.music,media,cold,2418,2691,2345,foreground,97.9,0,0,1,afternoon,0
2026-04-01 14:52:13,netflix,com.netflix.mediaclient,media,cold,4104,4340,3354,foreground,97.7,0,0,1,afternoon,0
2026-04-01 15:23:41,gmail,com.google.android.gm,productivity,cold,1780,1884,1689,foreground,97.6,0,0,1,afternoon,0
2026-04-01 15:44:12,slack,com.Slack,productivity,cold,2859,3106,2362,foreground,97.4,0,0,1,afternoon,0
2026-04-01 15:45:23,chrome,com.android.chrome,utility,cold,1129,1157,936,foreground,97.3,0,0,1,afternoon,0
2026-04-01 16:51:10,google_maps,com.google.android.apps.maps,utility,cold,2632,2745,2232,foreground,97.2,0,0,1,afternoon,0
2026-04-01 17:46:58,amazon,com.amazon.mShop.android.shopping,commerce,cold,2279,2322,2040,foreground,97.1,0,1,1,evening,0
2026-04-01 19:20:43,phonepe,com.phonepe.app,financial,cold,1912,1994,1788,foreground,97.0,0,0,1,evening,0
2026-04-01 20:17:04,paytm,net.one97.paytm,financial,cold,2327,2525,1974,foreground,96.9,0,0,1,evening,0
2026-04-01 20:30:02,samsung_health,com.sec.android.app.shealth,health,cold,2934,2971,2698,foreground,96.8,0,0,1,evening,0
2026-04-01 21:44:04,instagram,com.instagram.android,social,cold,2572,2746,2458,foreground,96.8,0,1,1,evening,0
2026-04-01 21:49:58,whatsapp,com.whatsapp,social,cold,1969,2126,1816,foreground,96.7,0,0,1,evening,0
2026-04-01 23:23:11,youtube,com.google.android.youtube,media,cold,3227,3227,2860,foreground,97.3,1,0,1,night,0
2026-04-02 00:11:10,spotify,com.spotify.music,media,cold,3394,3616,2766,foreground,97.9,1,0,1,night,0
2026-04-02 00:22:38,netflix,com.netflix.mediaclient,media,cold,4526,4700,4217,foreground,98.6,1,0,1,night,0
2026-04-02 00:46:28,gmail,com.google.android.gm,productivity,cold,1947,2100,1658,foreground,99.1,1,0,1,night,0
2026-04-02 00:54:53,slack,com.Slack,productivity,cold,3516,3695,3106,foreground,99.6,1,0,1,night,0
2026-04-02 01:00:41,chrome,com.android.chrome,utility,cold,1173,1208,1020,foreground,100,1,0,1,night,0
2026-04-02 01:11:55,google_maps,com.google.android.apps.maps,utility,cold,2984,3267,2890,foreground,100,1,0,1,night,0
2026-04-02 02:31:00,amazon,com.amazon.mShop.android.shopping,commerce,cold,3054,3319,2728,foreground,100,1,0,1,night,0
2026-04-02 02:33:58,phonepe,com.phonepe.app,financial,cold,1779,1948,1503,foreground,100,1,0,1,night,0
2026-04-02 02:44:53,paytm,net.one97.paytm,financial,cold,2329,2413,2028,foreground,100,1,0,1,night,0
2026-04-02 02:47:15,samsung_health,com.sec.android.app.shealth,health,cold,2128,2212,1699,foreground,100,1,0,1,night,0
2026-04-02 02:54:17,instagram,com.instagram.android,social,cold,3400,3575,3080,foreground,100,1,0,1,night,0
2026-04-02 02:55:26,whatsapp,com.whatsapp,social,cold,2035,2125,1685,foreground,100,1,0,1,night,0
2026-04-02 03:08:22,youtube,com.google.android.youtube,media,cold,3076,3158,2713,foreground,100,1,0,1,night,0
2026-04-02 03:18:48,spotify,com.spotify.music,media,cold,2082,2207,1837,foreground,100,1,0,1,night,0
2026-04-02 03:40:41,netflix,com.netflix.mediaclient,media,cold,3990,4260,3303,foreground,100,1,0,1,night,0
2026-04-02 04:06:32,gmail,com.google.android.gm,productivity,cold,1535,1672,1401,foreground,100,1,0,1,night,0
2026-04-02 04:46:40,slack,com.Slack,productivity,cold,2976,3140,2321,foreground,100,1,0,1,night,0
2026-04-02 04:49:38,chrome,com.android.chrome,utility,cold,1189,1326,973,foreground,100,1,0,1,night,0
2026-04-02 05:03:19,google_maps,com.google.android.apps.maps,utility,cold,3083,3119,2741,foreground,100,1,0,1,morning,0
2026-04-02 05:06:24,amazon,com.amazon.mShop.android.shopping,commerce,cold,2824,3009,2537,foreground,100,1,0,1,morning,0
2026-04-02 05:23:34,phonepe,com.phonepe.app,financial,cold,1848,1881,1628,foreground,100,1,0,1,morning,0
2026-04-02 05:24:01,paytm,net.one97.paytm,financial,cold,2071,2172,1668,foreground,100,1,0,1,morning,0
2026-04-02 07:00:38,samsung_health,com.sec.android.app.shealth,health,cold,2460,2655,2028,foreground,99.9,0,0,1,morning,0
2026-04-02 07:17:09,instagram,com.instagram.android,social,cold,3247,3383,2795,foreground,99.7,0,1,1,morning,0
2026-04-02 07:41:25,whatsapp,com.whatsapp,social,cold,2391,2588,2090,foreground,99.6,0,0,1,morning,0
2026-04-02 07:50:49,youtube,com.google.android.youtube,media,cold,3738,3852,3123,foreground,99.5,0,1,1,morning,0
2026-04-02 08:09:28,spotify,com.spotify.music,media,cold,2727,2787,2549,foreground,99.4,0,0,1,morning,0
2026-04-02 08:53:00,netflix,com.netflix.mediaclient,media,cold,4146,4281,3708,foreground,99.4,0,0,1,morning,0
2026-04-02 08:55:34,gmail,com.google.android.gm,productivity,cold,1701,1776,1424,foreground,99.3,0,0,1,morning,0
2026-04-02 09:11:18,slack,com.Slack,productivity,cold,3695,3999,3152,foreground,99.2,0,0,1,morning,0
2026-04-02 09:13:00,chrome,com.android.chrome,utility,cold,1249,1308,1040,foreground,99.1,0,0,1,morning,0
2026-04-02 10:19:20,google_maps,com.google.android.apps.maps,utility,cold,2807,3013,2683,foreground,99.0,0,0,1,morning,0
2026-04-02 10:33:59,amazon,com.amazon.mShop.android.shopping,commerce,cold,2381,2488,2226,foreground,98.9,0,0,1,morning,0
2026-04-02 10:55:10,phonepe,com.phonepe.app,financial,cold,2189,2308,1962,foreground,98.7,0,0,1,morning,0
2026-04-02 10:57:12,paytm,net.one97.paytm,financial,cold,2184,2354,2052,foreground,98.6,0,0,1,morning,0
2026-04-02 10:58:07,samsung_health,com.sec.android.app.shealth,health,cold,2784,2978,2378,foreground,98.5,0,0,1,morning,0
2026-04-02 11:21:04,instagram,com.instagram.android,social,cold,2676,2765,2297,foreground,98.4,0,0,1,morning,0
2026-04-02 11:28:59,whatsapp,com.whatsapp,social,cold,2182,2354,1866,foreground,98.3,0,0,1,morning,0
2026-04-02 11:45:32,youtube,com.google.android.youtube,media,cold,3258,3557,3110,foreground,98.3,0,0,1,morning,0
2026-04-02 11:58:49,spotify,com.spotify.music,media,cold,2359,2492,2168,foreground,98.1,0,0,1,morning,0
2026-04-02 11:59:23,netflix,com.netflix.mediaclient,media,cold,5142,5484,4561,foreground,98.0,0,0,1,morning,0
2026-04-02 12:07:08,gmail,com.google.android.gm,productivity,cold,2154,2272,1938,foreground,97.9,0,0,1,afternoon,0
2026-04-02 12:11:15,slack,com.Slack,productivity,cold,3530,3858,3020,foreground,97.8,0,0,1,afternoon,0
2026-04-02 13:20:57,chrome,com.android.chrome,utility,cold,1335,1429,1141,foreground,97.7,0,0,1,afternoon,0
2026-04-02 13:28:06,google_maps,com.google.android.apps.maps,utility,cold,2781,2936,2585,foreground,97.6,0,0,1,afternoon,0
2026-04-02 13:31:50,amazon,com.amazon.mShop.android.shopping,commerce,cold,2455,2619,2289,foreground,97.5,0,0,1,afternoon,0
2026-04-02 15:13:14,phonepe,com.phonepe.app,financial,cold,2247,2403,1826,foreground,97.5,0,0,1,afternoon,0
2026-04-02 16:47:18,paytm,net.one97.paytm,financial,cold,2192,2339,1880,foreground,97.4,0,0,1,afternoon,0
2026-04-02 17:12:52,samsung_health,com.sec.android.app.shealth,health,cold,2317,2451,2247,foreground,97.3,0,0,1,evening,0
2026-04-02 17:25:24,instagram,com.instagram.android,social,cold,2734,2734,2612,foreground,97.2,0,1,1,evening,0
2026-04-02 18:08:02,whatsapp,com.whatsapp,social,cold,2113,2168,1958,foreground,97.1,0,0,1,evening,0
2026-04-02 18:19:23,youtube,com.google.android.youtube,media,cold,3613,3988,3282,foreground,97.0,0,1,1,evening,0
2026-04-02 18:26:23,spotify,com.spotify.music,media,cold,2377,2540,2255,foreground,96.9,0,0,1,evening,0
2026-04-02 18:57:14,netflix,com.netflix.mediaclient,media,cold,4759,5147,4091,foreground,96.8,0,0,1,evening,0
2026-04-02 19:07:43,gmail,com.google.android.gm,productivity,cold,1811,1885,1591,foreground,96.7,0,0,1,evening,0
2026-04-02 19:20:39,slack,com.Slack,productivity,cold,3714,4041,3354,foreground,96.6,0,0,1,evening,0
2026-04-02 19:35:07,chrome,com.android.chrome,utility,cold,1328,1410,1150,foreground,96.5,0,0,1,evening,0
2026-04-02 19:54:07,google_maps,com.google.android.apps.maps,utility,cold,2837,2935,2437,foreground,96.5,0,1,1,evening,0
2026-04-02 21:19:28,amazon,com.amazon.mShop.android.shopping,commerce,cold,2655,2857,2377,foreground,96.4,0,0,1,evening,0
2026-04-02 21:23:54,phonepe,com.phonepe.app,financial,cold,2217,2316,1787,foreground,96.3,0,1,1,evening,0
2026-04-02 21:33:03,paytm,net.one97.paytm,financial,cold,2268,2457,2089,foreground,96.1,0,0,1,evening,0
2026-04-02 21:48:17,samsung_health,com.sec.android.app.shealth,health,cold,2277,2328,2017,foreground,96.1,0,1,1,evening,0
2026-04-02 22:45:21,instagram,com.instagram.android,social,cold,3000,3216,2555,foreground,96.0,0,1,1,night,0
2026-04-02 22:47:37,whatsapp,com.whatsapp,social,cold,2328,2477,1953,foreground,96.0,0,0,1,night,0
2026-04-02 23:31:00,youtube,com.google.android.youtube,media,cold,3353,3422,3006,foreground,96.5,1,0,1,night,0
2026-04-02 23:47:48,spotify,com.spotify.music,media,cold,2750,2913,2348,foreground,97.0,1,0,1,night,0
2026-04-02 23:54:27,netflix,com.netflix.mediaclient,media,cold,4219,4715,3607,foreground,97.6,1,1,1,night,0
2026-04-02 23:55:54,gmail,com.google.android.gm,productivity,cold,1779,1904,1683,foreground,98.3,1,1,1,night,0
2026-04-03 00:12:21,slack,com.Slack,productivity,cold,2634,2634,1947,foreground,98.7,1,0,1,night,0
2026-04-03 00:31:57,chrome,com.android.chrome,utility,cold,996,1072,801,foreground,99.1,1,0,1,night,0
2026-04-03 00:44:36,google_maps,com.google.android.apps.maps,utility,cold,2655,2861,2030,foreground,99.9,1,0,1,night,0
2026-04-03 00:49:57,amazon,com.amazon.mShop.android.shopping,commerce,cold,3116,3273,2692,foreground,100,1,0,1,night,0
2026-04-03 01:35:36,phonepe,com.phonepe.app,financial,cold,2006,2036,1750,foreground,100,1,0,1,night,0
2026-04-03 01:51:28,paytm,net.one97.paytm,financial,cold,2167,2312,1956,foreground,100,1,0,1,night,0
2026-04-03 02:38:55,samsung_health,com.sec.android.app.shealth,health,cold,2646,2766,2566,foreground,100,1,0,1,night,0
2026-04-03 02:45:52,instagram,com.instagram.android,social,cold,2657,2854,2360,foreground,100,1,0,1,night,0
2026-04-03 02:46:05,whatsapp,com.whatsapp,social,cold,1498,1552,1269,foreground,100,1,0,1,night,0
2026-04-03 02:49:19,youtube,com.google.android.youtube,media,cold,3817,4185,3115,foreground,100,1,0,1,night,0
2026-04-03 03:32:13,spotify,com.spotify.music,media,cold,3020,3372,2826,foreground,100,1,0,1,night,0
2026-04-03 03:56:18,netflix,com.netflix.mediaclient,media,cold,4092,4471,3497,foreground,100,1,0,1,night,0
2026-04-03 04:15:27,gmail,com.google.android.gm,productivity,cold,1294,1294,1133,foreground,100,1,0,1,night,0
2026-04-03 04:24:54,slack,com.Slack,productivity,cold,2889,3142,2450,foreground,100,1,0,1,night,0
2026-04-03 04:34:31,chrome,com.android.chrome,utility,cold,919,1083,753,foreground,100,1,0,1,night,0
2026-04-03 05:45:41,google_maps,com.google.android.apps.maps,utility,cold,3113,3450,2716,foreground,100,1,0,1,morning,0
2026-04-03 05:49:00,amazon,com.amazon.mShop.android.shopping,commerce,cold,2685,2795,2413,foreground,100,1,0,1,morning,0
2026-04-03 06:28:06,phonepe,com.phonepe.app,financial,cold,1779,1779,1583,foreground,100,1,0,1,morning,0
2026-04-03 07:03:32,paytm,net.one97.paytm,financial,cold,2277,2348,1977,foreground,99.9,0,0,1,morning,0
2026-04-03 08:31:19,samsung_health,com.sec.android.app.shealth,health,cold,2161,2325,1645,foreground,99.7,0,1,1,morning,0
2026-04-03 09:41:26,instagram,com.instagram.android,social,cold,2755,2846,2495,foreground,99.6,0,0,1,morning,0
2026-04-03 09:52:06,whatsapp,com.whatsapp,social,cold,2107,2220,1843,foreground,99.5,0,1,1,morning,0
2026-04-03 10:39:35,youtube,com.google.android.youtube,media,cold,3405,3679,2796,foreground,99.3,0,0,1,morning,0
2026-04-03 10:46:44,spotify,com.spotify.music,media,cold,2640,2707,2397,foreground,99.3,0,0,1,morning,0
2026-04-03 10:52:06,netflix,com.netflix.mediaclient,media,cold,4836,5175,4234,foreground,99.1,0,0,1,morning,0
2026-04-03 10:54:59,gmail,com.google.android.gm,productivity,cold,1678,1725,1386,foreground,99.1,0,0,1,morning,0
2026-04-03 10:56:13,slack,com.Slack,productivity,cold,2634,2765,2298,foreground,99.0,0,0,1,morning,0
2026-04-03 11:13:58,chrome,com.android.chrome,utility,cold,1257,1373,1158,foreground,98.9,0,0,1,morning,0
2026-04-03 11:25:16,google_maps,com.google.android.apps.maps,utility,cold,2862,2957,2666,foreground,98.8,0,0,1,morning,0
2026-04-03 11:35:40,amazon,com.amazon.mShop.android.shopping,commerce,cold,2494,2737,2290,foreground,98.7,0,0,1,morning,0
2026-04-03 11:44:59,phonepe,com.phonepe.app,financial,cold,1871,2088,1713,foreground,98.5,0,0,1,morning,0
2026-04-03 11:58:50,paytm,net.one97.paytm,financial,cold,2242,2450,1972,foreground,98.4,0,0,1,morning,0
2026-04-03 12:14:59,samsung_health,com.sec.android.app.shealth,health,cold,3083,3215,2745,foreground,98.3,0,0,1,afternoon,0
2026-04-03 13:47:18,instagram,com.instagram.android,social,cold,3488,3771,3183,foreground,98.3,0,0,1,afternoon,0
2026-04-03 14:41:14,whatsapp,com.whatsapp,social,cold,1843,1889,1787,foreground,98.2,0,0,1,afternoon,0
2026-04-03 15:00:48,youtube,com.google.android.youtube,media,cold,3921,3921,3558,foreground,98.1,0,0,1,afternoon,0
2026-04-03 15:06:42,spotify,com.spotify.music,media,cold,3018,3106,2562,foreground,98.0,0,0,1,afternoon,0
2026-04-03 16:07:28,netflix,com.netflix.mediaclient,media,cold,3385,3705,2938,foreground,97.9,0,0,1,afternoon,0
2026-04-03 16:11:36,gmail,com.google.android.gm,productivity,cold,1607,1700,1443,foreground,97.8,0,0,1,afternoon,0
2026-04-03 16:15:04,slack,com.Slack,productivity,cold,3042,3066,2490,foreground,97.7,0,0,1,afternoon,0
2026-04-03 16:28:20,chrome,com.android.chrome,utility,cold,1296,1299,1124,foreground,97.5,0,0,1,afternoon,0
2026-04-03 16:44:45,google_maps,com.google.android.apps.maps,utility,cold,2863,3211,2587,foreground,97.5,0,0,1,afternoon,0
2026-04-03 16:52:32,amazon,com.amazon.mShop.android.shopping,commerce,cold,2597,2696,2137,foreground,97.4,0,0,1,afternoon,0
2026-04-03 16:55:54,phonepe,com.phonepe.app,financial,cold,1639,1706,1542,foreground,97.4,0,0,1,afternoon,0
2026-04-03 17:05:53,paytm,net.one97.paytm,financial,cold,2079,2285,1794,foreground,97.2,0,0,1,evening,0
2026-04-03 17:13:48,samsung_health,com.sec.android.app.shealth,health,cold,2133,2228,1705,foreground,97.1,0,0,1,evening,0
2026-04-03 18:28:42,instagram,com.instagram.android,social,cold,2767,2861,2390,foreground,97.0,0,1,1,evening,0
2026-04-03 18:54:54,whatsapp,com.whatsapp,social,cold,2328,2445,1871,foreground,96.8,0,0,1,evening,0
2026-04-03 18:57:06,youtube,com.google.android.youtube,media,cold,3588,3949,3301,foreground,96.7,0,1,1,evening,0
2026-04-03 19:31:43,spotify,com.spotify.music,media,cold,2996,3025,2670,foreground,96.6,0,0,1,evening,0
2026-04-03 19:36:04,netflix,com.netflix.mediaclient,media,cold,4940,5504,4179,foreground,96.6,0,1,1,evening,0
2026-04-03 19:39:16,gmail,com.google.android.gm,productivity,cold,1652,1747,1469,foreground,96.5,0,0,1,evening,0
2026-04-03 20:13:45,slack,com.Slack,productivity,cold,3649,3935,3199,foreground,96.3,0,0,1,evening,0
2026-04-03 20:48:53,chrome,com.android.chrome,utility,cold,1333,1419,1085,foreground,96.2,0,1,1,evening,0
2026-04-03 20:54:45,google_maps,com.google.android.apps.maps,utility,cold,2650,2829,2156,foreground,96.1,0,0,1,evening,0
2026-04-03 22:04:35,amazon,com.amazon.mShop.android.shopping,commerce,cold,2750,3002,2543,foreground,96.0,0,1,1,night,0
2026-04-03 22:33:44,phonepe,com.phonepe.app,financial,cold,1803,2014,1576,foreground,95.9,0,1,1,night,0
2026-04-03 22:44:27,paytm,net.one97.paytm,financial,cold,2019,2189,1735,foreground,95.7,0,1,1,night,0
2026-04-03 23:55:55,samsung_health,com.sec.android.app.shealth,health,cold,2364,2468,1891,foreground,96.1,1,0,1,night,0
2026-04-04 00:08:50,instagram,com.instagram.android,social,cold,3165,3307,2716,foreground,96.7,1,0,1,night,1
2026-04-04 00:11:30,whatsapp,com.whatsapp,social,cold,2477,2545,2065,foreground,97.5,1,0,1,night,1
2026-04-04 00:36:33,youtube,com.google.android.youtube,media,cold,2613,2765,2534,foreground,98.2,1,0,1,night,1
2026-04-04 00:48:49,spotify,com.spotify.music,media,cold,2466,2546,2209,foreground,98.8,1,0,1,night,1
2026-04-04 01:19:20,netflix,com.netflix.mediaclient,media,cold,4509,4602,3797,foreground,99.2,1,0,1,night,1
2026-04-04 01:42:39,gmail,com.google.android.gm,productivity,cold,1706,1845,1554,foreground,100,1,0,1,night,1
2026-04-04 01:43:40,slack,com.Slack,productivity,cold,2846,3105,2602,foreground,100,1,0,1,night,1
2026-04-04 02:19:03,chrome,com.android.chrome,utility,cold,985,1077,789,foreground,100,1,0,1,night,1
2026-04-04 02:29:33,google_maps,com.google.android.apps.maps,utility,cold,3296,3520,2696,foreground,100,1,0,1,night,1
2026-04-04 02:36:53,amazon,com.amazon.mShop.android.shopping,commerce,cold,2639,2700,2326,foreground,100,1,0,1,night,1
2026-04-04 03:07:58,phonepe,com.phonepe.app,financial,cold,2268,2441,1901,foreground,100,1,0,1,night,1
2026-04-04 04:38:24,paytm,net.one97.paytm,financial,cold,1897,2088,1783,foreground,100,1,0,1,night,1
2026-04-04 04:41:39,samsung_health,com.sec.android.app.shealth,health,cold,2269,2496,1935,foreground,100,1,0,1,night,1
2026-04-04 06:14:41,instagram,com.instagram.android,social,cold,3312,3575,2899,foreground,100,1,0,1,morning,1
2026-04-04 06:44:37,whatsapp,com.whatsapp,social,cold,2449,2720,2248,foreground,100,1,0,1,morning,1
2026-04-04 06:54:03,youtube,com.google.android.youtube,media,cold,3280,3438,2866,foreground,100,1,0,1,morning,1
2026-04-04 06:54:29,spotify,com.spotify.music,media,cold,2738,2873,2418,foreground,100,1,0,1,morning,1
2026-04-04 06:57:20,netflix,com.netflix.mediaclient,media,cold,3909,4190,3634,foreground,100,1,0,1,morning,1
2026-04-04 06:59:08,gmail,com.google.android.gm,productivity,cold,1772,1890,1535,foreground,100,1,0,1,morning,1
2026-04-04 07:03:58,slack,com.Slack,productivity,cold,3078,3196,2608,foreground,99.9,0,0,1,morning,1
2026-04-04 07:27:09,chrome,com.android.chrome,utility,cold,1264,1361,1226,foreground,99.8,0,0,1,morning,1
2026-04-04 07:29:08,google_maps,com.google.android.apps.maps,utility,cold,3597,3841,3403,foreground,99.7,0,1,1,morning,1
2026-04-04 07:34:01,amazon,com.amazon.mShop.android.shopping,commerce,cold,2694,2764,2392,foreground,99.6,0,0,1,morning,1
2026-04-04 07:47:12,phonepe,com.phonepe.app,financial,cold,1669,1763,1341,foreground,99.5,0,0,1,morning,1
2026-04-04 08:05:47,paytm,net.one97.paytm,financial,cold,2737,2959,2403,foreground,99.4,0,0,1,morning,1
2026-04-04 08:13:13,samsung_health,com.sec.android.app.shealth,health,cold,2386,2534,2037,foreground,99.3,0,0,1,morning,1
2026-04-04 08:16:00,instagram,com.instagram.android,social,cold,2991,3136,2470,foreground,99.2,0,0,1,morning,1
2026-04-04 09:06:48,whatsapp,com.whatsapp,social,cold,2252,2494,2044,foreground,99.1,0,0,1,morning,1
2026-04-04 09:12:59,youtube,com.google.android.youtube,media,cold,3611,3854,3425,foreground,99.1,0,0,1,morning,1
2026-04-04 09:21:35,spotify,com.spotify.music,media,cold,2980,3137,2825,foreground,98.9,0,0,1,morning,1
2026-04-04 10:37:30,netflix,com.netflix.mediaclient,media,cold,3968,4281,3190,foreground,98.8,0,0,1,morning,1
2026-04-04 11:22:13,gmail,com.google.android.gm,productivity,cold,1807,1848,1682,foreground,98.7,0,0,1,morning,1
2026-04-04 11:54:55,slack,com.Slack,productivity,cold,3217,3483,2980,foreground,98.6,0,0,1,morning,1
2026-04-04 12:22:08,chrome,com.android.chrome,utility,cold,1418,1515,1240,foreground,98.5,0,0,1,afternoon,1
2026-04-04 13:26:57,google_maps,com.google.android.apps.maps,utility,cold,2489,2670,2414,foreground,98.4,0,0,1,afternoon,1
2026-04-04 13:49:38,amazon,com.amazon.mShop.android.shopping,commerce,cold,2457,2634,2221,foreground,98.3,0,0,1,afternoon,1
2026-04-04 14:05:53,phonepe,com.phonepe.app,financial,cold,1228,1392,1133,foreground,98.2,0,0,1,afternoon,1
2026-04-04 14:09:50,paytm,net.one97.paytm,financial,cold,1996,2083,1781,foreground,98.1,0,0,1,afternoon,1
2026-04-04 14:16:12,samsung_health,com.sec.android.app.shealth,health,cold,2126,2267,1816,foreground,98.1,0,0,1,afternoon,1
2026-04-04 14:31:15,instagram,com.instagram.android,social,cold,3380,3501,3175,foreground,98.0,0,0,1,afternoon,1
2026-04-04 15:16:31,whatsapp,com.whatsapp,social,cold,2397,2533,2094,foreground,97.9,0,0,1,afternoon,1
2026-04-04 15:22:16,youtube,com.google.android.youtube,media,cold,2988,3120,2678,foreground,97.7,0,0,1,afternoon,1
2026-04-04 15:35:42,spotify,com.spotify.music,media,cold,2842,3004,2661,foreground,97.7,0,0,1,afternoon,1
2026-04-04 16:14:40,netflix,com.netflix.mediaclient,media,cold,4144,4262,3694,foreground,97.5,0,0,1,afternoon,1
2026-04-04 16:50:46,gmail,com.google.android.gm,productivity,cold,1958,2119,1653,foreground,97.5,0,0,1,afternoon,1
2026-04-04 16:53:07,slack,com.Slack,productivity,cold,3402,3530,3132,foreground,97.4,0,0,1,afternoon,1
2026-04-04 17:05:46,chrome,com.android.chrome,utility,cold,1236,1346,1139,foreground,97.3,0,1,1,evening,1
2026-04-04 18:01:05,google_maps,com.google.android.apps.maps,utility,cold,2758,2965,2492,foreground,97.2,0,0,1,evening,1
2026-04-04 18:27:05,amazon,com.amazon.mShop.android.shopping,commerce,cold,2461,2579,2009,foreground,97.1,0,0,1,evening,1
2026-04-04 19:21:34,phonepe,com.phonepe.app,financial,cold,1983,2113,1649,foreground,97.0,0,0,1,evening,1
2026-04-04 19:25:17,paytm,net.one97.paytm,financial,cold,2275,2384,2158,foreground,96.9,0,1,1,evening,1
2026-04-04 19:45:38,samsung_health,com.sec.android.app.shealth,health,cold,2138,2250,1846,foreground,96.7,0,1,1,evening,1
2026-04-04 19:51:09,instagram,com.instagram.android,social,cold,3150,3380,2922,foreground,96.6,0,0,1,evening,1
2026-04-04 19:58:53,whatsapp,com.whatsapp,social,cold,1593,1695,1450,foreground,96.4,0,0,1,evening,1
2026-04-04 20:08:58,youtube,com.google.android.youtube,media,cold,3528,3754,3117,foreground,96.3,0,1,1,evening,1
2026-04-04 20:14:49,spotify,com.spotify.music,media,cold,3464,3624,3208,foreground,96.2,0,0,1,evening,1
2026-04-04 21:04:26,netflix,com.netflix.mediaclient,media,cold,4152,4403,3684,foreground,96.1,0,0,1,evening,1
2026-04-04 21:12:12,gmail,com.google.android.gm,productivity,cold,1647,1837,1510,foreground,96.0,0,1,1,evening,1
2026-04-04 21:19:32,slack,com.Slack,productivity,cold,3803,4202,3520,foreground,95.9,0,1,1,evening,1
2026-04-04 21:49:42,chrome,com.android.chrome,utility,cold,943,970,704,foreground,95.7,0,0,1,evening,1
2026-04-04 22:02:59,google_maps,com.google.android.apps.maps,utility,cold,2430,2601,1997,foreground,95.6,0,0,1,night,1
2026-04-04 22:15:34,amazon,com.amazon.mShop.android.shopping,commerce,cold,2851,3028,2495,foreground,95.6,0,0,1,night,1
2026-04-04 22:29:00,phonepe,com.phonepe.app,financial,cold,2160,2260,1746,foreground,95.5,0,0,1,night,1
2026-04-04 22:43:12,paytm,net.one97.paytm,financial,cold,2285,2436,1963,foreground,95.4,0,0,1,night,1
2026-04-04 22:43:30,samsung_health,com.sec.android.app.shealth,health,cold,2371,2495,2128,foreground,95.3,0,0,1,night,1
2026-04-04 22:51:56,instagram,com.instagram.android,social,cold,2365,2566,1994,foreground,95.3,0,0,1,night,1
2026-04-04 22:59:36,whatsapp,com.whatsapp,social,cold,1490,1580,1118,foreground,95.2,0,1,1,night,1
2026-04-04 23:46:03,youtube,com.google.android.youtube,media,cold,3350,3418,2867,foreground,95.6,1,0,1,night,1
2026-04-05 00:07:35,spotify,com.spotify.music,media,cold,2394,2434,2200,foreground,96.2,1,0,1,night,1
2026-04-05 01:03:00,netflix,com.netflix.mediaclient,media,cold,3240,3240,2973,foreground,96.9,1,0,1,night,1
2026-04-05 01:05:27,gmail,com.google.android.gm,productivity,cold,1738,1797,1507,foreground,97.7,1,0,1,night,1
2026-04-05 01:11:50,slack,com.Slack,productivity,cold,2543,2651,2310,foreground,98.3,1,0,1,night,1
2026-04-05 01:15:25,chrome,com.android.chrome,utility,cold,936,991,864,foreground,99.1,1,0,1,night,1
2026-04-05 01:32:44,google_maps,com.google.android.apps.maps,utility,cold,3245,3474,2827,foreground,99.6,1,0,1,night,1
2026-04-05 02:19:49,amazon,com.amazon.mShop.android.shopping,commerce,cold,3277,3600,2860,foreground,100,1,0,1,night,1
2026-04-05 02:33:29,phonepe,com.phonepe.app,financial,cold,1781,1884,1727,foreground,100,1,0,1,night,1
2026-04-05 02:35:52,paytm,net.one97.paytm,financial,cold,2250,2433,2091,foreground,100,1,0,1,night,1
2026-04-05 03:22:23,samsung_health,com.sec.android.app.shealth,health,cold,2478,2595,2273,foreground,100,1,0,1,night,1
2026-04-05 04:06:12,instagram,com.instagram.android,social,cold,3224,3449,2521,foreground,100,1,0,1,night,1
2026-04-05 04:40:35,whatsapp,com.whatsapp,social,cold,1768,1820,1600,foreground,100,1,0,1,night,1
2026-04-05 05:07:18,youtube,com.google.android.youtube,media,cold,3049,3292,2837,foreground,100,1,0,1,morning,1
2026-04-05 05:21:22,spotify,com.spotify.music,media,cold,2710,2794,2294,foreground,100,1,0,1,morning,1
2026-04-05 05:22:16,netflix,com.netflix.mediaclient,media,cold,3211,3287,3059,foreground,100,1,0,1,morning,1
2026-04-05 05:33:42,gmail,com.google.android.gm,productivity,cold,1214,1330,1085,foreground,100,1,0,1,morning,1
2026-04-05 05:43:33,slack,com.Slack,productivity,cold,3559,3708,3142,foreground,100,1,0,1,morning,1
2026-04-05 05:48:28,chrome,com.android.chrome,utility,cold,667,733,485,foreground,100,1,0,1,morning,1
2026-04-05 06:02:00,google_maps,com.google.android.apps.maps,utility,cold,2935,3111,2348,foreground,100,1,0,1,morning,1
2026-04-05 06:20:57,amazon,com.amazon.mShop.android.shopping,commerce,cold,3054,3184,2654,foreground,100,1,0,1,morning,1
2026-04-05 06:28:40,phonepe,com.phonepe.app,financial,cold,2285,2348,1980,foreground,100,1,0,1,morning,1
2026-04-05 06:31:55,paytm,net.one97.paytm,financial,cold,2036,2104,1760,foreground,100,1,0,1,morning,1
2026-04-05 06:54:55,samsung_health,com.sec.android.app.shealth,health,cold,2496,2619,2204,foreground,100,1,0,1,morning,1
2026-04-05 07:54:45,instagram,com.instagram.android,social,cold,3260,3465,2467,foreground,99.9,0,0,1,morning,1
2026-04-05 09:15:18,whatsapp,com.whatsapp,social,cold,2121,2296,1796,foreground,99.9,0,0,1,morning,1
2026-04-05 09:24:39,youtube,com.google.android.youtube,media,cold,3609,3883,2920,foreground,99.8,0,1,1,morning,1
2026-04-05 09:44:47,spotify,com.spotify.music,media,cold,2428,2716,2332,foreground,99.6,0,0,1,morning,1
2026-04-05 09:56:21,netflix,com.netflix.mediaclient,media,cold,4272,4359,3852,foreground,99.5,0,0,1,morning,1
2026-04-05 10:12:34,gmail,com.google.android.gm,productivity,cold,1925,2084,1867,foreground,99.4,0,0,1,morning,1
2026-04-05 10:13:03,slack,com.Slack,productivity,cold,3741,3911,3238,foreground,99.3,0,0,1,morning,1
2026-04-05 10:53:07,chrome,com.android.chrome,utility,cold,1620,1668,1543,foreground,99.2,0,0,1,morning,1
2026-04-05 12:06:43,google_maps,com.google.android.apps.maps,utility,cold,3291,3520,2904,foreground,99.1,0,0,1,afternoon,1
2026-04-05 12:32:43,amazon,com.amazon.mShop.android.shopping,commerce,cold,2904,3154,2499,foreground,99.1,0,0,1,afternoon,1
2026-04-05 12:47:36,phonepe,com.phonepe.app,financial,cold,1897,2091,1778,foreground,99.0,0,0,1,afternoon,1
2026-04-05 12:55:46,paytm,net.one97.paytm,financial,cold,2030,2190,1884,foreground,98.9,0,0,1,afternoon,1
2026-04-05 12:57:46,samsung_health,com.sec.android.app.shealth,health,cold,2593,2819,2256,foreground,98.8,0,0,1,afternoon,1
2026-04-05 13:36:59,instagram,com.instagram.android,social,cold,3140,3346,2861,foreground,98.6,0,0,1,afternoon,1
2026-04-05 14:02:07,whatsapp,com.whatsapp,social,cold,2370,2450,2005,foreground,98.5,0,0,1,afternoon,1
2026-04-05 14:19:33,youtube,com.google.android.youtube,media,cold,3988,4266,3586,foreground,98.4,0,0,1,afternoon,1
2026-04-05 14:32:53,spotify,com.spotify.music,media,cold,2555,2722,2191,foreground,98.4,0,0,1,afternoon,1
2026-04-05 15:08:09,netflix,com.netflix.mediaclient,media,cold,4049,4393,3480,foreground,98.3,0,0,1,afternoon,1
2026-04-05 15:19:37,gmail,com.google.android.gm,productivity,cold,1919,2092,1700,foreground,98.2,0,0,1,afternoon,1
2026-04-05 16:07:15,slack,com.Slack,productivity,cold,3594,3594,3225,foreground,98.2,0,0,1,afternoon,1
2026-04-05 16:28:22,chrome,com.android.chrome,utility,cold,1281,1371,1173,foreground,98.0,0,0,1,afternoon,1
2026-04-05 16:30:55,google_maps,com.google.android.apps.maps,utility,cold,2297,2602,1912,foreground,97.9,0,0,1,afternoon,1
2026-04-05 16:31:38,amazon,com.amazon.mShop.android.shopping,commerce,cold,2647,2770,2480,foreground,97.9,0,0,1,afternoon,1
2026-04-05 16:47:56,phonepe,com.phonepe.app,financial,cold,2179,2315,2086,foreground,97.8,0,0,1,afternoon,1
2026-04-05 16:59:30,paytm,net.one97.paytm,financial,cold,2359,2466,2182,foreground,97.7,0,0,1,afternoon,1
2026-04-05 17:10:47,samsung_health,com.sec.android.app.shealth,health,cold,2739,2882,2468,foreground,97.6,0,0,1,evening,1
2026-04-05 17:14:55,instagram,com.instagram.android,social,cold,3334,3720,3233,foreground,97.5,0,0,1,evening,1
2026-04-05 18:07:28,whatsapp,com.whatsapp,social,cold,2506,2640,2216,foreground,97.4,0,0,1,evening,1
2026-04-05 18:46:40,youtube,com.google.android.youtube,media,cold,3391,3576,2864,foreground,97.3,0,0,1,evening,1
2026-04-05 19:17:15,spotify,com.spotify.music,media,cold,2648,2868,2273,foreground,97.2,0,0,1,evening,1
2026-04-05 19:33:05,netflix,com.netflix.mediaclient,media,cold,3006,3377,2365,foreground,97.1,0,1,1,evening,1
2026-04-05 19:48:30,gmail,com.google.android.gm,productivity,cold,1363,1478,1090,foreground,97.0,0,1,1,evening,1
2026-04-05 20:49:53,slack,com.Slack,productivity,cold,3387,3640,3046,foreground,96.9,0,0,1,evening,1
2026-04-05 21:23:35,chrome,com.android.chrome,utility,cold,1369,1448,1177,foreground,96.8,0,0,1,evening,1
2026-04-05 21:25:11,google_maps,com.google.android.apps.maps,utility,cold,2899,3087,2385,foreground,96.7,0,0,1,evening,1
2026-04-05 21:46:58,amazon,com.amazon.mShop.android.shopping,commerce,cold,3259,3487,2858,foreground,96.6,0,1,1,evening,1
2026-04-05 22:19:36,phonepe,com.phonepe.app,financial,cold,2394,2549,2040,foreground,96.5,0,0,1,night,1
2026-04-05 22:49:58,paytm,net.one97.paytm,financial,cold,2043,2158,1852,foreground,96.4,0,1,1,night,1
2026-04-05 23:40:44,samsung_health,com.sec.android.app.shealth,health,cold,2394,2536,2107,foreground,96.8,1,0,1,night,1
2026-04-06 00:16:39,instagram,com.instagram.android,social,cold,2631,2776,2370,foreground,97.3,1,0,1,night,0
2026-04-06 00:27:32,whatsapp,com.whatsapp,social,cold,1951,2190,1892,foreground,97.8,1,0,1,night,0
2026-04-06 00:47:49,youtube,com.google.android.youtube,media,cold,3732,3764,3439,foreground,98.2,1,0,1,night,0
2026-04-06 01:05:20,spotify,com.spotify.music,media,cold,2433,2625,2148,foreground,98.6,1,0,1,night,0
2026-04-06 02:24:37,netflix,com.netflix.mediaclient,media,cold,3629,3981,3251,foreground,99.2,1,0,1,night,0
2026-04-06 02:30:36,gmail,com.google.android.gm,productivity,cold,1540,1620,1422,foreground,100.0,1,0,1,night,0
2026-04-06 02:42:31,slack,com.Slack,productivity,cold,3141,3369,2792,foreground,100,1,0,1,night,0
2026-04-06 02:50:49,chrome,com.android.chrome,utility,cold,1156,1261,1002,foreground,100,1,0,1,night,0
2026-04-06 04:22:18,google_maps,com.google.android.apps.maps,utility,cold,3200,3224,2709,foreground,100,1,0,1,night,0
2026-04-06 04:47:16,amazon,com.amazon.mShop.android.shopping,commerce,cold,2682,2761,2269,foreground,100,1,0,1,night,0
2026-04-06 05:44:47,phonepe,com.phonepe.app,financial,cold,1963,1988,1867,foreground,100,1,0,1,morning,0
2026-04-06 05:48:45,paytm,net.one97.paytm,financial,cold,1999,2108,1827,foreground,100,1,0,1,morning,0
2026-04-06 06:26:47,samsung_health,com.sec.android.app.shealth,health,cold,2756,2968,2333,foreground,100,1,0,1,morning,0
2026-04-06 06:31:46,instagram,com.instagram.android,social,cold,3630,3938,3206,foreground,100,1,0,1,morning,0
2026-04-06 06:39:51,whatsapp,com.whatsapp,social,cold,2051,2168,1765,foreground,100,1,0,1,morning,0
2026-04-06 06:44:04,youtube,com.google.android.youtube,media,cold,2813,2815,2333,foreground,100,1,0,1,morning,0
2026-04-06 06:44:41,spotify,com.spotify.music,media,cold,2288,2396,2042,foreground,100,1,0,1,morning,0
2026-04-06 07:11:27,netflix,com.netflix.mediaclient,media,cold,3429,3580,3326,foreground,99.9,0,0,1,morning,0
2026-04-06 07:16:07,gmail,com.google.android.gm,productivity,cold,1894,1894,1651,foreground,99.8,0,0,1,morning,0
2026-04-06 07:24:39,slack,com.Slack,productivity,cold,3802,3936,3331,foreground,99.8,0,0,1,morning,0
2026-04-06 08:51:15,chrome,com.android.chrome,utility,cold,1288,1373,1170,foreground,99.6,0,1,1,morning,0
2026-04-06 08:52:43,google_maps,com.google.android.apps.maps,utility,cold,3218,3461,2710,foreground,99.6,0,1,1,morning,0
2026-04-06 09:01:32,amazon,com.amazon.mShop.android.shopping,commerce,cold,3204,3316,2758,foreground,99.5,0,0,1,morning,0
2026-04-06 09:05:38,phonepe,com.phonepe.app,financial,cold,2245,2380,1957,foreground,99.4,0,0,1,morning,0
2026-04-06 09:56:54,paytm,net.one97.paytm,financial,cold,1777,1897,1723,foreground,99.4,0,0,1,morning,0
2026-04-06 10:31:49,samsung_health,com.sec.android.app.shealth,health,cold,1892,1892,1579,foreground,99.2,0,0,1,morning,0
2026-04-06 10:47:37,instagram,com.instagram.android,social,cold,3132,3313,2628,foreground,99.2,0,0,1,morning,0
2026-04-06 11:27:40,whatsapp,com.whatsapp,social,cold,2619,2660,2438,foreground,99.1,0,0,1,morning,0
2026-04-06 11:55:48,youtube,com.google.android.youtube,media,cold,3423,3463,3039,foreground,99.0,0,0,1,morning,0
2026-04-06 12:10:55,spotify,com.spotify.music,media,cold,2641,2802,2335,foreground,98.9,0,0,1,afternoon,0
2026-04-06 12:21:16,netflix,com.netflix.mediaclient,media,cold,4085,4341,3578,foreground,98.8,0,0,1,afternoon,0
2026-04-06 12:24:22,gmail,com.google.android.gm,productivity,cold,1921,2035,1707,foreground,98.7,0,0,1,afternoon,0
2026-04-06 12:28:36,slack,com.Slack,productivity,cold,4220,4526,3544,foreground,98.6,0,0,1,afternoon,0
2026-04-06 12:36:15,chrome,com.android.chrome,utility,cold,1330,1452,1138,foreground,98.5,0,0,1,afternoon,0
2026-04-06 12:57:58,google_maps,com.google.android.apps.maps,utility,cold,2943,3164,2636,foreground,98.4,0,0,1,afternoon,0
2026-04-06 13:51:49,amazon,com.amazon.mShop.android.shopping,commerce,cold,2898,2982,2405,foreground,98.4,0,0,1,afternoon,0
2026-04-06 13:56:37,phonepe,com.phonepe.app,financial,cold,2050,2134,1654,foreground,98.3,0,0,1,afternoon,0
2026-04-06 14:02:47,paytm,net.one97.paytm,financial,cold,2513,2626,2336,foreground,98.3,0,0,1,afternoon,0
2026-04-06 14:06:42,samsung_health,com.sec.android.app.shealth,health,cold,2707,2781,2531,foreground,98.2,0,0,1,afternoon,0
2026-04-06 14:07:33,instagram,com.instagram.android,social,cold,3498,3544,3158,foreground,98.1,0,0,1,afternoon,0
2026-04-06 14:30:07,whatsapp,com.whatsapp,social,cold,1943,2026,1672,foreground,98.1,0,0,1,afternoon,0
2026-04-06 15:08:50,youtube,com.google.android.youtube,media,cold,2668,2874,2356,foreground,98.0,0,0,1,afternoon,0
2026-04-06 16:02:00,spotify,com.spotify.music,media,cold,2594,2785,2255,foreground,97.8,0,0,1,afternoon,0
2026-04-06 16:12:31,netflix,com.netflix.mediaclient,media,cold,4693,4908,4034,foreground,97.8,0,0,1,afternoon,0
2026-04-06 17:22:25,gmail,com.google.android.gm,productivity,cold,1509,1597,1378,foreground,97.7,0,0,1,evening,0
2026-04-06 17:44:14,slack,com.Slack,productivity,cold,3151,3478,2714,foreground,97.6,0,0,1,evening,0
2026-04-06 18:07:29,chrome,com.android.chrome,utility,cold,1299,1352,1114,foreground,97.5,0,1,1,evening,0
2026-04-06 18:22:21,google_maps,com.google.android.apps.maps,utility,cold,3428,3782,3052,foreground,97.5,0,0,1,evening,0
2026-04-06 18:52:50,amazon,com.amazon.mShop.android.shopping,commerce,cold,3367,3542,2902,foreground,97.4,0,0,1,evening,0
2026-04-06 19:17:42,phonepe,com.phonepe.app,financial,cold,2144,2256,1854,foreground,97.3,0,1,1,evening,0
2026-04-06 19:49:47,paytm,net.one97.paytm,financial,cold,2613,2823,2503,foreground,97.2,0,1,1,evening,0
2026-04-06 20:07:31,samsung_health,com.sec.android.app.shealth,health,cold,2221,2350,1811,foreground,97.1,0,1,1,evening,0
2026-04-06 20:09:24,instagram,com.instagram.android,social,cold,2454,2629,2111,foreground,97.0,0,0,1,evening,0
2026-04-06 20:12:21,whatsapp,com.whatsapp,social,cold,2166,2399,1903,foreground,96.9,0,1,1,evening,0
2026-04-06 20:35:00,youtube,com.google.android.youtube,media,cold,2743,2920,2452,foreground,96.8,0,0,1,evening,0
2026-04-06 20:36:02,spotify,com.spotify.music,media,cold,2453,2556,2316,foreground,96.7,0,1,1,evening,0
2026-04-06 20:51:23,netflix,com.netflix.mediaclient,media,cold,3846,4405,3266,foreground,96.6,0,0,1,evening,0
2026-04-06 21:05:38,gmail,com.google.android.gm,productivity,cold,1894,2023,1547,foreground,96.5,0,1,1,evening,0
2026-04-06 21:17:46,slack,com.Slack,productivity,cold,3252,3408,2587,foreground,96.5,0,0,1,evening,0
2026-04-06 21:21:01,chrome,com.android.chrome,utility,cold,1229,1299,1104,foreground,96.4,0,1,1,evening,0
2026-04-06 21:22:12,google_maps,com.google.android.apps.maps,utility,cold,3059,3289,2741,foreground,96.3,0,0,1,evening,0
2026-04-06 21:55:04,amazon,com.amazon.mShop.android.shopping,commerce,cold,2884,3101,2577,foreground,96.2,0,0,1,evening,0
2026-04-06 22:37:29,phonepe,com.phonepe.app,financial,cold,1885,2005,1700,foreground,96.1,0,1,1,night,0
2026-04-06 23:18:51,paytm,net.one97.paytm,financial,cold,2970,3006,2600,foreground,96.6,1,0,1,night,0
2026-04-06 23:22:18,samsung_health,com.sec.android.app.shealth,health,cold,2836,2986,2452,foreground,97.1,1,0,1,night,0
2026-04-06 23:54:00,instagram,com.instagram.android,social,cold,3512,3768,3158,foreground,97.9,1,0,1,night,0
2026-04-07 00:08:56,whatsapp,com.whatsapp,social,cold,2198,2330,1840,foreground,98.3,1,0,1,night,0
2026-04-07 00:28:46,youtube,com.google.android.youtube,media,cold,3722,3941,3370,foreground,98.9,1,0,1,night,0
2026-04-07 00:30:35,spotify,com.spotify.music,media,cold,2667,2824,2415,foreground,99.6,1,0,1,night,0
2026-04-07 00:36:32,netflix,com.netflix.mediaclient,media,cold,3661,3989,2910,foreground,100,1,0,1,night,0
2026-04-07 00:44:20,gmail,com.google.android.gm,productivity,cold,1721,1830,1508,foreground,100,1,0,1,night,0
2026-04-07 01:02:52,slack,com.Slack,productivity,cold,2705,2840,2516,foreground,100,1,0,1,night,0
2026-04-07 01:49:18,chrome,com.android.chrome,utility,cold,1259,1305,1056,foreground,100,1,0,1,night,0
2026-04-07 01:56:28,google_maps,com.google.android.apps.maps,utility,cold,3203,3424,2769,foreground,100,1,0,1,night,0
2026-04-07 02:08:34,amazon,com.amazon.mShop.android.shopping,commerce,cold,3085,3156,2641,foreground,100,1,0,1,night,0
2026-04-07 02:18:32,phonepe,com.phonepe.app,financial,cold,1572,1800,1390,foreground,100,1,0,1,night,0
2026-04-07 02:27:18,paytm,net.one97.paytm,financial,cold,2684,2848,2351,foreground,100,1,0,1,night,0
2026-04-07 02:51:11,samsung_health,com.sec.android.app.shealth,health,cold,1910,1964,1616,foreground,100,1,0,1,night,0
2026-04-07 03:25:56,instagram,com.instagram.android,social,cold,3415,3528,3146,foreground,100,1,0,1,night,0
2026-04-07 03:39:36,whatsapp,com.whatsapp,social,cold,2544,2583,2359,foreground,100,1,0,1,night,0
2026-04-07 03:55:33,youtube,com.google.android.youtube,media,cold,4036,4272,3855,foreground,100,1,0,1,night,0
2026-04-07 04:21:31,spotify,com.spotify.music,media,cold,2284,2467,2215,foreground,100,1,0,1,night,0
2026-04-07 04:35:17,netflix,com.netflix.mediaclient,media,cold,3679,3942,3285,foreground,100,1,0,1,night,0
2026-04-07 05:33:49,gmail,com.google.android.gm,productivity,cold,1374,1505,1227,foreground,100,1,0,1,morning,0
2026-04-07 05:48:30,slack,com.Slack,productivity,cold,3537,3925,3196,foreground,100,1,0,1,morning,0
2026-04-07 06:50:19,chrome,com.android.chrome,utility,cold,1252,1334,1126,foreground,100,1,0,1,morning,0
2026-04-07 07:00:16,google_maps,com.google.android.apps.maps,utility,cold,3074,3129,2852,foreground,99.9,0,0,1,morning,0
2026-04-07 07:24:29,amazon,com.amazon.mShop.android.shopping,commerce,cold,3143,3202,2577,foreground,99.8,0,0,1,morning,0
2026-04-07 07:27:39,phonepe,com.phonepe.app,financial,cold,1928,2098,1614,foreground,99.6,0,1,1,morning,0
2026-04-07 08:14:05,paytm,net.one97.paytm,financial,cold,1999,2047,1821,foreground,99.5,0,0,1,morning,0
2026-04-07 08:30:08,samsung_health,com.sec.android.app.shealth,health,cold,2769,2953,2317,foreground,99.4,0,0,1,morning,0
2026-04-07 08:39:49,instagram,com.instagram.android,social,cold,3447,3607,3007,foreground,99.3,0,0,1,morning,0
2026-04-07 09:04:52,whatsapp,com.whatsapp,social,cold,1849,1944,1562,foreground,99.2,0,1,1,morning,0
2026-04-07 09:14:39,youtube,com.google.android.youtube,media,cold,2964,2974,2735,foreground,99.1,0,0,1,morning,0
2026-04-07 09:35:01,spotify,com.spotify.music,media,cold,2731,2925,2180,foreground,99.1,0,0,1,morning,0
2026-04-07 09:40:15,netflix,com.netflix.mediaclient,media,cold,5075,5508,4245,foreground,99.0,0,0,1,morning,0
2026-04-07 09:54:30,gmail,com.google.android.gm,productivity,cold,1687,1784,1559,foreground,98.9,0,0,1,morning,0
2026-04-07 10:32:56,slack,com.Slack,productivity,cold,2994,3125,2591,foreground,98.8,0,0,1,morning,0
2026-04-07 10:40:41,chrome,com.android.chrome,utility,cold,1431,1524,1259,foreground,98.7,0,0,1,morning,0
2026-04-07 11:14:30,google_maps,com.google.android.apps.maps,utility,cold,2736,2853,2183,foreground,98.5,0,0,1,morning,0
2026-04-07 11:39:09,amazon,com.amazon.mShop.android.shopping,commerce,cold,2316,2459,2246,foreground,98.4,0,0,1,morning,0
2026-04-07 12:20:48,phonepe,com.phonepe.app,financial,cold,2000,2043,1925,foreground,98.3,0,0,1,afternoon,0
2026-04-07 12:24:08,paytm,net.one97.paytm,financial,cold,1624,1686,1412,foreground,98.1,0,0,1,afternoon,0
2026-04-07 12:37:52,samsung_health,com.sec.android.app.shealth,health,cold,2389,2459,2143,foreground,98.0,0,0,1,afternoon,0
2026-04-07 12:55:52,instagram,com.instagram.android,social,cold,3082,3166,2834,foreground,97.9,0,0,1,afternoon,0
2026-04-07 13:07:44,whatsapp,com.whatsapp,social,cold,2261,2400,1999,foreground,97.8,0,0,1,afternoon,0
2026-04-07 13:20:48,youtube,com.google.android.youtube,media,cold,3255,3456,2591,foreground,97.7,0,0,1,afternoon,0
2026-04-07 13:51:43,spotify,com.spotify.music,media,cold,2987,3260,2704,foreground,97.6,0,0,1,afternoon,0
2026-04-07 14:02:59,netflix,com.netflix.mediaclient,media,cold,4289,4509,4017,foreground,97.5,0,0,1,afternoon,0
2026-04-07 14:38:23,gmail,com.google.android.gm,productivity,cold,1390,1430,1205,foreground,97.3,0,0,1,afternoon,0
2026-04-07 15:04:41,slack,com.Slack,productivity,cold,3367,3670,2939,foreground,97.2,0,0,1,afternoon,0
2026-04-07 16:13:45,chrome,com.android.chrome,utility,cold,1133,1235,1099,foreground,97.1,0,0,1,afternoon,0
2026-04-07 16:32:12,google_maps,com.google.android.apps.maps,utility,cold,3193,3193,2930,foreground,97.0,0,0,1,afternoon,0
2026-04-07 17:23:50,amazon,com.amazon.mShop.android.shopping,commerce,cold,1922,1975,1701,foreground,96.9,0,1,1,evening,0
2026-04-07 18:46:29,phonepe,com.phonepe.app,financial,cold,1668,1756,1539,foreground,96.9,0,1,1,evening,0
2026-04-07 19:22:18,paytm,net.one97.paytm,financial,cold,2401,2600,2145,foreground,96.8,0,0,1,evening,0
2026-04-07 19:50:49,samsung_health,com.sec.android.app.shealth,health,cold,2134,2345,1894,foreground,96.8,0,0,1,evening,0
2026-04-07 19:55:54,instagram,com.instagram.android,social,cold,3025,3326,2727,foreground,96.7,0,1,1,evening,0
2026-04-07 20:47:45,whatsapp,com.whatsapp,social,cold,2489,2707,2267,foreground,96.6,0,1,1,evening,0
2026-04-07 22:14:18,youtube,com.google.android.youtube,media,cold,3312,3639,2760,foreground,96.5,0,0,1,night,0
2026-04-07 23:20:55,spotify,com.spotify.music,media,cold,3016,3347,2532,foreground,97.0,1,0,1,night,0
2026-04-07 23:45:31,netflix,com.netflix.mediaclient,media,cold,4137,4188,3344,foreground,97.5,1,0,1,night,0
2026-04-07 23:46:16,gmail,com.google.android.gm,productivity,cold,1666,1719,1572,foreground,98.0,1,0,1,night,0
2026-04-07 23:50:36,slack,com.Slack,productivity,cold,2693,3000,2161,foreground,98.5,1,0,1,night,0
2026-04-08 00:09:24,chrome,com.android.chrome,utility,cold,1127,1248,932,foreground,99.1,1,0,1,night,0
2026-04-08 00:44:13,google_maps,com.google.android.apps.maps,utility,cold,2799,3006,2491,foreground,99.7,1,0,1,night,0
2026-04-08 00:47:19,amazon,com.amazon.mShop.android.shopping,commerce,cold,2823,2950,2455,foreground,100,1,0,1,night,0
2026-04-08 01:02:40,phonepe,com.phonepe.app,financial,cold,2195,2423,1798,foreground,100,1,0,1,night,0
2026-04-08 02:23:01,paytm,net.one97.paytm,financial,cold,1640,1689,1393,foreground,100,1,0,1,night,0
2026-04-08 02:25:25,samsung_health,com.sec.android.app.shealth,health,cold,2192,2389,1806,foreground,100,1,0,1,night,0
2026-04-08 02:34:13,instagram,com.instagram.android,social,cold,3075,3190,2851,foreground,100,1,0,1,night,0
2026-04-08 03:08:19,whatsapp,com.whatsapp,social,cold,2272,2394,1912,foreground,100,1,0,1,night,0
2026-04-08 03:12:17,youtube,com.google.android.youtube,media,cold,3507,3709,2996,foreground,100,1,0,1,night,0
2026-04-08 03:16:07,spotify,com.spotify.music,media,cold,2689,2901,2575,foreground,100,1,0,1,night,0
2026-04-08 03:51:40,netflix,com.netflix.mediaclient,media,cold,4122,4352,3692,foreground,100,1,0,1,night,0
2026-04-08 05:28:51,gmail,com.google.android.gm,productivity,cold,2106,2161,2033,foreground,100,1,0,1,morning,0
2026-04-08 05:50:22,slack,com.Slack,productivity,cold,3402,3701,2961,foreground,100,1,0,1,morning,0
2026-04-08 05:51:38,chrome,com.android.chrome,utility,cold,1112,1112,976,foreground,100,1,0,1,morning,0
2026-04-08 06:57:57,google_maps,com.google.android.apps.maps,utility,cold,3542,3757,3274,foreground,100,1,0,1,morning,0
2026-04-08 07:02:03,amazon,com.amazon.mShop.android.shopping,commerce,cold,2355,2502,2115,foreground,99.8,0,1,1,morning,0
2026-04-08 07:07:17,phonepe,com.phonepe.app,financial,cold,1862,2000,1507,foreground,99.8,0,1,1,morning,0
2026-04-08 07:09:36,paytm,net.one97.paytm,financial,cold,2354,2354,1937,foreground,99.7,0,0,1,morning,0
2026-04-08 07:11:37,samsung_health,com.sec.android.app.shealth,health,cold,2180,2309,1965,foreground,99.5,0,0,1,morning,0
2026-04-08 07:41:10,instagram,com.instagram.android,social,cold,3376,3521,2945,foreground,99.4,0,1,1,morning,0
2026-04-08 08:49:17,whatsapp,com.whatsapp,social,cold,1828,2017,1756,foreground,99.3,0,0,1,morning,0
2026-04-08 09:23:45,youtube,com.google.android.youtube,media,cold,3586,3870,2879,foreground,99.3,0,0,1,morning,0
2026-04-08 10:01:35,spotify,com.spotify.music,media,cold,3058,3201,2577,foreground,99.2,0,0,1,morning,0
2026-04-08 10:10:28,netflix,com.netflix.mediaclient,media,cold,4511,4575,4240,foreground,99.0,0,0,1,morning,0
2026-04-08 10:49:00,gmail,com.google.android.gm,productivity,cold,1835,1882,1657,foreground,98.9,0,0,1,morning,0
2026-04-08 12:31:20,slack,com.Slack,productivity,cold,3660,3713,3311,foreground,98.9,0,0,1,afternoon,0
2026-04-08 12:52:07,chrome,com.android.chrome,utility,cold,1521,1554,1343,foreground,98.8,0,0,1,afternoon,0
2026-04-08 13:15:20,google_maps,com.google.android.apps.maps,utility,cold,3217,3321,2811,foreground,98.7,0,0,1,afternoon,0
2026-04-08 13:17:33,amazon,com.amazon.mShop.android.shopping,commerce,cold,3529,3686,3021,foreground,98.5,0,0,1,afternoon,0
2026-04-08 13:36:04,phonepe,com.phonepe.app,financial,cold,1811,2048,1569,foreground,98.4,0,0,1,afternoon,0
2026-04-08 14:05:26,paytm,net.one97.paytm,financial,cold,2368,2612,1889,foreground,98.3,0,0,1,afternoon,0
2026-04-08 14:19:01,samsung_health,com.sec.android.app.shealth,health,cold,2423,2510,2136,foreground,98.2,0,0,1,afternoon,0
2026-04-08 15:11:10,instagram,com.instagram.android,social,cold,3508,3642,3338,foreground,98.1,0,0,1,afternoon,0
2026-04-08 16:07:04,whatsapp,com.whatsapp,social,cold,2115,2322,2051,foreground,97.9,0,0,1,afternoon,0
2026-04-08 16:42:17,youtube,com.google.android.youtube,media,cold,3821,3845,3591,foreground,97.8,0,0,1,afternoon,0
2026-04-08 16:48:07,spotify,com.spotify.music,media,cold,2449,2675,1896,foreground,97.7,0,0,1,afternoon,0
2026-04-08 16:55:29,netflix,com.netflix.mediaclient,media,cold,4137,4375,3552,foreground,97.7,0,0,1,afternoon,0
2026-04-08 17:40:09,gmail,com.google.android.gm,productivity,cold,1856,1999,1500,foreground,97.5,0,1,1,evening,0
2026-04-08 18:20:19,slack,com.Slack,productivity,cold,3142,3170,2706,foreground,97.4,0,1,1,evening,0
2026-04-08 18:29:17,chrome,com.android.chrome,utility,cold,1211,1326,1053,foreground,97.3,0,0,1,evening,0
2026-04-08 18:56:46,google_maps,com.google.android.apps.maps,utility,cold,3319,3374,2918,foreground,97.1,0,0,1,evening,0
2026-04-08 18:57:21,amazon,com.amazon.mShop.android.shopping,commerce,cold,2538,2627,2320,foreground,97.0,0,0,1,evening,0
2026-04-08 19:31:43,phonepe,com.phonepe.app,financial,cold,2243,2433,2082,foreground,96.9,0,1,1,evening,0
2026-04-08 19:40:02,paytm,net.one97.paytm,financial,cold,2571,2697,2090,foreground,96.8,0,1,1,evening,0
2026-04-08 19:45:28,samsung_health,com.sec.android.app.shealth,health,cold,2290,2435,2077,foreground,96.6,0,0,1,evening,0
2026-04-08 19:46:04,instagram,com.instagram.android,social,cold,3009,3028,2839,foreground,96.6,0,1,1,evening,0
2026-04-08 20:11:28,whatsapp,com.whatsapp,social,cold,1662,1753,1497,foreground,96.5,0,0,1,evening,0
2026-04-08 20:28:12,youtube,com.google.android.youtube,media,cold,3018,3344,2857,foreground,96.4,0,1,1,evening,0
2026-04-08 20:57:29,spotify,com.spotify.music,media,cold,2469,2709,2172,foreground,96.4,0,0,1,evening,0
2026-04-08 21:38:31,netflix,com.netflix.mediaclient,media,cold,5048,5615,4441,foreground,96.2,0,1,1,evening,0
2026-04-08 21:45:57,gmail,com.google.android.gm,productivity,cold,1305,1393,995,foreground,96.1,0,0,1,evening,0
2026-04-08 22:28:00,slack,com.Slack,productivity,cold,2690,2867,2298,foreground,95.9,0,0,1,night,0
2026-04-08 22:44:09,chrome,com.android.chrome,utility,cold,1076,1146,838,foreground,95.8,0,0,1,night,0
2026-04-08 23:38:07,google_maps,com.google.android.apps.maps,utility,cold,3337,3513,3009,foreground,96.6,1,0,1,night,0
2026-04-09 01:13:43,amazon,com.amazon.mShop.android.shopping,commerce,cold,2634,2852,2362,foreground,97.3,1,0,1,night,0
2026-04-09 01:22:06,phonepe,com.phonepe.app,financial,cold,2155,2341,1886,foreground,97.9,1,0,1,night,0
2026-04-09 01:24:41,paytm,net.one97.paytm,financial,cold,2276,2486,1859,foreground,98.5,1,0,1,night,0
2026-04-09 02:56:00,samsung_health,com.sec.android.app.shealth,health,cold,2973,3099,2883,foreground,99.0,1,0,1,night,0
2026-04-09 03:08:03,instagram,com.instagram.android,social,cold,2237,2281,1772,foreground,99.4,1,0,1,night,0
2026-04-09 03:28:45,whatsapp,com.whatsapp,social,cold,2333,2481,2127,foreground,100.0,1,0,1,night,0
2026-04-09 03:40:06,youtube,com.google.android.youtube,media,cold,3273,3273,3111,foreground,100,1,0,1,night,0
2026-04-09 03:52:37,spotify,com.spotify.music,media,cold,2459,2750,1967,foreground,100,1,0,1,night,0
2026-04-09 03:55:35,netflix,com.netflix.mediaclient,media,cold,3178,3313,2693,foreground,100,1,0,1,night,0
2026-04-09 04:24:32,gmail,com.google.android.gm,productivity,cold,1567,1798,1306,foreground,100,1,0,1,night,0
2026-04-09 04:50:19,slack,com.Slack,productivity,cold,3393,3723,2975,foreground,100,1,0,1,night,0
2026-04-09 04:51:32,chrome,com.android.chrome,utility,cold,1214,1285,1032,foreground,100,1,0,1,night,0
2026-04-09 04:51:50,google_maps,com.google.android.apps.maps,utility,cold,2691,3096,2182,foreground,100,1,0,1,night,0
2026-04-09 05:32:53,amazon,com.amazon.mShop.android.shopping,commerce,cold,2343,2478,2060,foreground,100,1,0,1,morning,0
2026-04-09 05:52:34,phonepe,com.phonepe.app,financial,cold,1383,1435,1329,foreground,100,1,0,1,morning,0
2026-04-09 06:04:20,paytm,net.one97.paytm,financial,cold,2572,2799,2062,foreground,100,1,0,1,morning,0
2026-04-09 06:09:42,samsung_health,com.sec.android.app.shealth,health,cold,2471,2632,2157,foreground,100,1,0,1,morning,0
2026-04-09 06:12:44,instagram,com.instagram.android,social,cold,3328,3659,3211,foreground,100,1,0,1,morning,0
2026-04-09 06:16:40,whatsapp,com.whatsapp,social,cold,2346,2405,1972,foreground,100,1,0,1,morning,0
2026-04-09 06:32:44,youtube,com.google.android.youtube,media,cold,4379,4604,3833,foreground,100,1,0,1,morning,0
2026-04-09 06:42:59,spotify,com.spotify.music,media,cold,2898,3070,2543,foreground,100,1,0,1,morning,0
2026-04-09 07:02:44,netflix,com.netflix.mediaclient,media,cold,3718,4074,3085,foreground,99.9,0,0,1,morning,0
2026-04-09 07:02:47,gmail,com.google.android.gm,productivity,cold,2057,2161,1805,foreground,99.8,0,0,1,morning,0
2026-04-09 08:03:17,slack,com.Slack,productivity,cold,3055,3404,2471,foreground,99.7,0,0,1,morning,0
2026-04-09 08:07:32,chrome,com.android.chrome,utility,cold,1255,1261,1138,foreground,99.6,0,1,1,morning,0
2026-04-09 08:16:17,google_maps,com.google.android.apps.maps,utility,cold,2617,2723,2142,foreground,99.5,0,0,1,morning,0
2026-04-09 08:28:50,amazon,com.amazon.mShop.android.shopping,commerce,cold,2913,3034,2567,foreground,99.4,0,0,1,morning,0
2026-04-09 08:42:48,phonepe,com.phonepe.app,financial,cold,2032,2114,1820,foreground,99.3,0,1,1,morning,0
2026-04-09 08:47:50,paytm,net.one97.paytm,financial,cold,2064,2192,1879,foreground,99.2,0,0,1,morning,0
2026-04-09 09:04:50,samsung_health,com.sec.android.app.shealth,health,cold,2241,2401,1838,foreground,99.1,0,0,1,morning,0
2026-04-09 10:08:30,instagram,com.instagram.android,social,cold,3160,3423,2833,foreground,99.0,0,0,1,morning,0
2026-04-09 11:11:10,whatsapp,com.whatsapp,social,cold,2224,2298,1887,foreground,98.9,0,0,1,morning,0
2026-04-09 11:42:20,youtube,com.google.android.youtube,media,cold,2416,2563,2095,foreground,98.9,0,0,1,morning,0
2026-04-09 11:48:35,spotify,com.spotify.music,media,cold,2929,3256,2455,foreground,98.8,0,0,1,morning,0
2026-04-09 11:49:09,netflix,com.netflix.mediaclient,media,cold,3839,4128,3428,foreground,98.7,0,0,1,morning,0
2026-04-09 12:04:02,gmail,com.google.android.gm,productivity,cold,1781,1862,1536,foreground,98.5,0,0,1,afternoon,0
2026-04-09 12:21:29,slack,com.Slack,productivity,cold,3694,3891,3318,foreground,98.4,0,0,1,afternoon,0
2026-04-09 12:22:05,chrome,com.android.chrome,utility,cold,1271,1294,1100,foreground,98.3,0,0,1,afternoon,0
2026-04-09 12:29:46,google_maps,com.google.android.apps.maps,utility,cold,2769,2914,2306,foreground,98.2,0,0,1,afternoon,0
2026-04-09 12:41:55,amazon,com.amazon.mShop.android.shopping,commerce,cold,2677,2838,2449,foreground,98.1,0,0,1,afternoon,0
2026-04-09 12:53:28,phonepe,com.phonepe.app,financial,cold,1982,2027,1783,foreground,98.0,0,0,1,afternoon,0
2026-04-09 12:54:55,paytm,net.one97.paytm,financial,cold,1454,1641,1263,foreground,97.9,0,0,1,afternoon,0
2026-04-09 13:22:45,samsung_health,com.sec.android.app.shealth,health,cold,2084,2170,1939,foreground,97.8,0,0,1,afternoon,0
2026-04-09 14:22:24,instagram,com.instagram.android,social,cold,3193,3307,2362,foreground,97.8,0,0,1,afternoon,0
2026-04-09 14:25:14,whatsapp,com.whatsapp,social,cold,2367,2463,2160,foreground,97.6,0,0,1,afternoon,0
2026-04-09 15:27:27,youtube,com.google.android.youtube,media,cold,3420,3630,2704,foreground,97.5,0,0,1,afternoon,0
2026-04-09 16:27:43,spotify,com.spotify.music,media,cold,3270,3424,2785,foreground,97.4,0,0,1,afternoon,0
2026-04-09 16:55:32,netflix,com.netflix.mediaclient,media,cold,4143,4522,3849,foreground,97.3,0,0,1,afternoon,0
2026-04-09 17:08:26,gmail,com.google.android.gm,productivity,cold,1219,1375,959,foreground,97.2,0,0,1,evening,0
2026-04-09 17:12:36,slack,com.Slack,productivity,cold,3427,3662,2992,foreground,97.2,0,0,1,evening,0
2026-04-09 17:24:27,chrome,com.android.chrome,utility,cold,1039,1053,1004,foreground,97.0,0,1,1,evening,0
2026-04-09 17:33:37,google_maps,com.google.android.apps.maps,utility,cold,3360,3564,2945,foreground,96.9,0,1,1,evening,0
2026-04-09 17:36:55,amazon,com.amazon.mShop.android.shopping,commerce,cold,3109,3389,2594,foreground,96.8,0,0,1,evening,0
2026-04-09 18:25:17,phonepe,com.phonepe.app,financial,cold,2353,2555,1965,foreground,96.7,0,1,1,evening,0
2026-04-09 18:29:02,paytm,net.one97.paytm,financial,cold,1916,2090,1858,foreground,96.7,0,0,1,evening,0
2026-04-09 18:39:38,samsung_health,com.sec.android.app.shealth,health,cold,2444,2516,2254,foreground,96.5,0,0,1,evening,0
2026-04-09 18:51:08,instagram,com.instagram.android,social,cold,3564,3815,3073,foreground,96.4,0,0,1,evening,0
2026-04-09 19:22:35,whatsapp,com.whatsapp,social,cold,2419,2623,2034,foreground,96.3,0,0,1,evening,0
2026-04-09 19:22:48,youtube,com.google.android.youtube,media,cold,3314,3403,3112,foreground,96.3,0,0,1,evening,0
2026-04-09 19:41:59,spotify,com.spotify.music,media,cold,2742,2894,2315,foreground,96.2,0,0,1,evening,0
2026-04-09 19:47:16,netflix,com.netflix.mediaclient,media,cold,4212,4466,3479,foreground,96.1,0,0,1,evening,0
2026-04-09 19:58:12,gmail,com.google.android.gm,productivity,cold,2251,2440,1958,foreground,96.0,0,0,1,evening,0
2026-04-09 20:04:11,slack,com.Slack,productivity,cold,2605,2786,2320,foreground,95.8,0,1,1,evening,0
2026-04-09 20:15:54,chrome,com.android.chrome,utility,cold,1392,1533,1148,foreground,95.8,0,0,1,evening,0
2026-04-09 20:24:03,google_maps,com.google.android.apps.maps,utility,cold,3012,3118,2894,foreground,95.7,0,0,1,evening,0
2026-04-09 21:08:21,amazon,com.amazon.mShop.android.shopping,commerce,cold,2390,2562,2096,foreground,95.6,0,1,1,evening,0
2026-04-09 21:42:25,phonepe,com.phonepe.app,financial,cold,2234,2292,1938,foreground,95.5,0,0,1,evening,0
2026-04-09 22:14:24,paytm,net.one97.paytm,financial,cold,1632,1757,1409,foreground,95.5,0,0,1,night,0
2026-04-09 22:48:51,samsung_health,com.sec.android.app.shealth,health,cold,2167,2286,1915,foreground,95.3,0,0,1,night,0
2026-04-09 22:49:39,instagram,com.instagram.android,social,cold,3535,3591,3288,foreground,95.2,0,0,1,night,0
2026-04-09 22:56:28,whatsapp,com.whatsapp,social,cold,1803,1927,1748,foreground,95.1,0,1,1,night,0
2026-04-09 23:37:56,youtube,com.google.android.youtube,media,cold,3624,3766,3279,foreground,95.9,1,0,1,night,0
2026-04-09 23:46:09,spotify,com.spotify.music,media,cold,2568,2732,2295,foreground,96.7,1,1,1,night,0
2026-04-09 23:50:47,netflix,com.netflix.mediaclient,media,cold,3639,3902,3022,foreground,97.5,1,0,1,night,0
2026-04-10 00:58:24,gmail,com.google.android.gm,productivity,cold,1966,2078,1741,foreground,98.0,1,0,1,night,0
2026-04-10 01:45:04,slack,com.Slack,productivity,cold,3291,3398,2906,foreground,98.5,1,0,1,night,0
2026-04-10 02:05:40,chrome,com.android.chrome,utility,cold,1117,1250,950,foreground,99.2,1,0,1,night,0
2026-04-10 02:49:02,google_maps,com.google.android.apps.maps,utility,cold,3016,3253,2628,foreground,99.9,1,0,1,night,0
2026-04-10 02:58:45,amazon,com.amazon.mShop.android.shopping,commerce,cold,3002,3089,2589,foreground,100,1,0,1,night,0
2026-04-10 03:14:00,phonepe,com.phonepe.app,financial,cold,1788,1907,1656,foreground,100,1,0,1,night,0
2026-04-10 03:19:41,paytm,net.one97.paytm,financial,cold,1991,2144,1674,foreground,100,1,0,1,night,0
2026-04-10 03:20:20,samsung_health,com.sec.android.app.shealth,health,cold,2591,2781,2183,foreground,100,1,0,1,night,0
2026-04-10 04:07:12,instagram,com.instagram.android,social,cold,3930,4177,3755,foreground,100,1,0,1,night,0
2026-04-10 05:17:01,whatsapp,com.whatsapp,social,cold,2650,2773,2238,foreground,100,1,0,1,morning,0
2026-04-10 05:29:11,youtube,com.google.android.youtube,media,cold,3620,3815,2892,foreground,100,1,0,1,morning,0
2026-04-10 05:42:43,spotify,com.spotify.music,media,cold,3282,3476,2929,foreground,100,1,0,1,morning,0
2026-04-10 05:57:11,netflix,com.netflix.mediaclient,media,cold,4193,4484,3956,foreground,100,1,0,1,morning,0
2026-04-10 06:58:17,gmail,com.google.android.gm,productivity,cold,1333,1477,1053,foreground,100,1,0,1,morning,0
2026-04-10 07:14:27,slack,com.Slack,productivity,cold,3208,3208,3089,foreground,99.9,0,1,1,morning,0
2026-04-10 08:40:51,chrome,com.android.chrome,utility,cold,1407,1494,1239,foreground,99.9,0,1,1,morning,0
2026-04-10 08:47:40,google_maps,com.google.android.apps.maps,utility,cold,2696,2785,2481,foreground,99.8,0,0,1,morning,0
2026-04-10 09:59:49,amazon,com.amazon.mShop.android.shopping,commerce,cold,2786,2947,2531,foreground,99.7,0,0,1,morning,0
2026-04-10 10:16:38,phonepe,com.phonepe.app,financial,cold,1619,1747,1562,foreground,99.6,0,0,1,morning,0
2026-04-10 11:01:46,paytm,net.one97.paytm,financial,cold,2785,3032,2374,foreground,99.5,0,0,1,morning,0
2026-04-10 11:20:33,samsung_health,com.sec.android.app.shealth,health,cold,2423,2636,2180,foreground,99.4,0,0,1,morning,0
2026-04-10 11:39:09,instagram,com.instagram.android,social,cold,2998,3080,2534,foreground,99.4,0,0,1,morning,0
2026-04-10 11:45:46,whatsapp,com.whatsapp,social,cold,1844,1916,1788,foreground,99.3,0,0,1,morning,0
2026-04-10 12:02:04,youtube,com.google.android.youtube,media,cold,3770,4077,3208,foreground,99.1,0,0,1,afternoon,0
2026-04-10 12:02:46,spotify,com.spotify.music,media,cold,2510,2585,2052,foreground,99.1,0,0,1,afternoon,0
2026-04-10 13:03:16,netflix,com.netflix.mediaclient,media,cold,4262,4389,3803,foreground,99.0,0,0,1,afternoon,0
2026-04-10 13:30:54,gmail,com.google.android.gm,productivity,cold,1497,1624,1418,foreground,98.9,0,0,1,afternoon,0
2026-04-10 14:36:29,slack,com.Slack,productivity,cold,3300,3361,2804,foreground,98.7,0,0,1,afternoon,0
2026-04-10 14:40:09,chrome,com.android.chrome,utility,cold,1082,1177,960,foreground,98.6,0,0,1,afternoon,0
2026-04-10 15:43:23,google_maps,com.google.android.apps.maps,utility,cold,3396,3725,2977,foreground,98.5,0,0,1,afternoon,0
2026-04-10 15:44:55,amazon,com.amazon.mShop.android.shopping,commerce,cold,2646,2733,2275,foreground,98.4,0,0,1,afternoon,0
2026-04-10 15:53:46,phonepe,com.phonepe.app,financial,cold,1937,2104,1778,foreground,98.3,0,0,1,afternoon,0
2026-04-10 16:00:52,paytm,net.one97.paytm,financial,cold,2403,2510,2184,foreground,98.2,0,0,1,afternoon,0
2026-04-10 16:11:25,samsung_health,com.sec.android.app.shealth,health,cold,2115,2147,1889,foreground,98.1,0,0,1,afternoon,0
2026-04-10 16:43:49,instagram,com.instagram.android,social,cold,2430,2430,2239,foreground,98.0,0,0,1,afternoon,0
2026-04-10 17:15:30,whatsapp,com.whatsapp,social,cold,1909,2082,1398,foreground,97.9,0,0,1,evening,0
2026-04-10 18:11:30,youtube,com.google.android.youtube,media,cold,3853,4323,3534,foreground,97.8,0,0,1,evening,0
2026-04-10 18:16:51,spotify,com.spotify.music,media,cold,2899,3221,2524,foreground,97.7,0,1,1,evening,0
2026-04-10 18:25:42,netflix,com.netflix.mediaclient,media,cold,4015,4355,3528,foreground,97.6,0,0,1,evening,0
2026-04-10 19:28:45,gmail,com.google.android.gm,productivity,cold,1599,1672,1235,foreground,97.4,0,1,1,evening,0
2026-04-10 19:32:59,slack,com.Slack,productivity,cold,3201,3373,2848,foreground,97.3,0,1,1,evening,0
2026-04-10 20:11:22,chrome,com.android.chrome,utility,cold,1256,1349,1136,foreground,97.2,0,1,1,evening,0
2026-04-10 20:15:02,google_maps,com.google.android.apps.maps,utility,cold,3616,4014,3035,foreground,97.1,0,0,1,evening,0
2026-04-10 20:25:44,amazon,com.amazon.mShop.android.shopping,commerce,cold,2071,2380,1764,foreground,97.0,0,0,1,evening,0
2026-04-10 20:32:23,phonepe,com.phonepe.app,financial,cold,1964,2149,1769,foreground,96.8,0,0,1,evening,0
2026-04-10 20:50:01,paytm,net.one97.paytm,financial,cold,2094,2301,1946,foreground,96.7,0,0,1,evening,0
2026-04-10 21:00:04,samsung_health,com.sec.android.app.shealth,health,cold,2262,2455,2011,foreground,96.6,0,0,1,evening,0
2026-04-10 21:13:35,instagram,com.instagram.android,social,cold,3016,3343,2657,foreground,96.4,0,0,1,evening,0
2026-04-10 21:46:40,whatsapp,com.whatsapp,social,cold,2241,2318,2173,foreground,96.3,0,0,1,evening,0
2026-04-10 21:53:39,youtube,com.google.android.youtube,media,cold,3769,3821,3322,foreground,96.3,0,0,1,evening,0
2026-04-10 22:02:36,spotify,com.spotify.music,media,cold,2821,2977,2593,foreground,96.2,0,0,1,night,0
2026-04-10 22:05:23,netflix,com.netflix.mediaclient,media,cold,3401,3826,3236,foreground,96.1,0,0,1,night,0
2026-04-10 22:06:51,gmail,com.google.android.gm,productivity,cold,1783,1881,1512,foreground,96.0,0,0,1,night,0
2026-04-10 22:27:06,slack,com.Slack,productivity,cold,2882,3195,2499,foreground,96.0,0,0,1,night,0
2026-04-10 22:33:42,chrome,com.android.chrome,utility,cold,1088,1150,933,foreground,95.9,0,0,1,night,0
2026-04-10 23:15:03,google_maps,com.google.android.apps.maps,utility,cold,2958,3038,2689,foreground,96.4,1,0,1,night,0
2026-04-10 23:28:34,amazon,com.amazon.mShop.android.shopping,commerce,cold,3203,3352,2980,foreground,97.0,1,0,1,night,0
2026-04-10 23:41:30,phonepe,com.phonepe.app,financial,cold,2411,2496,2162,foreground,97.7,1,0,1,night,0
2026-04-11 00:08:13,paytm,net.one97.paytm,financial,cold,2296,2365,2066,foreground,98.5,1,0,1,night,1
2026-04-11 00:50:17,samsung_health,com.sec.android.app.shealth,health,cold,2635,2938,2361,foreground,99.0,1,0,1,night,1
2026-04-11 01:15:32,instagram,com.instagram.android,social,cold,3243,3383,2931,foreground,99.5,1,0,1,night,1
2026-04-11 03:38:15,whatsapp,com.whatsapp,social,cold,2014,2117,1655,foreground,100,1,0,1,night,1
2026-04-11 03:45:22,youtube,com.google.android.youtube,media,cold,3440,3709,3000,foreground,100,1,0,1,night,1
2026-04-11 04:09:14,spotify,com.spotify.music,media,cold,2661,2720,2359,foreground,100,1,0,1,night,1
2026-04-11 04:28:23,netflix,com.netflix.mediaclient,media,cold,4269,4458,4084,foreground,100,1,0,1,night,1
2026-04-11 04:28:34,gmail,com.google.android.gm,productivity,cold,2082,2171,1718,foreground,100,1,0,1,night,1
2026-04-11 05:11:01,slack,com.Slack,productivity,cold,3104,3195,2738,foreground,100,1,0,1,morning,1
2026-04-11 05:19:26,chrome,com.android.chrome,utility,cold,983,1019,753,foreground,100,1,0,1,morning,1
2026-04-11 05:38:46,google_maps,com.google.android.apps.maps,utility,cold,3325,3587,2686,foreground,100,1,0,1,morning,1
2026-04-11 06:29:07,amazon,com.amazon.mShop.android.shopping,commerce,cold,2877,3084,2530,foreground,100,1,0,1,morning,1
2026-04-11 07:15:10,phonepe,com.phonepe.app,financial,cold,1949,2009,1796,foreground,99.9,0,0,1,morning,1
2026-04-11 07:16:24,paytm,net.one97.paytm,financial,cold,2312,2482,2092,foreground,99.8,0,1,1,morning,1
2026-04-11 07:39:12,samsung_health,com.sec.android.app.shealth,health,cold,2804,3018,2582,foreground,99.7,0,1,1,morning,1
2026-04-11 07:50:34,instagram,com.instagram.android,social,cold,1865,1879,1648,foreground,99.7,0,0,1,morning,1
2026-04-11 07:53:00,whatsapp,com.whatsapp,social,cold,2058,2260,1851,foreground,99.6,0,0,1,morning,1
2026-04-11 08:26:35,youtube,com.google.android.youtube,media,cold,3238,3238,2886,foreground,99.5,0,0,1,morning,1
2026-04-11 08:30:12,spotify,com.spotify.music,media,cold,2206,2243,2086,foreground,99.4,0,0,1,morning,1
2026-04-11 08:34:43,netflix,com.netflix.mediaclient,media,cold,4486,4714,3819,foreground,99.3,0,0,1,morning,1
2026-04-11 09:01:28,gmail,com.google.android.gm,productivity,cold,1935,2162,1743,foreground,99.2,0,1,1,morning,1
2026-04-11 09:30:19,slack,com.Slack,productivity,cold,2495,2502,1987,foreground,99.1,0,0,1,morning,1
2026-04-11 09:35:53,chrome,com.android.chrome,utility,cold,1111,1173,1077,foreground,99.0,0,0,1,morning,1
2026-04-11 09:52:41,google_maps,com.google.android.apps.maps,utility,cold,2715,2862,2373,foreground,98.9,0,0,1,morning,1
2026-04-11 09:56:13,amazon,com.amazon.mShop.android.shopping,commerce,cold,2555,2793,2179,foreground,98.8,0,0,1,morning,1
2026-04-11 10:55:57,phonepe,com.phonepe.app,financial,cold,2207,2410,1900,foreground,98.7,0,0,1,morning,1
2026-04-11 12:49:28,paytm,net.one97.paytm,financial,cold,2577,2875,2383,foreground,98.5,0,0,1,afternoon,1
2026-04-11 13:30:20,samsung_health,com.sec.android.app.shealth,health,cold,2737,2831,2390,foreground,98.5,0,0,1,afternoon,1
2026-04-11 13:31:41,instagram,com.instagram.android,social,cold,2745,2867,2525,foreground,98.4,0,0,1,afternoon,1
2026-04-11 13:43:58,whatsapp,com.whatsapp,social,cold,2172,2476,1820,foreground,98.3,0,0,1,afternoon,1
2026-04-11 13:53:22,youtube,com.google.android.youtube,media,cold,3122,3400,2795,foreground,98.2,0,0,1,afternoon,1
2026-04-11 13:53:53,spotify,com.spotify.music,media,cold,2696,2790,2433,foreground,98.1,0,0,1,afternoon,1
2026-04-11 14:00:25,netflix,com.netflix.mediaclient,media,cold,4058,4427,3662,foreground,98.0,0,0,1,afternoon,1
2026-04-11 14:02:51,gmail,com.google.android.gm,productivity,cold,1812,1977,1622,foreground,97.8,0,0,1,afternoon,1
2026-04-11 14:05:44,slack,com.Slack,productivity,cold,3212,3300,2917,foreground,97.7,0,0,1,afternoon,1
2026-04-11 14:32:33,chrome,com.android.chrome,utility,cold,1177,1227,1078,foreground,97.6,0,0,1,afternoon,1
2026-04-11 14:33:27,google_maps,com.google.android.apps.maps,utility,cold,2870,2870,2544,foreground,97.5,0,0,1,afternoon,1
2026-04-11 14:35:26,amazon,com.amazon.mShop.android.shopping,commerce,cold,3051,3167,2506,foreground,97.4,0,0,1,afternoon,1
2026-04-11 14:38:19,phonepe,com.phonepe.app,financial,cold,2052,2144,1784,foreground,97.3,0,0,1,afternoon,1
2026-04-11 15:02:25,paytm,net.one97.paytm,financial,cold,2656,2840,2297,foreground,97.3,0,0,1,afternoon,1
2026-04-11 15:21:31,samsung_health,com.sec.android.app.shealth,health,cold,2618,2780,2310,foreground,97.2,0,0,1,afternoon,1
2026-04-11 16:08:22,instagram,com.instagram.android,social,cold,3254,3557,2926,foreground,97.1,0,0,1,afternoon,1
2026-04-11 16:09:05,whatsapp,com.whatsapp,social,cold,2225,2357,1853,foreground,97.1,0,0,1,afternoon,1
2026-04-11 16:24:42,youtube,com.google.android.youtube,media,cold,3711,3983,3530,foreground,96.9,0,0,1,afternoon,1
2026-04-11 17:17:26,spotify,com.spotify.music,media,cold,3048,3104,2638,foreground,96.9,0,1,1,evening,1
2026-04-11 17:30:39,netflix,com.netflix.mediaclient,media,cold,3548,3611,3033,foreground,96.8,0,0,1,evening,1
2026-04-11 17:42:20,gmail,com.google.android.gm,productivity,cold,1608,1663,1416,foreground,96.8,0,0,1,evening,1
2026-04-11 18:42:34,slack,com.Slack,productivity,cold,3375,3719,2934,foreground,96.7,0,1,1,evening,1
2026-04-11 19:05:06,chrome,com.android.chrome,utility,cold,1070,1174,942,foreground,96.6,0,0,1,evening,1
2026-04-11 20:40:51,google_maps,com.google.android.apps.maps,utility,cold,3225,3482,2736,foreground,96.4,0,0,1,evening,1
2026-04-11 20:43:46,amazon,com.amazon.mShop.android.shopping,commerce,cold,3492,3898,3039,foreground,96.4,0,1,1,evening,1
2026-04-11 20:54:30,phonepe,com.phonepe.app,financial,cold,1914,2002,1634,foreground,96.2,0,0,1,evening,1
2026-04-11 21:17:17,paytm,net.one97.paytm,financial,cold,2376,2636,1962,foreground,96.1,0,1,1,evening,1
2026-04-11 21:36:44,samsung_health,com.sec.android.app.shealth,health,cold,2731,2862,2345,foreground,96.0,0,0,1,evening,1
2026-04-11 22:33:27,instagram,com.instagram.android,social,cold,3560,3859,3259,foreground,95.9,0,0,1,night,1
2026-04-11 22:57:34,whatsapp,com.whatsapp,social,cold,2294,2443,2089,foreground,95.8,0,0,1,night,1
2026-04-11 23:14:15,youtube,com.google.android.youtube,media,cold,3037,3162,2746,foreground,96.3,1,0,1,night,1
2026-04-11 23:16:54,spotify,com.spotify.music,media,cold,2269,2365,1861,foreground,96.9,1,1,1,night,1
2026-04-11 23:21:02,netflix,com.netflix.mediaclient,media,cold,4911,5339,4248,foreground,97.7,1,0,1,night,1
2026-04-11 23:24:40,gmail,com.google.android.gm,productivity,cold,1738,1755,1523,foreground,98.2,1,0,1,night,1
2026-04-11 23:47:17,slack,com.Slack,productivity,cold,3479,3714,2974,foreground,98.9,1,1,1,night,1
2026-04-12 00:33:56,chrome,com.android.chrome,utility,cold,1001,1001,922,foreground,99.5,1,0,1,night,1
2026-04-12 00:39:05,google_maps,com.google.android.apps.maps,utility,cold,2846,3080,2429,foreground,100,1,0,1,night,1
2026-04-12 02:01:52,amazon,com.amazon.mShop.android.shopping,commerce,cold,3154,3376,2743,foreground,100,1,0,1,night,1
2026-04-12 02:13:48,phonepe,com.phonepe.app,financial,cold,1914,2059,1617,foreground,100,1,0,1,night,1
2026-04-12 02:45:13,paytm,net.one97.paytm,financial,cold,2052,2225,1778,foreground,100,1,0,1,night,1
2026-04-12 03:04:06,samsung_health,com.sec.android.app.shealth,health,cold,2764,2921,2441,foreground,100,1,0,1,night,1
2026-04-12 03:17:45,instagram,com.instagram.android,social,cold,3141,3331,2760,foreground,100,1,0,1,night,1
2026-04-12 03:42:16,whatsapp,com.whatsapp,social,cold,2128,2287,1957,foreground,100,1,0,1,night,1
2026-04-12 04:09:10,youtube,com.google.android.youtube,media,cold,3429,3573,2844,foreground,100,1,0,1,night,1
2026-04-12 04:30:33,spotify,com.spotify.music,media,cold,2562,2562,2485,foreground,100,1,0,1,night,1
2026-04-12 04:47:35,netflix,com.netflix.mediaclient,media,cold,5141,5613,4788,foreground,100,1,0,1,night,1
2026-04-12 05:23:30,gmail,com.google.android.gm,productivity,cold,1652,1727,1298,foreground,100,1,0,1,morning,1
2026-04-12 07:56:35,slack,com.Slack,productivity,cold,2773,3042,2552,foreground,99.9,0,0,1,morning,1
2026-04-12 08:35:04,chrome,com.android.chrome,utility,cold,1301,1308,1250,foreground,99.8,0,0,1,morning,1
2026-04-12 08:51:10,google_maps,com.google.android.apps.maps,utility,cold,2680,2765,2584,foreground,99.7,0,0,1,morning,1
2026-04-12 09:40:23,amazon,com.amazon.mShop.android.shopping,commerce,cold,3085,3329,2659,foreground,99.6,0,0,1,morning,1
2026-04-12 10:19:59,phonepe,com.phonepe.app,financial,cold,2079,2133,1743,foreground,99.4,0,0,1,morning,1
2026-04-12 10:28:32,paytm,net.one97.paytm,financial,cold,2301,2328,1909,foreground,99.3,0,0,1,morning,1
2026-04-12 10:47:33,samsung_health,com.sec.android.app.shealth,health,cold,2568,2787,2386,foreground,99.2,0,0,1,morning,1
2026-04-12 10:53:34,instagram,com.instagram.android,social,cold,3106,3331,2963,foreground,99.1,0,0,1,morning,1
2026-04-12 11:06:47,whatsapp,com.whatsapp,social,cold,2008,2131,1666,foreground,99.0,0,0,1,morning,1
2026-04-12 11:56:40,youtube,com.google.android.youtube,media,cold,3856,4127,3389,foreground,98.9,0,0,1,morning,1
2026-04-12 12:07:54,spotify,com.spotify.music,media,cold,2327,2458,2123,foreground,98.8,0,0,1,afternoon,1
2026-04-12 12:56:00,netflix,com.netflix.mediaclient,media,cold,4012,4129,3541,foreground,98.7,0,0,1,afternoon,1
2026-04-12 13:43:50,gmail,com.google.android.gm,productivity,cold,1777,1938,1417,foreground,98.6,0,0,1,afternoon,1
2026-04-12 13:47:41,slack,com.Slack,productivity,cold,2997,3137,2576,foreground,98.5,0,0,1,afternoon,1
2026-04-12 15:01:13,chrome,com.android.chrome,utility,cold,1397,1438,1177,foreground,98.4,0,0,1,afternoon,1
2026-04-12 15:23:44,google_maps,com.google.android.apps.maps,utility,cold,2027,2171,1490,foreground,98.3,0,0,1,afternoon,1
2026-04-12 15:25:28,amazon,com.amazon.mShop.android.shopping,commerce,cold,3085,3285,2751,foreground,98.2,0,0,1,afternoon,1
2026-04-12 15:42:59,phonepe,com.phonepe.app,financial,cold,2142,2382,1757,foreground,98.2,0,0,1,afternoon,1
2026-04-12 16:24:16,paytm,net.one97.paytm,financial,cold,2141,2264,1869,foreground,98.0,0,0,1,afternoon,1
2026-04-12 16:30:31,samsung_health,com.sec.android.app.shealth,health,cold,2419,2648,2292,foreground,98.0,0,0,1,afternoon,1
2026-04-12 16:52:23,instagram,com.instagram.android,social,cold,3289,3491,2739,foreground,97.9,0,0,1,afternoon,1
2026-04-12 17:25:08,whatsapp,com.whatsapp,social,cold,2041,2135,1596,foreground,97.8,0,0,1,evening,1
2026-04-12 17:44:21,youtube,com.google.android.youtube,media,cold,3279,3460,3167,foreground,97.7,0,1,1,evening,1
2026-04-12 18:20:03,spotify,com.spotify.music,media,cold,2623,2907,2222,foreground,97.5,0,0,1,evening,1
2026-04-12 18:45:36,netflix,com.netflix.mediaclient,media,cold,3667,3832,3061,foreground,97.5,0,1,1,evening,1
2026-04-12 19:07:07,gmail,com.google.android.gm,productivity,cold,1603,1603,1357,foreground,97.3,0,0,1,evening,1
2026-04-12 19:12:57,slack,com.Slack,productivity,cold,3004,3058,2187,foreground,97.2,0,1,1,evening,1
2026-04-12 19:23:58,chrome,com.android.chrome,utility,cold,925,1042,776,foreground,97.1,0,0,1,evening,1
2026-04-12 19:30:49,google_maps,com.google.android.apps.maps,utility,cold,2854,2996,2297,foreground,97.0,0,0,1,evening,1
2026-04-12 19:31:45,amazon,com.amazon.mShop.android.shopping,commerce,cold,2511,2797,2435,foreground,96.9,0,1,1,evening,1
2026-04-12 19:34:50,phonepe,com.phonepe.app,financial,cold,2105,2189,1874,foreground,96.8,0,0,1,evening,1
2026-04-12 20:22:03,paytm,net.one97.paytm,financial,cold,2157,2239,1770,foreground,96.7,0,0,1,evening,1
2026-04-12 21:05:45,samsung_health,com.sec.android.app.shealth,health,cold,2288,2288,2066,foreground,96.6,0,1,1,evening,1
2026-04-12 21:12:00,instagram,com.instagram.android,social,cold,2836,3025,2587,foreground,96.5,0,0,1,evening,1
2026-04-12 21:57:49,whatsapp,com.whatsapp,social,cold,1936,2046,1723,foreground,96.4,0,1,1,evening,1
2026-04-12 22:07:07,youtube,com.google.android.youtube,media,cold,3630,3904,3155,foreground,96.3,0,0,1,night,1
2026-04-12 22:14:35,spotify,com.spotify.music,media,cold,2487,2663,2290,foreground,96.1,0,1,1,night,1
2026-04-12 22:43:31,netflix,com.netflix.mediaclient,media,cold,3853,4030,3672,foreground,96.0,0,0,1,night,1
2026-04-12 22:44:34,gmail,com.google.android.gm,productivity,cold,1695,1876,1593,foreground,95.9,0,0,1,night,1
2026-04-12 23:13:54,slack,com.Slack,productivity,cold,3927,4163,3347,foreground,96.4,1,0,1,night,1
2026-04-12 23:17:04,chrome,com.android.chrome,utility,cold,1207,1323,1162,foreground,97.2,1,0,1,night,1
2026-04-13 00:15:40,google_maps,com.google.android.apps.maps,utility,cold,3451,3580,2685,foreground,97.8,1,0,1,night,0
2026-04-13 00:28:46,amazon,com.amazon.mShop.android.shopping,commerce,cold,3352,3668,2871,foreground,98.6,1,0,1,night,0
2026-04-13 00:45:16,phonepe,com.phonepe.app,financial,cold,2130,2250,1773,foreground,99.3,1,0,1,night,0
2026-04-13 01:16:31,paytm,net.one97.paytm,financial,cold,2452,2699,2298,foreground,100.0,1,0,1,night,0
2026-04-13 01:26:35,samsung_health,com.sec.android.app.shealth,health,cold,2472,2602,2357,foreground,100,1,0,1,night,0
2026-04-13 03:39:29,instagram,com.instagram.android,social,cold,2928,3022,2589,foreground,100,1,0,1,night,0
2026-04-13 04:24:59,whatsapp,com.whatsapp,social,cold,2004,2004,1943,foreground,100,1,0,1,night,0
2026-04-13 04:28:30,youtube,com.google.android.youtube,media,cold,3560,3833,3254,foreground,100,1,0,1,night,0
2026-04-13 04:47:23,spotify,com.spotify.music,media,cold,2813,2982,2516,foreground,100,1,0,1,night,0
2026-04-13 05:18:25,netflix,com.netflix.mediaclient,media,cold,3889,4167,3547,foreground,100,1,0,1,morning,0
2026-04-13 05:44:03,gmail,com.google.android.gm,productivity,cold,1908,2009,1614,foreground,100,1,0,1,morning,0
2026-04-13 05:54:36,slack,com.Slack,productivity,cold,3281,3653,2901,foreground,100,1,0,1,morning,0
2026-04-13 07:07:00,chrome,com.android.chrome,utility,cold,1247,1314,1010,foreground,99.9,0,0,1,morning,0
2026-04-13 07:39:10,google_maps,com.google.android.apps.maps,utility,cold,2776,3083,2396,foreground,99.8,0,1,1,morning,0
2026-04-13 07:42:07,amazon,com.amazon.mShop.android.shopping,commerce,cold,2666,2765,2586,foreground,99.7,0,0,1,morning,0
2026-04-13 08:01:15,phonepe,com.phonepe.app,financial,cold,1739,1818,1627,foreground,99.6,0,0,1,morning,0
2026-04-13 08:30:25,paytm,net.one97.paytm,financial,cold,2241,2439,2055,foreground,99.4,0,0,1,morning,0
2026-04-13 08:34:00,samsung_health,com.sec.android.app.shealth,health,cold,2660,2912,2012,foreground,99.4,0,0,1,morning,0
2026-04-13 08:39:24,instagram,com.instagram.android,social,cold,3527,3703,2832,foreground,99.3,0,0,1,morning,0
2026-04-13 09:15:40,whatsapp,com.whatsapp,social,cold,2200,2284,2081,foreground,99.2,0,0,1,morning,0
2026-04-13 09:26:00,youtube,com.google.android.youtube,media,cold,3292,3292,3074,foreground,99.1,0,0,1,morning,0
2026-04-13 09:46:57,spotify,com.spotify.music,media,cold,2885,3085,2221,foreground,98.9,0,1,1,morning,0
2026-04-13 10:11:03,netflix,com.netflix.mediaclient,media,cold,3480,3480,2761,foreground,98.7,0,0,1,morning,0
2026-04-13 11:19:26,gmail,com.google.android.gm,productivity,cold,2099,2141,1941,foreground,98.7,0,0,1,morning,0
2026-04-13 12:31:06,slack,com.Slack,productivity,cold,3381,3585,2877,foreground,98.6,0,0,1,afternoon,0
2026-04-13 12:37:30,chrome,com.android.chrome,utility,cold,997,1133,919,foreground,98.5,0,0,1,afternoon,0
2026-04-13 13:06:56,google_maps,com.google.android.apps.maps,utility,cold,3769,4010,3521,foreground,98.4,0,0,1,afternoon,0
2026-04-13 13:17:20,amazon,com.amazon.mShop.android.shopping,commerce,cold,3114,3220,2494,foreground,98.3,0,0,1,afternoon,0
2026-04-13 13:23:04,phonepe,com.phonepe.app,financial,cold,1796,1921,1512,foreground,98.2,0,0,1,afternoon,0
2026-04-13 13:53:10,paytm,net.one97.paytm,financial,cold,2313,2415,1933,foreground,98.1,0,0,1,afternoon,0
2026-04-13 14:29:57,samsung_health,com.sec.android.app.shealth,health,cold,2215,2308,2005,foreground,97.9,0,0,1,afternoon,0
2026-04-13 14:36:27,instagram,com.instagram.android,social,cold,3214,3342,2668,foreground,97.7,0,0,1,afternoon,0
2026-04-13 14:51:50,whatsapp,com.whatsapp,social,cold,2099,2148,1944,foreground,97.7,0,0,1,afternoon,0
2026-04-13 15:33:12,youtube,com.google.android.youtube,media,cold,3418,3595,2902,foreground,97.5,0,0,1,afternoon,0
2026-04-13 16:42:01,spotify,com.spotify.music,media,cold,2904,3111,2651,foreground,97.5,0,0,1,afternoon,0
2026-04-13 17:01:40,netflix,com.netflix.mediaclient,media,cold,3113,3172,2778,foreground,97.4,0,0,1,evening,0
2026-04-13 17:04:04,gmail,com.google.android.gm,productivity,cold,1828,1896,1617,foreground,97.3,0,0,1,evening,0
2026-04-13 17:07:25,slack,com.Slack,productivity,cold,2718,2804,2449,foreground,97.1,0,1,1,evening,0
2026-04-13 17:12:52,chrome,com.android.chrome,utility,cold,1127,1244,949,foreground,97.0,0,1,1,evening,0
2026-04-13 17:25:25,google_maps,com.google.android.apps.maps,utility,cold,3060,3193,2612,foreground,96.9,0,0,1,evening,0
2026-04-13 18:06:45,amazon,com.amazon.mShop.android.shopping,commerce,cold,2881,3090,2612,foreground,96.8,0,0,1,evening,0
2026-04-13 18:41:27,phonepe,com.phonepe.app,financial,cold,1708,1734,1548,foreground,96.7,0,0,1,evening,0
2026-04-13 19:38:11,paytm,net.one97.paytm,financial,cold,2087,2311,1809,foreground,96.7,0,0,1,evening,0
2026-04-13 19:58:24,samsung_health,com.sec.android.app.shealth,health,cold,2377,2558,2177,foreground,96.5,0,1,1,evening,0
2026-04-13 20:59:31,instagram,com.instagram.android,social,cold,3510,3833,3102,foreground,96.4,0,0,1,evening,0
2026-04-13 21:06:20,whatsapp,com.whatsapp,social,cold,1740,1953,1550,foreground,96.3,0,1,1,evening,0
2026-04-13 21:13:49,youtube,com.google.android.youtube,media,cold,2982,2987,2853,foreground,96.2,0,0,1,evening,0
2026-04-13 21:45:07,spotify,com.spotify.music,media,cold,2497,2645,2214,foreground,96.1,0,0,1,evening,0
2026-04-13 22:07:46,netflix,com.netflix.mediaclient,media,cold,3643,3874,3152,foreground,96.1,0,1,1,night,0
2026-04-13 22:09:01,gmail,com.google.android.gm,productivity,cold,1560,1624,1232,foreground,95.9,0,0,1,night,0
2026-04-13 22:19:11,slack,com.Slack,productivity,cold,3287,3480,2781,foreground,95.9,0,1,1,night,0
2026-04-13 22:34:09,chrome,com.android.chrome,utility,cold,1201,1209,1065,foreground,95.8,0,0,1,night,0
2026-04-13 22:50:32,google_maps,com.google.android.apps.maps,utility,cold,2834,2888,2410,foreground,95.6,0,0,1,night,0
2026-04-13 22:56:24,amazon,com.amazon.mShop.android.shopping,commerce,cold,2702,2934,2332,foreground,95.6,0,1,1,night,0
2026-04-13 23:36:20,phonepe,com.phonepe.app,financial,cold,1909,2068,1554,foreground,96.1,1,1,1,night,0
2026-04-14 00:54:23,paytm,net.one97.paytm,financial,cold,2637,2819,2349,foreground,96.8,1,0,1,night,0
2026-04-14 01:06:30,samsung_health,com.sec.android.app.shealth,health,cold,2216,2478,1941,foreground,97.3,1,0,1,night,0
2026-04-14 01:59:14,instagram,com.instagram.android,social,cold,2502,2505,2201,foreground,97.8,1,0,1,night,0
2026-04-14 03:57:33,whatsapp,com.whatsapp,social,cold,2078,2213,2015,foreground,98.4,1,0,1,night,0
2026-04-14 04:01:03,youtube,com.google.android.youtube,media,cold,3381,3646,2927,foreground,98.9,1,0,1,night,0
2026-04-14 05:20:08,spotify,com.spotify.music,media,cold,2804,3006,2451,foreground,99.5,1,0,1,morning,0
2026-04-14 05:42:06,netflix,com.netflix.mediaclient,media,cold,3745,3913,3419,foreground,99.9,1,0,1,morning,0
2026-04-14 06:11:31,gmail,com.google.android.gm,productivity,cold,1906,2045,1733,foreground,100,1,0,1,morning,0
2026-04-14 06:27:12,slack,com.Slack,productivity,cold,3421,3574,2857,foreground,100,1,0,1,morning,0
2026-04-14 06:46:21,chrome,com.android.chrome,utility,cold,893,939,765,foreground,100,1,0,1,morning,0
2026-04-14 06:53:19,google_maps,com.google.android.apps.maps,utility,cold,2633,2682,2363,foreground,100,1,0,1,morning,0
2026-04-14 07:03:39,amazon,com.amazon.mShop.android.shopping,commerce,cold,2715,2962,2451,foreground,99.9,0,1,1,morning,0
2026-04-14 07:07:38,phonepe,com.phonepe.app,financial,cold,1733,1826,1544,foreground,99.8,0,0,1,morning,0
2026-04-14 07:19:41,paytm,net.one97.paytm,financial,cold,1750,1808,1494,foreground,99.7,0,0,1,morning,0
2026-04-14 07:32:47,samsung_health,com.sec.android.app.shealth,health,cold,2729,2837,2314,foreground,99.6,0,0,1,morning,0
2026-04-14 07:40:36,instagram,com.instagram.android,social,cold,3073,3250,2661,foreground,99.6,0,1,1,morning,0
2026-04-14 07:49:35,whatsapp,com.whatsapp,social,cold,2238,2483,2060,foreground,99.5,0,1,1,morning,0
2026-04-14 09:44:12,youtube,com.google.android.youtube,media,cold,3540,3788,3048,foreground,99.3,0,0,1,morning,0
2026-04-14 10:15:46,spotify,com.spotify.music,media,cold,3266,3528,2808,foreground,99.2,0,0,1,morning,0
2026-04-14 10:30:01,netflix,com.netflix.mediaclient,media,cold,3404,3670,3301,foreground,99.0,0,0,1,morning,0
2026-04-14 10:53:50,gmail,com.google.android.gm,productivity,cold,1656,1745,1498,foreground,98.9,0,0,1,morning,0
2026-04-14 11:05:01,slack,com.Slack,productivity,cold,3350,3514,2684,foreground,98.8,0,0,1,morning,0
2026-04-14 11:11:04,chrome,com.android.chrome,utility,cold,1151,1267,1113,foreground,98.6,0,0,1,morning,0
2026-04-14 12:06:51,google_maps,com.google.android.apps.maps,utility,cold,2731,2771,2597,foreground,98.5,0,0,1,afternoon,0
2026-04-14 12:28:39,amazon,com.amazon.mShop.android.shopping,commerce,cold,3093,3245,2840,foreground,98.5,0,0,1,afternoon,0
2026-04-14 12:36:36,phonepe,com.phonepe.app,financial,cold,1517,1584,1366,foreground,98.3,0,0,1,afternoon,0
2026-04-14 12:40:54,paytm,net.one97.paytm,financial,cold,2571,2727,2218,foreground,98.3,0,0,1,afternoon,0
2026-04-14 12:50:28,samsung_health,com.sec.android.app.shealth,health,cold,2313,2628,1924,foreground,98.1,0,0,1,afternoon,0
2026-04-14 13:16:56,instagram,com.instagram.android,social,cold,2952,3202,2803,foreground,98.0,0,0,1,afternoon,0
2026-04-14 13:34:06,whatsapp,com.whatsapp,social,cold,2060,2250,1800,foreground,97.9,0,0,1,afternoon,0
2026-04-14 13:40:15,youtube,com.google.android.youtube,media,cold,3192,3306,2862,foreground,97.7,0,0,1,afternoon,0
2026-04-14 14:33:28,spotify,com.spotify.music,media,cold,2968,3186,2566,foreground,97.7,0,0,1,afternoon,0
2026-04-14 14:59:10,netflix,com.netflix.mediaclient,media,cold,4166,4333,3657,foreground,97.5,0,0,1,afternoon,0
2026-04-14 15:09:34,gmail,com.google.android.gm,productivity,cold,2010,2105,1690,foreground,97.5,0,0,1,afternoon,0
2026-04-14 15:47:03,slack,com.Slack,productivity,cold,3144,3329,2778,foreground,97.4,0,0,1,afternoon,0
2026-04-14 15:52:17,chrome,com.android.chrome,utility,cold,1788,1983,1661,foreground,97.3,0,0,1,afternoon,0
2026-04-14 16:53:18,google_maps,com.google.android.apps.maps,utility,cold,3479,3662,3056,foreground,97.2,0,0,1,afternoon,0
2026-04-14 17:24:53,amazon,com.amazon.mShop.android.shopping,commerce,cold,2416,2621,2132,foreground,97.0,0,0,1,evening,0
2026-04-14 17:51:22,phonepe,com.phonepe.app,financial,cold,2177,2263,1987,foreground,97.0,0,1,1,evening,0
2026-04-14 18:16:46,paytm,net.one97.paytm,financial,cold,1872,1872,1686,foreground,96.9,0,0,1,evening,0
2026-04-14 18:26:49,samsung_health,com.sec.android.app.shealth,health,cold,2186,2313,2005,foreground,96.8,0,1,1,evening,0
2026-04-14 18:30:53,instagram,com.instagram.android,social,cold,3024,3183,2733,foreground,96.7,0,0,1,evening,0
2026-04-14 18:37:20,whatsapp,com.whatsapp,social,cold,2136,2189,2005,foreground,96.6,0,0,1,evening,0
2026-04-14 18:37:23,youtube,com.google.android.youtube,media,cold,3183,3410,3058,foreground,96.5,0,0,1,evening,0
2026-04-14 18:40:36,spotify,com.spotify.music,media,cold,3129,3378,2809,foreground,96.4,0,0,1,evening,0
2026-04-14 19:30:18,netflix,com.netflix.mediaclient,media,cold,4338,4612,3804,foreground,96.2,0,0,1,evening,0
2026-04-14 20:02:29,gmail,com.google.android.gm,productivity,cold,1851,1885,1537,foreground,96.1,0,0,1,evening,0
2026-04-14 20:25:02,slack,com.Slack,productivity,cold,3758,3909,3196,foreground,96.0,0,0,1,evening,0
2026-04-14 20:35:27,chrome,com.android.chrome,utility,cold,1000,1049,846,foreground,95.9,0,0,1,evening,0
2026-04-14 20:40:23,google_maps,com.google.android.apps.maps,utility,cold,2540,2636,2309,foreground,95.8,0,0,1,evening,0
2026-04-14 21:09:54,amazon,com.amazon.mShop.android.shopping,commerce,cold,3051,3227,2741,foreground,95.7,0,1,1,evening,0
2026-04-14 21:33:43,phonepe,com.phonepe.app,financial,cold,1742,1798,1597,foreground,95.6,0,1,1,evening,0
2026-04-14 21:35:31,paytm,net.one97.paytm,financial,cold,2109,2121,2035,foreground,95.5,0,1,1,evening,0
2026-04-14 22:32:51,samsung_health,com.sec.android.app.shealth,health,cold,2404,2657,2152,foreground,95.4,0,1,1,night,0
2026-04-14 22:43:51,instagram,com.instagram.android,social,cold,2648,2648,2243,foreground,95.4,0,0,1,night,0
2026-04-14 22:53:09,whatsapp,com.whatsapp,social,cold,2151,2370,2086,foreground,95.3,0,1,1,night,0
2026-04-14 23:06:46,youtube,com.google.android.youtube,media,cold,2772,2922,2688,foreground,95.9,1,0,1,night,0
2026-04-14 23:13:48,spotify,com.spotify.music,media,cold,3217,3538,2905,foreground,96.3,1,0,1,night,0
2026-04-14 23:22:28,netflix,com.netflix.mediaclient,media,cold,4464,4556,4274,foreground,96.9,1,0,1,night,0
2026-04-14 23:49:05,gmail,com.google.android.gm,productivity,cold,1554,1647,1318,foreground,97.3,1,0,1,night,0
2026-04-15 00:06:25,slack,com.Slack,productivity,cold,4169,4509,3688,foreground,97.7,1,0,1,night,0
2026-04-15 00:08:19,chrome,com.android.chrome,utility,cold,1112,1189,1047,foreground,98.4,1,0,1,night,0
2026-04-15 00:21:45,google_maps,com.google.android.apps.maps,utility,cold,2745,3093,2252,foreground,99.1,1,0,1,night,0
2026-04-15 00:31:29,amazon,com.amazon.mShop.android.shopping,commerce,cold,2589,2809,2437,foreground,99.9,1,0,1,night,0
2026-04-15 00:41:04,phonepe,com.phonepe.app,financial,cold,2108,2192,1798,foreground,100,1,0,1,night,0
2026-04-15 00:55:50,paytm,net.one97.paytm,financial,cold,2495,2672,2293,foreground,100,1,0,1,night,0
2026-04-15 01:09:21,samsung_health,com.sec.android.app.shealth,health,cold,2671,2779,2465,foreground,100,1,0,1,night,0
2026-04-15 01:12:03,instagram,com.instagram.android,social,cold,2838,3019,2434,foreground,100,1,0,1,night,0
2026-04-15 01:17:49,whatsapp,com.whatsapp,social,cold,1940,2113,1480,foreground,100,1,0,1,night,0
2026-04-15 01:24:10,youtube,com.google.android.youtube,media,cold,3479,3709,3145,foreground,100,1,0,1,night,0
2026-04-15 01:24:26,spotify,com.spotify.music,media,cold,3021,3123,2666,foreground,100,1,0,1,night,0
2026-04-15 01:39:24,netflix,com.netflix.mediaclient,media,cold,3441,3751,3228,foreground,100,1,0,1,night,0
2026-04-15 01:51:09,gmail,com.google.android.gm,productivity,cold,1617,1865,1421,foreground,100,1,0,1,night,0
2026-04-15 02:02:13,slack,com.Slack,productivity,cold,3087,3264,2573,foreground,100,1,0,1,night,0
2026-04-15 02:11:39,chrome,com.android.chrome,utility,cold,1296,1427,1069,foreground,100,1,0,1,night,0
2026-04-15 02:41:57,google_maps,com.google.android.apps.maps,utility,cold,2715,2912,2373,foreground,100,1,0,1,night,0
2026-04-15 03:27:02,amazon,com.amazon.mShop.android.shopping,commerce,cold,3067,3249,2690,foreground,100,1,0,1,night,0
2026-04-15 03:48:19,phonepe,com.phonepe.app,financial,cold,1867,1976,1657,foreground,100,1,0,1,night,0
2026-04-15 03:56:27,paytm,net.one97.paytm,financial,cold,2435,2562,2051,foreground,100,1,0,1,night,0
2026-04-15 04:36:38,samsung_health,com.sec.android.app.shealth,health,cold,2388,2457,2193,foreground,100,1,0,1,night,0
2026-04-15 04:39:36,instagram,com.instagram.android,social,cold,3652,3683,3112,foreground,100,1,0,1,night,0
2026-04-15 04:49:06,whatsapp,com.whatsapp,social,cold,2163,2320,1925,foreground,100,1,0,1,night,0
2026-04-15 05:05:50,youtube,com.google.android.youtube,media,cold,3678,3773,3334,foreground,100,1,0,1,morning,0
2026-04-15 05:36:31,spotify,com.spotify.music,media,cold,2793,2962,2709,foreground,100,1,0,1,morning,0
2026-04-15 05:40:14,netflix,com.netflix.mediaclient,media,cold,3661,3870,3368,foreground,100,1,0,1,morning,0
2026-04-15 06:20:37,gmail,com.google.android.gm,productivity,cold,1987,2034,1834,foreground,100,1,0,1,morning,0
2026-04-15 06:31:57,slack,com.Slack,productivity,cold,3907,4180,3524,foreground,100,1,0,1,morning,0
2026-04-15 06:39:18,chrome,com.android.chrome,utility,cold,1456,1528,1267,foreground,100,1,0,1,morning,0
2026-04-15 07:02:55,google_maps,com.google.android.apps.maps,utility,cold,2690,2982,2609,foreground,99.9,0,1,1,morning,0
2026-04-15 07:31:31,amazon,com.amazon.mShop.android.shopping,commerce,cold,2675,2675,2422,foreground,99.8,0,0,1,morning,0
2026-04-15 09:36:31,phonepe,com.phonepe.app,financial,cold,2167,2233,1810,foreground,99.8,0,0,1,morning,0
2026-04-15 09:48:50,paytm,net.one97.paytm,financial,cold,2342,2505,2023,foreground,99.7,0,0,1,morning,0
2026-04-15 10:08:51,samsung_health,com.sec.android.app.shealth,health,cold,2644,2763,2147,foreground,99.6,0,0,1,morning,0
2026-04-15 10:59:44,instagram,com.instagram.android,social,cold,2990,3178,2639,foreground,99.4,0,0,1,morning,0
2026-04-15 11:12:58,whatsapp,com.whatsapp,social,cold,2052,2249,1900,foreground,99.4,0,0,1,morning,0
2026-04-15 11:55:28,youtube,com.google.android.youtube,media,cold,3641,3954,3305,foreground,99.2,0,0,1,morning,0
2026-04-15 12:02:42,spotify,com.spotify.music,media,cold,2368,2383,1998,foreground,99.2,0,0,1,afternoon,0
2026-04-15 12:03:09,netflix,com.netflix.mediaclient,media,cold,4494,4736,4187,foreground,99.1,0,0,1,afternoon,0
2026-04-15 12:06:30,gmail,com.google.android.gm,productivity,cold,1856,1983,1595,foreground,99.0,0,0,1,afternoon,0
2026-04-15 12:16:27,slack,com.Slack,productivity,cold,2769,2787,2372,foreground,98.9,0,0,1,afternoon,0
2026-04-15 12:17:01,chrome,com.android.chrome,utility,cold,1383,1557,1136,foreground,98.9,0,0,1,afternoon,0
2026-04-15 12:40:13,google_maps,com.google.android.apps.maps,utility,cold,3473,3531,2942,foreground,98.8,0,0,1,afternoon,0
2026-04-15 13:03:54,amazon,com.amazon.mShop.android.shopping,commerce,cold,2670,2872,2424,foreground,98.6,0,0,1,afternoon,0
2026-04-15 14:05:44,phonepe,com.phonepe.app,financial,cold,2099,2162,1787,foreground,98.6,0,0,1,afternoon,0
2026-04-15 15:24:44,paytm,net.one97.paytm,financial,cold,2434,2464,2089,foreground,98.5,0,0,1,afternoon,0
2026-04-15 15:30:14,samsung_health,com.sec.android.app.shealth,health,cold,2639,2873,2252,foreground,98.4,0,0,1,afternoon,0
2026-04-15 15:40:16,instagram,com.instagram.android,social,cold,3609,3888,3079,foreground,98.3,0,0,1,afternoon,0
2026-04-15 15:42:00,whatsapp,com.whatsapp,social,cold,2253,2412,1874,foreground,98.2,0,0,1,afternoon,0
2026-04-15 15:45:45,youtube,com.google.android.youtube,media,cold,3046,3214,2403,foreground,98.1,0,0,1,afternoon,0
2026-04-15 16:08:10,spotify,com.spotify.music,media,cold,2462,2482,2318,foreground,98.0,0,0,1,afternoon,0
2026-04-15 16:12:23,netflix,com.netflix.mediaclient,media,cold,4642,4881,3913,foreground,97.9,0,0,1,afternoon,0
2026-04-15 16:28:22,gmail,com.google.android.gm,productivity,cold,2046,2160,1695,foreground,97.8,0,0,1,afternoon,0
2026-04-15 16:33:02,slack,com.Slack,productivity,cold,3408,3606,3043,foreground,97.7,0,0,1,afternoon,0
2026-04-15 16:35:24,chrome,com.android.chrome,utility,cold,975,988,841,foreground,97.6,0,0,1,afternoon,0
2026-04-15 17:38:10,google_maps,com.google.android.apps.maps,utility,cold,2861,3137,2775,foreground,97.5,0,1,1,evening,0
2026-04-15 17:48:15,amazon,com.amazon.mShop.android.shopping,commerce,cold,2579,2777,2102,foreground,97.4,0,0,1,evening,0
2026-04-15 18:08:58,phonepe,com.phonepe.app,financial,cold,1604,1703,1481,foreground,97.4,0,0,1,evening,0
2026-04-15 18:20:40,paytm,net.one97.paytm,financial,cold,1795,1948,1543,foreground,97.3,0,0,1,evening,0
2026-04-15 19:45:04,samsung_health,com.sec.android.app.shealth,health,cold,2750,2965,2312,foreground,97.2,0,1,1,evening,0
2026-04-15 19:56:26,instagram,com.instagram.android,social,cold,3216,3357,2605,foreground,97.0,0,0,1,evening,0
2026-04-15 21:15:59,whatsapp,com.whatsapp,social,cold,2528,2788,2072,foreground,96.9,0,0,1,evening,0
2026-04-15 21:22:32,youtube,com.google.android.youtube,media,cold,2698,2698,2257,foreground,96.8,0,1,1,evening,0
2026-04-15 21:28:15,spotify,com.spotify.music,media,cold,2606,2674,2261,foreground,96.7,0,0,1,evening,0
2026-04-15 23:21:34,netflix,com.netflix.mediaclient,media,cold,3702,3975,3516,foreground,97.1,1,0,1,night,0
2026-04-15 23:41:44,gmail,com.google.android.gm,productivity,cold,1559,1660,1415,foreground,97.8,1,1,1,night,0
2026-04-15 23:43:39,slack,com.Slack,productivity,cold,3114,3262,2852,foreground,98.4,1,0,1,night,0
2026-04-15 23:53:12,chrome,com.android.chrome,utility,cold,1223,1278,1003,foreground,99.2,1,1,1,night,0
2026-04-16 00:03:41,google_maps,com.google.android.apps.maps,utility,cold,2405,2684,2332,foreground,99.8,1,0,1,night,0
2026-04-16 00:07:57,amazon,com.amazon.mShop.android.shopping,commerce,cold,2655,2833,2396,foreground,100,1,0,1,night,0
2026-04-16 00:13:51,phonepe,com.phonepe.app,financial,cold,2126,2366,1942,foreground,100,1,0,1,night,0
2026-04-16 00:41:21,paytm,net.one97.paytm,financial,cold,2205,2384,1953,foreground,100,1,0,1,night,0
2026-04-16 01:45:49,samsung_health,com.sec.android.app.shealth,health,cold,2435,2519,2182,foreground,100,1,0,1,night,0
2026-04-16 01:51:57,instagram,com.instagram.android,social,cold,3043,3177,2487,foreground,100,1,0,1,night,0
2026-04-16 01:56:15,whatsapp,com.whatsapp,social,cold,2059,2164,1641,foreground,100,1,0,1,night,0
2026-04-16 02:46:32,youtube,com.google.android.youtube,media,cold,2937,3142,2573,foreground,100,1,0,1,night,0
2026-04-16 03:15:28,spotify,com.spotify.music,media,cold,2601,2858,2235,foreground,100,1,0,1,night,0
2026-04-16 03:18:08,netflix,com.netflix.mediaclient,media,cold,3339,3412,3028,foreground,100,1,0,1,night,0
2026-04-16 03:28:23,gmail,com.google.android.gm,productivity,cold,1702,1830,1640,foreground,100,1,0,1,night,0
2026-04-16 03:52:02,slack,com.Slack,productivity,cold,3231,3498,2753,foreground,100,1,0,1,night,0
2026-04-16 03:56:49,chrome,com.android.chrome,utility,cold,1464,1500,1378,foreground,100,1,0,1,night,0
2026-04-16 03:57:09,google_maps,com.google.android.apps.maps,utility,cold,3601,3868,3139,foreground,100,1,0,1,night,0
2026-04-16 04:26:15,amazon,com.amazon.mShop.android.shopping,commerce,cold,2278,2509,1873,foreground,100,1,0,1,night,0
2026-04-16 04:34:28,phonepe,com.phonepe.app,financial,cold,2065,2174,2003,foreground,100,1,0,1,night,0
2026-04-16 04:37:20,paytm,net.one97.paytm,financial,cold,1559,1559,1512,foreground,100,1,0,1,night,0
2026-04-16 04:49:38,samsung_health,com.sec.android.app.shealth,health,cold,2289,2454,2220,foreground,100,1,0,1,night,0
2026-04-16 05:05:15,instagram,com.instagram.android,social,cold,2766,2766,2380,foreground,100,1,0,1,morning,0
2026-04-16 05:18:09,whatsapp,com.whatsapp,social,cold,1794,1864,1640,foreground,100,1,0,1,morning,0
2026-04-16 05:44:03,youtube,com.google.android.youtube,media,cold,3832,4137,3392,foreground,100,1,0,1,morning,0
2026-04-16 06:29:23,spotify,com.spotify.music,media,cold,2668,2800,2268,foreground,100,1,0,1,morning,0
2026-04-16 06:57:38,netflix,com.netflix.mediaclient,media,cold,3976,4255,3428,foreground,100,1,0,1,morning,0
2026-04-16 07:04:42,gmail,com.google.android.gm,productivity,cold,1709,1836,1475,foreground,99.9,0,1,1,morning,0
2026-04-16 08:49:38,slack,com.Slack,productivity,cold,3386,3662,2810,foreground,99.7,0,0,1,morning,0
2026-04-16 09:29:13,chrome,com.android.chrome,utility,cold,742,840,639,foreground,99.6,0,0,1,morning,0
2026-04-16 09:37:09,google_maps,com.google.android.apps.maps,utility,cold,2624,2687,2073,foreground,99.5,0,0,1,morning,0
2026-04-16 09:57:17,amazon,com.amazon.mShop.android.shopping,commerce,cold,3028,3195,2683,foreground,99.4,0,0,1,morning,0
2026-04-16 10:09:41,phonepe,com.phonepe.app,financial,cold,2278,2379,2177,foreground,99.3,0,0,1,morning,0
2026-04-16 10:15:10,paytm,net.one97.paytm,financial,cold,2314,2414,1940,foreground,99.2,0,0,1,morning,0
2026-04-16 10:38:56,samsung_health,com.sec.android.app.shealth,health,cold,2839,3047,2600,foreground,99.2,0,0,1,morning,0
2026-04-16 10:55:51,instagram,com.instagram.android,social,cold,3315,3363,3119,foreground,99.0,0,0,1,morning,0
2026-04-16 11:00:05,whatsapp,com.whatsapp,social,cold,2568,2667,2265,foreground,99.0,0,0,1,morning,0
2026-04-16 11:00:50,youtube,com.google.android.youtube,media,cold,3167,3389,2674,foreground,98.9,0,0,1,morning,0
2026-04-16 11:26:01,spotify,com.spotify.music,media,cold,2960,3243,2594,foreground,98.8,0,0,1,morning,0
2026-04-16 12:11:39,netflix,com.netflix.mediaclient,media,cold,4435,4828,3937,foreground,98.8,0,0,1,afternoon,0
2026-04-16 12:40:52,gmail,com.google.android.gm,productivity,cold,1663,1730,1531,foreground,98.6,0,0,1,afternoon,0
2026-04-16 13:28:13,slack,com.Slack,productivity,cold,3286,3398,2848,foreground,98.5,0,0,1,afternoon,0
2026-04-16 13:39:35,chrome,com.android.chrome,utility,cold,1233,1272,1115,foreground,98.4,0,0,1,afternoon,0
2026-04-16 14:26:25,google_maps,com.google.android.apps.maps,utility,cold,2674,2923,2536,foreground,98.2,0,0,1,afternoon,0
2026-04-16 14:47:25,amazon,com.amazon.mShop.android.shopping,commerce,cold,2681,2735,2409,foreground,98.1,0,0,1,afternoon,0
2026-04-16 14:58:51,phonepe,com.phonepe.app,financial,cold,1688,1804,1341,foreground,98.0,0,0,1,afternoon,0
2026-04-16 15:41:29,paytm,net.one97.paytm,financial,cold,2096,2138,1876,foreground,97.9,0,0,1,afternoon,0
2026-04-16 15:54:06,samsung_health,com.sec.android.app.shealth,health,cold,2534,2682,2380,foreground,97.8,0,0,1,afternoon,0
2026-04-16 16:10:45,instagram,com.instagram.android,social,cold,3191,3377,3019,foreground,97.7,0,0,1,afternoon,0
2026-04-16 16:12:13,whatsapp,com.whatsapp,social,cold,1889,2001,1773,foreground,97.6,0,0,1,afternoon,0
2026-04-16 16:14:35,youtube,com.google.android.youtube,media,cold,2837,3054,2591,foreground,97.4,0,0,1,afternoon,0
2026-04-16 16:41:16,spotify,com.spotify.music,media,cold,2594,2746,2328,foreground,97.3,0,0,1,afternoon,0
2026-04-16 17:02:51,netflix,com.netflix.mediaclient,media,cold,3315,3325,2963,foreground,97.3,0,0,1,evening,0
2026-04-16 17:03:20,gmail,com.google.android.gm,productivity,cold,1379,1468,1235,foreground,97.2,0,0,1,evening,0
2026-04-16 17:31:04,slack,com.Slack,productivity,cold,2691,2910,2331,foreground,97.2,0,0,1,evening,0
2026-04-16 17:56:19,chrome,com.android.chrome,utility,cold,1538,1679,1290,foreground,97.0,0,0,1,evening,0
2026-04-16 18:10:24,google_maps,com.google.android.apps.maps,utility,cold,2955,3132,2588,foreground,96.9,0,0,1,evening,0
2026-04-16 18:11:37,amazon,com.amazon.mShop.android.shopping,commerce,cold,3090,3291,2827,foreground,96.8,0,0,1,evening,0
2026-04-16 18:45:22,phonepe,com.phonepe.app,financial,cold,2273,2352,2105,foreground,96.7,0,0,1,evening,0
2026-04-16 19:20:24,paytm,net.one97.paytm,financial,cold,2458,2596,2384,foreground,96.6,0,0,1,evening,0
2026-04-16 20:23:31,samsung_health,com.sec.android.app.shealth,health,cold,2399,2678,2049,foreground,96.5,0,0,1,evening,0
2026-04-16 20:57:17,instagram,com.instagram.android,social,cold,3257,3521,2820,foreground,96.4,0,0,1,evening,0
2026-04-16 21:18:15,whatsapp,com.whatsapp,social,cold,2353,2478,2083,foreground,96.3,0,0,1,evening,0
2026-04-16 21:25:25,youtube,com.google.android.youtube,media,cold,3527,3729,3109,foreground,96.1,0,0,1,evening,0
2026-04-16 21:26:23,spotify,com.spotify.music,media,cold,2664,2857,2121,foreground,96.1,0,1,1,evening,0
2026-04-16 22:12:27,netflix,com.netflix.mediaclient,media,cold,3275,3598,3176,foreground,96.0,0,0,1,night,0
2026-04-16 22:54:01,gmail,com.google.android.gm,productivity,cold,1791,1933,1737,foreground,95.9,0,1,1,night,0
2026-04-16 23:13:50,slack,com.Slack,productivity,cold,3493,3789,2837,foreground,96.8,1,0,1,night,0
2026-04-16 23:23:25,chrome,com.android.chrome,utility,cold,1509,1703,1317,foreground,97.4,1,1,1,night,0
2026-04-16 23:27:52,google_maps,com.google.android.apps.maps,utility,cold,2551,2780,2263,foreground,98.1,1,1,1,night,0
2026-04-16 23:32:57,amazon,com.amazon.mShop.android.shopping,commerce,cold,3127,3512,2803,foreground,99.0,1,0,1,night,0
2026-04-16 23:35:02,phonepe,com.phonepe.app,financial,cold,2547,2686,2078,foreground,99.7,1,1,1,night,0
2026-04-17 00:23:22,paytm,net.one97.paytm,financial,cold,2235,2413,1798,foreground,100,1,0,1,night,0
2026-04-17 00:42:32,samsung_health,com.sec.android.app.shealth,health,cold,2285,2326,1998,foreground,100,1,0,1,night,0
2026-04-17 00:44:15,instagram,com.instagram.android,social,cold,2961,3205,2580,foreground,100,1,0,1,night,0
2026-04-17 01:57:16,whatsapp,com.whatsapp,social,cold,2238,2405,2139,foreground,100,1,0,1,night,0
2026-04-17 02:19:15,youtube,com.google.android.youtube,media,cold,3186,3342,2727,foreground,100,1,0,1,night,0
2026-04-17 02:48:04,spotify,com.spotify.music,media,cold,2179,2408,1940,foreground,100,1,0,1,night,0
2026-04-17 03:39:41,netflix,com.netflix.mediaclient,media,cold,4067,4423,3687,foreground,100,1,0,1,night,0
2026-04-17 03:54:13,gmail,com.google.android.gm,productivity,cold,1516,1644,1366,foreground,100,1,0,1,night,0
2026-04-17 05:05:15,slack,com.Slack,productivity,cold,3566,3668,3187,foreground,100,1,0,1,morning,0
2026-04-17 05:14:10,chrome,com.android.chrome,utility,cold,1148,1186,919,foreground,100,1,0,1,morning,0
2026-04-17 05:54:46,google_maps,com.google.android.apps.maps,utility,cold,3023,3449,2529,foreground,100,1,0,1,morning,0
2026-04-17 06:59:50,amazon,com.amazon.mShop.android.shopping,commerce,cold,2803,2999,2511,foreground,100,1,0,1,morning,0
2026-04-17 07:11:23,phonepe,com.phonepe.app,financial,cold,1880,2062,1611,foreground,99.9,0,1,1,morning,0
2026-04-17 07:15:54,paytm,net.one97.paytm,financial,cold,2289,2457,1960,foreground,99.9,0,1,1,morning,0
2026-04-17 07:28:48,samsung_health,com.sec.android.app.shealth,health,cold,2460,2547,2269,foreground,99.8,0,0,1,morning,0
2026-04-17 07:34:51,instagram,com.instagram.android,social,cold,3283,3347,3018,foreground,99.7,0,0,1,morning,0
2026-04-17 07:35:14,whatsapp,com.whatsapp,social,cold,2163,2247,2098,foreground,99.7,0,0,1,morning,0
2026-04-17 07:41:25,youtube,com.google.android.youtube,media,cold,3475,3769,3200,foreground,99.6,0,0,1,morning,0
2026-04-17 08:32:17,spotify,com.spotify.music,media,cold,2568,2671,2415,foreground,99.5,0,0,1,morning,0
2026-04-17 08:48:47,netflix,com.netflix.mediaclient,media,cold,3501,3720,3112,foreground,99.4,0,0,1,morning,0
2026-04-17 09:11:50,gmail,com.google.android.gm,productivity,cold,1822,1935,1583,foreground,99.3,0,0,1,morning,0
2026-04-17 09:36:37,slack,com.Slack,productivity,cold,3006,3043,2833,foreground,99.2,0,0,1,morning,0
2026-04-17 10:17:26,chrome,com.android.chrome,utility,cold,1328,1347,1146,foreground,99.1,0,0,1,morning,0
2026-04-17 10:24:23,google_maps,com.google.android.apps.maps,utility,cold,2714,2904,2340,foreground,99.1,0,0,1,morning,0
2026-04-17 10:45:52,amazon,com.amazon.mShop.android.shopping,commerce,cold,2871,3022,2591,foreground,98.9,0,0,1,morning,0
2026-04-17 11:04:52,phonepe,com.phonepe.app,financial,cold,2287,2406,1826,foreground,98.8,0,0,1,morning,0
2026-04-17 11:29:40,paytm,net.one97.paytm,financial,cold,2333,2497,2182,foreground,98.7,0,0,1,morning,0
2026-04-17 11:35:30,samsung_health,com.sec.android.app.shealth,health,cold,2641,2831,2421,foreground,98.6,0,0,1,morning,0
2026-04-17 11:57:08,instagram,com.instagram.android,social,cold,3009,3214,2593,foreground,98.5,0,0,1,morning,0
2026-04-17 12:08:14,whatsapp,com.whatsapp,social,cold,2467,2620,2220,foreground,98.4,0,0,1,afternoon,0
2026-04-17 12:59:37,youtube,com.google.android.youtube,media,cold,3261,3467,2828,foreground,98.3,0,0,1,afternoon,0
2026-04-17 13:22:37,spotify,com.spotify.music,media,cold,2522,2660,2108,foreground,98.2,0,0,1,afternoon,0
2026-04-17 13:48:42,netflix,com.netflix.mediaclient,media,cold,3700,3700,3378,foreground,98.0,0,0,1,afternoon,0
2026-04-17 13:54:22,gmail,com.google.android.gm,productivity,cold,1644,1674,1460,foreground,97.8,0,0,1,afternoon,0
2026-04-17 14:42:10,slack,com.Slack,productivity,cold,2595,2916,1974,foreground,97.7,0,0,1,afternoon,0
2026-04-17 15:03:12,chrome,com.android.chrome,utility,cold,1144,1192,936,foreground,97.6,0,0,1,afternoon,0
2026-04-17 15:43:52,google_maps,com.google.android.apps.maps,utility,cold,2998,3152,2541,foreground,97.6,0,0,1,afternoon,0
2026-04-17 16:03:23,amazon,com.amazon.mShop.android.shopping,commerce,cold,2429,2447,2080,foreground,97.5,0,0,1,afternoon,0
2026-04-17 16:17:19,phonepe,com.phonepe.app,financial,cold,2380,2515,2093,foreground,97.3,0,0,1,afternoon,0
2026-04-17 17:04:40,paytm,net.one97.paytm,financial,cold,2650,2782,2441,foreground,97.2,0,1,1,evening,0
2026-04-17 17:35:49,samsung_health,com.sec.android.app.shealth,health,cold,2092,2205,1868,foreground,97.2,0,0,1,evening,0
2026-04-17 19:33:58,instagram,com.instagram.android,social,cold,3267,3553,2952,foreground,97.1,0,1,1,evening,0
2026-04-17 20:12:31,whatsapp,com.whatsapp,social,cold,1827,1945,1586,foreground,97.0,0,0,1,evening,0
2026-04-17 20:21:25,youtube,com.google.android.youtube,media,cold,3460,3763,3014,foreground,96.9,0,1,1,evening,0
2026-04-17 21:13:35,spotify,com.spotify.music,media,cold,2197,2370,1942,foreground,96.8,0,1,1,evening,0
2026-04-17 22:37:32,netflix,com.netflix.mediaclient,media,cold,4108,4424,3462,foreground,96.7,0,0,1,night,0
2026-04-17 22:41:10,gmail,com.google.android.gm,productivity,cold,1246,1274,992,foreground,96.6,0,0,1,night,0
2026-04-17 22:56:22,slack,com.Slack,productivity,cold,2831,3057,2746,foreground,96.5,0,0,1,night,0
2026-04-17 23:04:08,chrome,com.android.chrome,utility,cold,1471,1513,1342,foreground,97.1,1,1,1,night,0
2026-04-18 00:13:55,google_maps,com.google.android.apps.maps,utility,cold,3307,3556,2833,foreground,97.9,1,0,1,night,1
2026-04-18 00:19:21,amazon,com.amazon.mShop.android.shopping,commerce,cold,2844,2844,2606,foreground,98.7,1,0,1,night,1
2026-04-18 00:31:13,phonepe,com.phonepe.app,financial,cold,2005,2228,1806,foreground,99.2,1,0,1,night,1
2026-04-18 00:41:32,paytm,net.one97.paytm,financial,cold,1844,1926,1719,foreground,99.5,1,0,1,night,1
2026-04-18 01:08:40,samsung_health,com.sec.android.app.shealth,health,cold,1940,2012,1792,foreground,99.9,1,0,1,night,1
2026-04-18 01:14:30,instagram,com.instagram.android,social,cold,2311,2377,2090,foreground,100,1,0,1,night,1
2026-04-18 02:37:01,whatsapp,com.whatsapp,social,cold,2129,2257,1837,foreground,100,1,0,1,night,1
2026-04-18 02:45:59,youtube,com.google.android.youtube,media,cold,3786,4052,3176,foreground,100,1,0,1,night,1
2026-04-18 03:01:35,spotify,com.spotify.music,media,cold,2615,2779,2243,foreground,100,1,0,1,night,1
2026-04-18 03:52:17,netflix,com.netflix.mediaclient,media,cold,4778,4900,4059,foreground,100,1,0,1,night,1
2026-04-18 04:32:59,gmail,com.google.android.gm,productivity,cold,1733,1815,1638,foreground,100,1,0,1,night,1
2026-04-18 06:12:30,slack,com.Slack,productivity,cold,3416,3624,2936,foreground,100,1,0,1,morning,1
2026-04-18 06:32:12,chrome,com.android.chrome,utility,cold,1297,1350,1071,foreground,100,1,0,1,morning,1
2026-04-18 07:59:08,google_maps,com.google.android.apps.maps,utility,cold,3302,3426,3078,foreground,99.9,0,0,1,morning,1
2026-04-18 08:30:08,amazon,com.amazon.mShop.android.shopping,commerce,cold,2733,2785,2651,foreground,99.8,0,1,1,morning,1
2026-04-18 08:33:00,phonepe,com.phonepe.app,financial,cold,1774,1875,1583,foreground,99.7,0,1,1,morning,1
2026-04-18 09:02:00,paytm,net.one97.paytm,financial,cold,1664,1735,1614,foreground,99.6,0,0,1,morning,1
2026-04-18 10:25:34,samsung_health,com.sec.android.app.shealth,health,cold,2107,2243,1892,foreground,99.5,0,0,1,morning,1
2026-04-18 10:39:54,instagram,com.instagram.android,social,cold,2862,3032,2541,foreground,99.4,0,0,1,morning,1
2026-04-18 10:53:12,whatsapp,com.whatsapp,social,cold,2485,2492,2291,foreground,99.3,0,0,1,morning,1
2026-04-18 11:43:58,youtube,com.google.android.youtube,media,cold,3842,4019,3467,foreground,99.3,0,0,1,morning,1
2026-04-18 11:59:19,spotify,com.spotify.music,media,cold,2855,2867,2537,foreground,99.2,0,0,1,morning,1
2026-04-18 12:35:57,netflix,com.netflix.mediaclient,media,cold,4926,5190,4324,foreground,99.1,0,0,1,afternoon,1
2026-04-18 12:38:22,gmail,com.google.android.gm,productivity,cold,1653,1699,1444,foreground,99.0,0,0,1,afternoon,1
2026-04-18 13:01:47,slack,com.Slack,productivity,cold,3040,3088,2793,foreground,98.9,0,0,1,afternoon,1
2026-04-18 13:02:45,chrome,com.android.chrome,utility,cold,1246,1315,1111,foreground,98.9,0,0,1,afternoon,1
2026-04-18 13:07:22,google_maps,com.google.android.apps.maps,utility,cold,3446,3618,3306,foreground,98.7,0,0,1,afternoon,1
2026-04-18 13:08:38,amazon,com.amazon.mShop.android.shopping,commerce,cold,2945,2945,2375,foreground,98.7,0,0,1,afternoon,1
2026-04-18 14:06:02,phonepe,com.phonepe.app,financial,cold,2085,2238,1884,foreground,98.6,0,0,1,afternoon,1
2026-04-18 14:27:19,paytm,net.one97.paytm,financial,cold,1959,2082,1627,foreground,98.5,0,0,1,afternoon,1
2026-04-18 14:56:13,samsung_health,com.sec.android.app.shealth,health,cold,2416,2551,2216,foreground,98.5,0,0,1,afternoon,1
2026-04-18 15:02:43,instagram,com.instagram.android,social,cold,3223,3470,2781,foreground,98.4,0,0,1,afternoon,1
2026-04-18 15:17:28,whatsapp,com.whatsapp,social,cold,1524,1610,1331,foreground,98.3,0,0,1,afternoon,1
2026-04-18 16:18:55,youtube,com.google.android.youtube,media,cold,2855,2974,2323,foreground,98.2,0,0,1,afternoon,1
2026-04-18 16:45:18,spotify,com.spotify.music,media,cold,2733,2871,2376,foreground,98.1,0,0,1,afternoon,1
2026-04-18 16:53:22,netflix,com.netflix.mediaclient,media,cold,4095,4232,3946,foreground,98.1,0,0,1,afternoon,1
2026-04-18 17:00:30,gmail,com.google.android.gm,productivity,cold,1690,1771,1430,foreground,97.9,0,0,1,evening,1
2026-04-18 17:02:45,slack,com.Slack,productivity,cold,2960,2960,2730,foreground,97.8,0,0,1,evening,1
2026-04-18 17:39:09,chrome,com.android.chrome,utility,cold,951,988,781,foreground,97.7,0,0,1,evening,1
2026-04-18 18:16:45,google_maps,com.google.android.apps.maps,utility,cold,3363,3518,2980,foreground,97.6,0,0,1,evening,1
2026-04-18 18:19:22,amazon,com.amazon.mShop.android.shopping,commerce,cold,3210,3353,2750,foreground,97.5,0,1,1,evening,1
2026-04-18 18:20:26,phonepe,com.phonepe.app,financial,cold,1782,1895,1554,foreground,97.4,0,1,1,evening,1
2026-04-18 18:33:55,paytm,net.one97.paytm,financial,cold,1933,1933,1821,foreground,97.3,0,0,1,evening,1
2026-04-18 18:40:20,samsung_health,com.sec.android.app.shealth,health,cold,2825,3138,2558,foreground,97.2,0,0,1,evening,1
2026-04-18 19:13:21,instagram,com.instagram.android,social,cold,3215,3459,2614,foreground,97.2,0,1,1,evening,1
2026-04-18 20:17:28,whatsapp,com.whatsapp,social,cold,2197,2300,1768,foreground,97.1,0,1,1,evening,1
2026-04-18 20:59:43,youtube,com.google.android.youtube,media,cold,3299,3526,3138,foreground,97.0,0,0,1,evening,1
2026-04-18 21:14:38,spotify,com.spotify.music,media,cold,2096,2129,1751,foreground,96.9,0,1,1,evening,1
2026-04-18 21:57:39,netflix,com.netflix.mediaclient,media,cold,4212,4411,3911,foreground,96.8,0,1,1,evening,1
2026-04-18 22:00:57,gmail,com.google.android.gm,productivity,cold,1849,1897,1743,foreground,96.7,0,0,1,night,1
2026-04-18 22:33:36,slack,com.Slack,productivity,cold,3223,3429,2870,foreground,96.5,0,0,1,night,1
2026-04-18 23:25:09,chrome,com.android.chrome,utility,cold,1077,1189,878,foreground,97.2,1,0,1,night,1
2026-04-18 23:42:27,google_maps,com.google.android.apps.maps,utility,cold,3035,3229,2740,foreground,97.8,1,0,1,night,1
2026-04-18 23:54:05,amazon,com.amazon.mShop.android.shopping,commerce,cold,3064,3394,2873,foreground,98.5,1,0,1,night,1
2026-04-19 00:16:29,phonepe,com.phonepe.app,financial,cold,1731,1869,1614,foreground,99.2,1,0,1,night,1
2026-04-19 00:36:51,paytm,net.one97.paytm,financial,cold,2168,2368,1958,foreground,100.0,1,0,1,night,1
2026-04-19 00:37:38,samsung_health,com.sec.android.app.shealth,health,cold,2105,2267,1991,foreground,100,1,0,1,night,1
2026-04-19 00:47:35,instagram,com.instagram.android,social,cold,2526,2775,2013,foreground,100,1,0,1,night,1
2026-04-19 00:47:50,whatsapp,com.whatsapp,social,cold,2325,2499,2014,foreground,100,1,0,1,night,1
2026-04-19 00:59:36,youtube,com.google.android.youtube,media,cold,3988,4089,3579,foreground,100,1,0,1,night,1
2026-04-19 01:09:16,spotify,com.spotify.music,media,cold,2215,2419,2148,foreground,100,1,0,1,night,1
2026-04-19 01:31:58,netflix,com.netflix.mediaclient,media,cold,4614,5054,3973,foreground,100,1,0,1,night,1
2026-04-19 02:41:58,gmail,com.google.android.gm,productivity,cold,1917,2025,1795,foreground,100,1,0,1,night,1
2026-04-19 04:28:17,slack,com.Slack,productivity,cold,2894,2985,2553,foreground,100,1,0,1,night,1
2026-04-19 04:41:51,chrome,com.android.chrome,utility,cold,958,1061,831,foreground,100,1,0,1,night,1
2026-04-19 04:53:48,google_maps,com.google.android.apps.maps,utility,cold,2977,3028,2701,foreground,100,1,0,1,night,1
2026-04-19 05:00:00,amazon,com.amazon.mShop.android.shopping,commerce,cold,2848,3237,2458,foreground,100,1,0,1,morning,1
2026-04-19 05:46:16,phonepe,com.phonepe.app,financial,cold,1978,2156,1659,foreground,100,1,0,1,morning,1
2026-04-19 06:19:25,paytm,net.one97.paytm,financial,cold,2409,2532,2125,foreground,100,1,0,1,morning,1
2026-04-19 06:29:02,samsung_health,com.sec.android.app.shealth,health,cold,2204,2290,1846,foreground,100,1,0,1,morning,1
2026-04-19 06:34:15,instagram,com.instagram.android,social,cold,2703,2818,2351,foreground,100,1,0,1,morning,1
2026-04-19 06:39:16,whatsapp,com.whatsapp,social,cold,2316,2345,1921,foreground,100,1,0,1,morning,1
2026-04-19 06:48:15,youtube,com.google.android.youtube,media,cold,3353,3642,2791,foreground,100,1,0,1,morning,1
2026-04-19 07:56:43,spotify,com.spotify.music,media,cold,2697,3028,2401,foreground,100.0,0,0,1,morning,1
2026-04-19 08:02:23,netflix,com.netflix.mediaclient,media,cold,4071,4237,3678,foreground,99.9,0,0,1,morning,1
2026-04-19 08:45:17,gmail,com.google.android.gm,productivity,cold,1464,1540,1199,foreground,99.8,0,0,1,morning,1
2026-04-19 09:02:20,slack,com.Slack,productivity,cold,4003,4178,3588,foreground,99.6,0,0,1,morning,1
2026-04-19 09:05:30,chrome,com.android.chrome,utility,cold,1525,1595,1410,foreground,99.6,0,0,1,morning,1
2026-04-19 09:27:56,google_maps,com.google.android.apps.maps,utility,cold,2576,2765,2386,foreground,99.4,0,0,1,morning,1
2026-04-19 09:44:15,amazon,com.amazon.mShop.android.shopping,commerce,cold,2544,2717,2240,foreground,99.3,0,0,1,morning,1
2026-04-19 10:17:10,phonepe,com.phonepe.app,financial,cold,2302,2348,2232,foreground,99.2,0,0,1,morning,1
2026-04-19 10:22:49,paytm,net.one97.paytm,financial,cold,2123,2233,1863,foreground,99.1,0,0,1,morning,1
2026-04-19 10:35:38,samsung_health,com.sec.android.app.shealth,health,cold,2539,2657,2427,foreground,99.0,0,0,1,morning,1
2026-04-19 11:17:05,instagram,com.instagram.android,social,cold,2955,3305,2866,foreground,98.9,0,0,1,morning,1
2026-04-19 12:09:08,whatsapp,com.whatsapp,social,cold,2275,2483,2206,foreground,98.8,0,0,1,afternoon,1
2026-04-19 12:19:29,youtube,com.google.android.youtube,media,cold,3061,3144,2807,foreground,98.6,0,0,1,afternoon,1
2026-04-19 12:37:45,spotify,com.spotify.music,media,cold,2510,2618,2296,foreground,98.5,0,0,1,afternoon,1
2026-04-19 13:31:04,netflix,com.netflix.mediaclient,media,cold,4224,4450,3444,foreground,98.5,0,0,1,afternoon,1
2026-04-19 13:46:32,gmail,com.google.android.gm,productivity,cold,1678,1747,1543,foreground,98.4,0,0,1,afternoon,1
2026-04-19 14:23:57,slack,com.Slack,productivity,cold,3509,3695,3070,foreground,98.3,0,0,1,afternoon,1
2026-04-19 14:33:58,chrome,com.android.chrome,utility,cold,1151,1193,1009,foreground,98.2,0,0,1,afternoon,1
2026-04-19 14:35:00,google_maps,com.google.android.apps.maps,utility,cold,3591,3860,3108,foreground,98.1,0,0,1,afternoon,1
2026-04-19 14:41:50,amazon,com.amazon.mShop.android.shopping,commerce,cold,2025,2101,1546,foreground,98.0,0,0,1,afternoon,1
2026-04-19 15:14:44,phonepe,com.phonepe.app,financial,cold,1704,1829,1396,foreground,97.8,0,0,1,afternoon,1
2026-04-19 15:48:41,paytm,net.one97.paytm,financial,cold,2470,2526,2292,foreground,97.7,0,0,1,afternoon,1
2026-04-19 16:06:42,samsung_health,com.sec.android.app.shealth,health,cold,2552,2765,2244,foreground,97.7,0,0,1,afternoon,1
2026-04-19 16:07:27,instagram,com.instagram.android,social,cold,3227,3392,2976,foreground,97.6,0,0,1,afternoon,1
2026-04-19 16:20:27,whatsapp,com.whatsapp,social,cold,2311,2398,1924,foreground,97.5,0,0,1,afternoon,1
2026-04-19 16:46:49,youtube,com.google.android.youtube,media,cold,3069,3230,2831,foreground,97.4,0,0,1,afternoon,1
2026-04-19 17:18:47,spotify,com.spotify.music,media,cold,2580,2790,2279,foreground,97.3,0,0,1,evening,1
2026-04-19 17:47:01,netflix,com.netflix.mediaclient,media,cold,4553,4927,4416,foreground,97.2,0,1,1,evening,1
2026-04-19 18:04:02,gmail,com.google.android.gm,productivity,cold,2055,2204,1844,foreground,97.1,0,0,1,evening,1
2026-04-19 18:07:24,slack,com.Slack,productivity,cold,3496,3746,2923,foreground,97.0,0,0,1,evening,1
2026-04-19 19:13:31,chrome,com.android.chrome,utility,cold,1114,1189,1080,foreground,96.9,0,0,1,evening,1
2026-04-19 19:22:14,google_maps,com.google.android.apps.maps,utility,cold,3123,3285,2741,foreground,96.8,0,0,1,evening,1
2026-04-19 19:53:50,amazon,com.amazon.mShop.android.shopping,commerce,cold,3050,3167,2634,foreground,96.7,0,0,1,evening,1
2026-04-19 20:19:16,phonepe,com.phonepe.app,financial,cold,2035,2103,1742,foreground,96.6,0,0,1,evening,1
2026-04-19 20:25:45,paytm,net.one97.paytm,financial,cold,1918,2013,1724,foreground,96.5,0,0,1,evening,1
2026-04-19 21:55:46,samsung_health,com.sec.android.app.shealth,health,cold,2029,2177,1836,foreground,96.5,0,1,1,evening,1
2026-04-19 22:14:47,instagram,com.instagram.android,social,cold,2917,3150,2448,foreground,96.4,0,1,1,night,1
2026-04-19 22:34:51,whatsapp,com.whatsapp,social,cold,1988,2190,1853,foreground,96.4,0,0,1,night,1
2026-04-19 22:37:28,youtube,com.google.android.youtube,media,cold,3633,3721,2962,foreground,96.3,0,0,1,night,1
2026-04-19 22:43:23,spotify,com.spotify.music,media,cold,2933,3149,2680,foreground,96.2,0,0,1,night,1
2026-04-19 23:21:07,netflix,com.netflix.mediaclient,media,cold,3967,4241,3427,foreground,96.7,1,1,1,night,1
2026-04-19 23:23:22,gmail,com.google.android.gm,productivity,cold,1315,1390,1090,foreground,97.3,1,1,1,night,1
2026-04-20 00:03:03,slack,com.Slack,productivity,cold,3066,3496,2521,foreground,97.7,1,0,1,night,0
2026-04-20 00:06:35,chrome,com.android.chrome,utility,cold,1074,1109,1041,foreground,98.5,1,0,1,night,0
2026-04-20 00:07:05,google_maps,com.google.android.apps.maps,utility,cold,3605,3906,3450,foreground,98.8,1,0,1,night,0
2026-04-20 00:58:34,amazon,com.amazon.mShop.android.shopping,commerce,cold,2474,2656,2049,foreground,99.5,1,0,1,night,0
2026-04-20 01:09:28,phonepe,com.phonepe.app,financial,cold,1766,1959,1531,foreground,99.9,1,0,1,night,0
2026-04-20 01:24:12,paytm,net.one97.paytm,financial,cold,2628,2746,2376,foreground,100,1,0,1,night,0
2026-04-20 02:13:43,samsung_health,com.sec.android.app.shealth,health,cold,2356,2524,2285,foreground,100,1,0,1,night,0
2026-04-20 02:21:30,instagram,com.instagram.android,social,cold,3630,3882,3165,foreground,100,1,0,1,night,0
2026-04-20 02:22:10,whatsapp,com.whatsapp,social,cold,1588,1696,1367,foreground,100,1,0,1,night,0
2026-04-20 02:22:15,youtube,com.google.android.youtube,media,cold,3657,3804,3257,foreground,100,1,0,1,night,0
2026-04-20 03:18:24,spotify,com.spotify.music,media,cold,2875,3023,2540,foreground,100,1,0,1,night,0
2026-04-20 03:30:46,netflix,com.netflix.mediaclient,media,cold,3556,3817,2679,foreground,100,1,0,1,night,0
2026-04-20 03:38:41,gmail,com.google.android.gm,productivity,cold,1534,1609,1317,foreground,100,1,0,1,night,0
2026-04-20 03:46:11,slack,com.Slack,productivity,cold,3245,3395,2725,foreground,100,1,0,1,night,0
2026-04-20 03:50:22,chrome,com.android.chrome,utility,cold,1361,1466,1320,foreground,100,1,0,1,night,0
2026-04-20 03:54:23,google_maps,com.google.android.apps.maps,utility,cold,2662,2802,2254,foreground,100,1,0,1,night,0
2026-04-20 05:33:32,amazon,com.amazon.mShop.android.shopping,commerce,cold,2781,2933,2368,foreground,100,1,0,1,morning,0
2026-04-20 05:34:39,phonepe,com.phonepe.app,financial,cold,1932,2122,1771,foreground,100,1,0,1,morning,0
2026-04-20 06:02:58,paytm,net.one97.paytm,financial,cold,2646,2793,2319,foreground,100,1,0,1,morning,0
2026-04-20 06:38:54,samsung_health,com.sec.android.app.shealth,health,cold,2443,2599,1917,foreground,100,1,0,1,morning,0
2026-04-20 06:49:42,instagram,com.instagram.android,social,cold,3320,3539,2772,foreground,100,1,0,1,morning,0
2026-04-20 07:34:07,whatsapp,com.whatsapp,social,cold,2379,2497,2024,foreground,100.0,0,0,1,morning,0
2026-04-20 07:35:27,youtube,com.google.android.youtube,media,cold,3185,3314,2586,foreground,99.9,0,0,1,morning,0
2026-04-20 08:08:47,spotify,com.spotify.music,media,cold,2011,2230,1559,foreground,99.8,0,0,1,morning,0
2026-04-20 08:16:19,netflix,com.netflix.mediaclient,media,cold,3797,4289,3253,foreground,99.6,0,0,1,morning,0
2026-04-20 08:17:10,gmail,com.google.android.gm,productivity,cold,1433,1444,1318,foreground,99.6,0,0,1,morning,0
2026-04-20 08:25:51,slack,com.Slack,productivity,cold,2865,3078,2566,foreground,99.4,0,0,1,morning,0
2026-04-20 08:26:52,chrome,com.android.chrome,utility,cold,948,1006,845,foreground,99.3,0,0,1,morning,0
2026-04-20 08:38:35,google_maps,com.google.android.apps.maps,utility,cold,3032,3260,2617,foreground,99.2,0,1,1,morning,0
2026-04-20 08:54:40,amazon,com.amazon.mShop.android.shopping,commerce,cold,2641,2723,2264,foreground,99.1,0,0,1,morning,0
2026-04-20 09:35:40,phonepe,com.phonepe.app,financial,cold,2220,2288,1917,foreground,99.0,0,0,1,morning,0
2026-04-20 09:50:33,paytm,net.one97.paytm,financial,cold,2175,2372,2040,foreground,98.9,0,0,1,morning,0
2026-04-20 10:50:38,samsung_health,com.sec.android.app.shealth,health,cold,2184,2341,1892,foreground,98.7,0,0,1,morning,0
2026-04-20 10:59:52,instagram,com.instagram.android,social,cold,3196,3257,3034,foreground,98.6,0,0,1,morning,0
2026-04-20 11:02:13,whatsapp,com.whatsapp,social,cold,2097,2097,1642,foreground,98.6,0,0,1,morning,0
2026-04-20 11:51:45,youtube,com.google.android.youtube,media,cold,3504,3822,2980,foreground,98.5,0,0,1,morning,0
2026-04-20 12:19:02,spotify,com.spotify.music,media,cold,2500,2701,2233,foreground,98.4,0,0,1,afternoon,0
2026-04-20 12:20:18,netflix,com.netflix.mediaclient,media,cold,3744,4104,3331,foreground,98.3,0,0,1,afternoon,0
2026-04-20 12:48:39,gmail,com.google.android.gm,productivity,cold,1540,1623,1454,foreground,98.2,0,0,1,afternoon,0
2026-04-20 13:19:17,slack,com.Slack,productivity,cold,3252,3569,2814,foreground,98.0,0,0,1,afternoon,0
2026-04-20 13:45:37,chrome,com.android.chrome,utility,cold,1217,1297,1096,foreground,97.9,0,0,1,afternoon,0
2026-04-20 13:48:46,google_maps,com.google.android.apps.maps,utility,cold,3143,3328,2725,foreground,97.7,0,0,1,afternoon,0
2026-04-20 14:09:14,amazon,com.amazon.mShop.android.shopping,commerce,cold,2596,2689,2278,foreground,97.6,0,0,1,afternoon,0
2026-04-20 14:23:25,phonepe,com.phonepe.app,financial,cold,2437,2663,2158,foreground,97.5,0,0,1,afternoon,0
2026-04-20 14:46:33,paytm,net.one97.paytm,financial,cold,1862,2045,1619,foreground,97.5,0,0,1,afternoon,0
2026-04-20 15:01:28,samsung_health,com.sec.android.app.shealth,health,cold,2646,2702,2323,foreground,97.4,0,0,1,afternoon,0
2026-04-20 15:22:18,instagram,com.instagram.android,social,cold,2911,3144,2501,foreground,97.3,0,0,1,afternoon,0
2026-04-20 15:50:30,whatsapp,com.whatsapp,social,cold,2501,2678,2308,foreground,97.1,0,0,1,afternoon,0
2026-04-20 16:03:55,youtube,com.google.android.youtube,media,cold,2565,2565,2326,foreground,97.1,0,0,1,afternoon,0
2026-04-20 16:30:11,spotify,com.spotify.music,media,cold,2562,2821,2224,foreground,96.9,0,0,1,afternoon,0
2026-04-20 16:36:20,netflix,com.netflix.mediaclient,media,cold,3517,3691,3133,foreground,96.8,0,0,1,afternoon,0
2026-04-20 17:23:53,gmail,com.google.android.gm,productivity,cold,1634,1772,1478,foreground,96.7,0,0,1,evening,0
2026-04-20 17:58:28,slack,com.Slack,productivity,cold,2589,2986,2511,foreground,96.5,0,1,1,evening,0
2026-04-20 18:02:23,chrome,com.android.chrome,utility,cold,1304,1355,1150,foreground,96.5,0,0,1,evening,0
2026-04-20 18:03:13,google_maps,com.google.android.apps.maps,utility,cold,3184,3460,2894,foreground,96.5,0,1,1,evening,0
2026-04-20 18:15:45,amazon,com.amazon.mShop.android.shopping,commerce,cold,2988,3176,2287,foreground,96.3,0,0,1,evening,0
2026-04-20 18:34:44,phonepe,com.phonepe.app,financial,cold,2392,2468,2003,foreground,96.3,0,1,1,evening,0
2026-04-20 19:17:58,paytm,net.one97.paytm,financial,cold,2118,2288,1877,foreground,96.2,0,0,1,evening,0
2026-04-20 19:47:02,samsung_health,com.sec.android.app.shealth,health,cold,2492,2656,2039,foreground,96.1,0,0,1,evening,0
2026-04-20 20:04:32,instagram,com.instagram.android,social,cold,2956,3081,2525,foreground,96.0,0,0,1,evening,0
2026-04-20 20:13:28,whatsapp,com.whatsapp,social,cold,2033,2192,1643,foreground,95.9,0,0,1,evening,0
2026-04-20 20:23:33,youtube,com.google.android.youtube,media,cold,3673,3796,3089,foreground,95.9,0,0,1,evening,0
2026-04-20 20:51:16,spotify,com.spotify.music,media,cold,2400,2543,2132,foreground,95.8,0,0,1,evening,0
2026-04-20 21:38:32,netflix,com.netflix.mediaclient,media,cold,3913,4098,3317,foreground,95.7,0,1,1,evening,0
2026-04-20 21:40:09,gmail,com.google.android.gm,productivity,cold,1915,2095,1633,foreground,95.7,0,1,1,evening,0
2026-04-20 22:11:08,slack,com.Slack,productivity,cold,2803,2983,2718,foreground,95.5,0,0,1,night,0
2026-04-20 22:11:29,chrome,com.android.chrome,utility,cold,991,1032,862,foreground,95.5,0,0,1,night,0
2026-04-20 22:11:38,google_maps,com.google.android.apps.maps,utility,cold,2695,2928,2603,foreground,95.4,0,0,1,night,0
2026-04-20 22:31:42,amazon,com.amazon.mShop.android.shopping,commerce,cold,2642,2823,2070,foreground,95.3,0,0,1,night,0
2026-04-20 23:22:13,phonepe,com.phonepe.app,financial,cold,1888,1914,1708,foreground,95.8,1,0,1,night,0
2026-04-20 23:42:55,paytm,net.one97.paytm,financial,cold,2535,2772,1902,foreground,96.6,1,0,1,night,0
2026-04-20 23:55:06,samsung_health,com.sec.android.app.shealth,health,cold,2351,2542,1956,foreground,97.3,1,0,1,night,0
2026-04-20 23:56:33,instagram,com.instagram.android,social,cold,3049,3315,2957,foreground,97.7,1,0,1,night,0
2026-04-21 00:05:20,whatsapp,com.whatsapp,social,cold,1743,1801,1385,foreground,98.3,1,0,1,night,0
2026-04-21 00:17:12,youtube,com.google.android.youtube,media,cold,2358,2531,2229,foreground,98.7,1,0,1,night,0
2026-04-21 00:46:22,spotify,com.spotify.music,media,cold,3084,3413,2706,foreground,99.1,1,0,1,night,0
2026-04-21 01:01:23,netflix,com.netflix.mediaclient,media,cold,4359,4683,3508,foreground,99.4,1,0,1,night,0
2026-04-21 01:02:57,gmail,com.google.android.gm,productivity,cold,1624,1764,1362,foreground,100,1,0,1,night,0
2026-04-21 01:22:49,slack,com.Slack,productivity,cold,2668,2835,2281,foreground,100,1,0,1,night,0
2026-04-21 03:16:57,chrome,com.android.chrome,utility,cold,1211,1335,1171,foreground,100,1,0,1,night,0
2026-04-21 04:11:44,google_maps,com.google.android.apps.maps,utility,cold,3458,3714,2987,foreground,100,1,0,1,night,0
2026-04-21 04:22:41,amazon,com.amazon.mShop.android.shopping,commerce,cold,3285,3476,2839,foreground,100,1,0,1,night,0
2026-04-21 04:33:53,phonepe,com.phonepe.app,financial,cold,2023,2124,1657,foreground,100,1,0,1,night,0
2026-04-21 04:48:44,paytm,net.one97.paytm,financial,cold,2020,2239,1696,foreground,100,1,0,1,night,0
2026-04-21 05:25:42,samsung_health,com.sec.android.app.shealth,health,cold,2595,2738,2349,foreground,100,1,0,1,morning,0
2026-04-21 05:28:11,instagram,com.instagram.android,social,cold,3110,3312,2659,foreground,100,1,0,1,morning,0
2026-04-21 05:56:07,whatsapp,com.whatsapp,social,cold,2421,2583,2265,foreground,100,1,0,1,morning,0
2026-04-21 06:27:12,youtube,com.google.android.youtube,media,cold,3048,3223,2914,foreground,100,1,0,1,morning,0
2026-04-21 08:45:06,spotify,com.spotify.music,media,cold,2987,3230,2614,foreground,99.9,0,0,1,morning,0
2026-04-21 08:57:22,netflix,com.netflix.mediaclient,media,cold,3985,4021,3277,foreground,99.8,0,0,1,morning,0
2026-04-21 09:20:49,gmail,com.google.android.gm,productivity,cold,2101,2120,1840,foreground,99.8,0,1,1,morning,0
2026-04-21 09:32:37,slack,com.Slack,productivity,cold,3219,3243,2894,foreground,99.7,0,0,1,morning,0
2026-04-21 09:39:35,chrome,com.android.chrome,utility,cold,1058,1086,938,foreground,99.6,0,0,1,morning,0
2026-04-21 10:27:31,google_maps,com.google.android.apps.maps,utility,cold,2729,2795,2151,foreground,99.5,0,0,1,morning,0
2026-04-21 10:59:13,amazon,com.amazon.mShop.android.shopping,commerce,cold,2767,3055,2518,foreground,99.4,0,0,1,morning,0
2026-04-21 11:01:31,phonepe,com.phonepe.app,financial,cold,2253,2428,2046,foreground,99.3,0,0,1,morning,0
2026-04-21 11:45:51,paytm,net.one97.paytm,financial,cold,2740,2961,2185,foreground,99.1,0,0,1,morning,0
2026-04-21 12:02:06,samsung_health,com.sec.android.app.shealth,health,cold,2438,2671,2145,foreground,99.1,0,0,1,afternoon,0
2026-04-21 12:33:05,instagram,com.instagram.android,social,cold,3090,3252,2891,foreground,99.0,0,0,1,afternoon,0
2026-04-21 13:55:00,whatsapp,com.whatsapp,social,cold,1952,2095,1694,foreground,99.0,0,0,1,afternoon,0
2026-04-21 14:01:32,youtube,com.google.android.youtube,media,cold,4000,4262,3701,foreground,98.9,0,0,1,afternoon,0
2026-04-21 14:31:23,spotify,com.spotify.music,media,cold,2686,2753,2463,foreground,98.8,0,0,1,afternoon,0
2026-04-21 14:38:27,netflix,com.netflix.mediaclient,media,cold,4184,4720,3610,foreground,98.7,0,0,1,afternoon,0
2026-04-21 15:09:50,gmail,com.google.android.gm,productivity,cold,1907,1974,1805,foreground,98.7,0,0,1,afternoon,0
2026-04-21 15:15:31,slack,com.Slack,productivity,cold,3728,4041,3409,foreground,98.6,0,0,1,afternoon,0
2026-04-21 15:36:11,chrome,com.android.chrome,utility,cold,1411,1546,1251,foreground,98.5,0,0,1,afternoon,0
2026-04-21 15:36:43,google_maps,com.google.android.apps.maps,utility,cold,3291,3444,2753,foreground,98.4,0,0,1,afternoon,0
2026-04-21 15:48:46,amazon,com.amazon.mShop.android.shopping,commerce,cold,2371,2419,2259,foreground,98.4,0,0,1,afternoon,0
2026-04-21 16:12:26,phonepe,com.phonepe.app,financial,cold,1714,1819,1448,foreground,98.3,0,0,1,afternoon,0
2026-04-21 16:33:38,paytm,net.one97.paytm,financial,cold,1916,2026,1611,foreground,98.2,0,0,1,afternoon,0
2026-04-21 16:38:15,samsung_health,com.sec.android.app.shealth,health,cold,1858,1959,1603,foreground,98.2,0,0,1,afternoon,0
2026-04-21 17:10:08,instagram,com.instagram.android,social,cold,2844,2952,2329,foreground,98.1,0,0,1,evening,0
2026-04-21 17:41:04,whatsapp,com.whatsapp,social,cold,1881,1881,1441,foreground,98.0,0,0,1,evening,0
2026-04-21 20:16:58,youtube,com.google.android.youtube,media,cold,3327,3617,2919,foreground,97.9,0,1,1,evening,0
2026-04-21 20:19:14,spotify,com.spotify.music,media,cold,2450,2589,2376,foreground,97.8,0,0,1,evening,0
2026-04-21 21:24:30,netflix,com.netflix.mediaclient,media,cold,3639,3999,3347,foreground,97.7,0,0,1,evening,0
2026-04-21 23:13:50,gmail,com.google.android.gm,productivity,cold,2034,2142,1679,foreground,98.2,1,0,1,night,0
2026-04-21 23:38:42,slack,com.Slack,productivity,cold,3452,3749,2932,foreground,98.8,1,0,1,night,0
2026-04-22 00:02:56,chrome,com.android.chrome,utility,cold,1465,1572,1227,foreground,99.6,1,0,1,night,0
2026-04-22 00:20:46,google_maps,com.google.android.apps.maps,utility,cold,3250,3520,2898,foreground,99.9,1,0,1,night,0
2026-04-22 00:25:33,amazon,com.amazon.mShop.android.shopping,commerce,cold,2626,2734,2321,foreground,100,1,0,1,night,0
2026-04-22 00:39:16,phonepe,com.phonepe.app,financial,cold,1747,1802,1503,foreground,100,1,0,1,night,0
2026-04-22 01:38:10,paytm,net.one97.paytm,financial,cold,2488,2677,2035,foreground,100,1,0,1,night,0
2026-04-22 03:09:02,samsung_health,com.sec.android.app.shealth,health,cold,2279,2376,1983,foreground,100,1,0,1,night,0
2026-04-22 03:15:45,instagram,com.instagram.android,social,cold,2826,3069,2329,foreground,100,1,0,1,night,0
2026-04-22 03:39:51,whatsapp,com.whatsapp,social,cold,2172,2297,1973,foreground,100,1,0,1,night,0
2026-04-22 03:42:02,youtube,com.google.android.youtube,media,cold,4387,4646,4070,foreground,100,1,0,1,night,0
2026-04-22 04:17:44,spotify,com.spotify.music,media,cold,2182,2364,1959,foreground,100,1,0,1,night,0
2026-04-22 04:27:39,netflix,com.netflix.mediaclient,media,cold,3912,4174,3417,foreground,100,1,0,1,night,0
2026-04-22 04:32:53,gmail,com.google.android.gm,productivity,cold,1875,1943,1667,foreground,100,1,0,1,night,0
2026-04-22 04:35:38,slack,com.Slack,productivity,cold,3368,3437,3038,foreground,100,1,0,1,night,0
2026-04-22 04:37:05,chrome,com.android.chrome,utility,cold,1421,1451,1272,foreground,100,1,0,1,night,0
2026-04-22 04:42:32,google_maps,com.google.android.apps.maps,utility,cold,2896,3183,2583,foreground,100,1,0,1,night,0
2026-04-22 06:06:16,amazon,com.amazon.mShop.android.shopping,commerce,cold,3108,3239,2742,foreground,100,1,0,1,morning,0
2026-04-22 06:45:14,phonepe,com.phonepe.app,financial,cold,2062,2175,1996,foreground,100,1,0,1,morning,0
2026-04-22 07:40:36,paytm,net.one97.paytm,financial,cold,2100,2244,1965,foreground,99.9,0,0,1,morning,0
2026-04-22 08:41:45,samsung_health,com.sec.android.app.shealth,health,cold,2362,2510,1902,foreground,99.7,0,0,1,morning,0
2026-04-22 08:44:55,instagram,com.instagram.android,social,cold,3206,3408,3109,foreground,99.6,0,0,1,morning,0
2026-04-22 09:42:52,whatsapp,com.whatsapp,social,cold,1696,1888,1473,foreground,99.5,0,0,1,morning,0
2026-04-22 09:55:26,youtube,com.google.android.youtube,media,cold,3126,3315,2707,foreground,99.4,0,0,1,morning,0
2026-04-22 10:30:10,spotify,com.spotify.music,media,cold,2591,2758,2386,foreground,99.3,0,0,1,morning,0
2026-04-22 11:09:28,netflix,com.netflix.mediaclient,media,cold,4508,4691,4126,foreground,99.2,0,0,1,morning,0
2026-04-22 11:15:45,gmail,com.google.android.gm,productivity,cold,1936,2048,1778,foreground,99.0,0,0,1,morning,0
2026-04-22 11:34:16,slack,com.Slack,productivity,cold,2553,2927,2447,foreground,99.0,0,0,1,morning,0
2026-04-22 11:53:43,chrome,com.android.chrome,utility,cold,1105,1215,917,foreground,98.8,0,0,1,morning,0
2026-04-22 11:59:56,google_maps,com.google.android.apps.maps,utility,cold,3246,3358,3015,foreground,98.8,0,0,1,morning,0
2026-04-22 12:19:12,amazon,com.amazon.mShop.android.shopping,commerce,cold,2300,2621,1930,foreground,98.6,0,0,1,afternoon,0
2026-04-22 12:24:10,phonepe,com.phonepe.app,financial,cold,2548,2678,2191,foreground,98.5,0,0,1,afternoon,0
2026-04-22 12:27:10,paytm,net.one97.paytm,financial,cold,2129,2230,1706,foreground,98.5,0,0,1,afternoon,0
2026-04-22 12:29:02,samsung_health,com.sec.android.app.shealth,health,cold,2254,2284,2002,foreground,98.4,0,0,1,afternoon,0
2026-04-22 12:38:57,instagram,com.instagram.android,social,warm,1713,1847,1529,foreground,98.2,0,0,1,afternoon,0
2026-04-22 13:28:20,whatsapp,com.whatsapp,social,warm,973,1010,833,foreground,98.1,0,0,1,afternoon,0
2026-04-22 14:14:53,youtube,com.google.android.youtube,media,warm,1300,1322,1038,background,98.0,0,0,1,afternoon,0
2026-04-22 14:21:04,spotify,com.spotify.music,media,warm,1126,1163,980,background,97.9,0,0,1,afternoon,0
2026-04-22 14:25:25,netflix,com.netflix.mediaclient,media,warm,1623,1722,1558,foreground,97.8,0,0,1,afternoon,0
2026-04-22 15:08:41,gmail,com.google.android.gm,productivity,warm,904,953,794,foreground,97.8,0,0,1,afternoon,0
2026-04-22 15:23:36,slack,com.Slack,productivity,warm,1488,1553,1352,foreground,97.7,0,0,1,afternoon,0
2026-04-22 15:43:29,chrome,com.android.chrome,utility,warm,566,599,489,background,97.7,0,0,1,afternoon,0
2026-04-22 16:11:04,google_maps,com.google.android.apps.maps,utility,warm,1482,1545,1177,foreground,97.5,0,0,1,afternoon,0
2026-04-22 16:22:58,amazon,com.amazon.mShop.android.shopping,commerce,warm,1295,1384,1164,background,97.4,0,0,1,afternoon,0
2026-04-22 16:59:10,phonepe,com.phonepe.app,financial,warm,919,929,799,background,97.3,0,0,1,afternoon,0
2026-04-22 17:15:23,paytm,net.one97.paytm,financial,warm,1107,1185,909,foreground,97.2,0,0,1,evening,0
2026-04-22 17:17:13,samsung_health,com.sec.android.app.shealth,health,warm,1354,1401,1220,background,97.1,0,0,1,evening,0
2026-04-22 17:29:33,instagram,com.instagram.android,social,warm,1420,1468,1211,foreground,97.0,0,1,1,evening,0
2026-04-22 18:33:40,whatsapp,com.whatsapp,social,warm,1010,1060,906,foreground,96.9,0,1,1,evening,0
2026-04-22 18:57:12,youtube,com.google.android.youtube,media,warm,1584,1633,1520,foreground,96.9,0,0,1,evening,0
2026-04-22 20:40:38,spotify,com.spotify.music,media,warm,1333,1408,1134,background,96.8,0,1,1,evening,0
2026-04-22 21:24:10,netflix,com.netflix.mediaclient,media,warm,1666,1740,1330,background,96.7,0,1,1,evening,0
2026-04-22 22:29:52,gmail,com.google.android.gm,productivity,warm,891,958,760,background,96.6,0,0,1,night,0
2026-04-22 22:35:14,slack,com.Slack,productivity,warm,1169,1208,972,background,96.5,0,0,1,night,0
2026-04-22 23:36:29,chrome,com.android.chrome,utility,warm,469,469,408,background,97.3,1,0,1,night,0
2026-04-22 23:54:35,google_maps,com.google.android.apps.maps,utility,warm,1428,1485,1258,foreground,97.6,1,0,1,night,0
2026-04-23 00:03:21,amazon,com.amazon.mShop.android.shopping,commerce,warm,1312,1415,1214,background,98.5,1,0,1,night,0
2026-04-23 00:20:28,phonepe,com.phonepe.app,financial,warm,1090,1142,915,background,99.0,1,0,1,night,0
2026-04-23 00:26:59,paytm,net.one97.paytm,financial,warm,1103,1162,897,background,99.5,1,0,1,night,0
2026-04-23 00:35:20,samsung_health,com.sec.android.app.shealth,health,warm,872,911,724,background,100,1,0,1,night,0
2026-04-23 00:55:31,instagram,com.instagram.android,social,warm,1788,1927,1612,background,100,1,0,1,night,0
2026-04-23 01:01:32,whatsapp,com.whatsapp,social,warm,879,904,770,foreground,100,1,0,1,night,0
2026-04-23 01:31:05,youtube,com.google.android.youtube,media,warm,1479,1486,1377,foreground,100,1,0,1,night,0
2026-04-23 01:33:12,spotify,com.spotify.music,media,warm,1237,1301,1056,background,100,1,0,1,night,0
2026-04-23 01:35:04,netflix,com.netflix.mediaclient,media,warm,1819,1958,1567,foreground,100,1,0,1,night,0
2026-04-23 01:57:27,gmail,com.google.android.gm,productivity,warm,719,731,629,background,100,1,0,1,night,0
2026-04-23 02:06:42,slack,com.Slack,productivity,warm,1685,1792,1408,foreground,100,1,0,1,night,0
2026-04-23 02:28:28,chrome,com.android.chrome,utility,warm,461,472,442,background,100,1,0,1,night,0
2026-04-23 02:54:24,google_maps,com.google.android.apps.maps,utility,warm,1613,1665,1425,foreground,100,1,0,1,night,0
2026-04-23 04:34:08,amazon,com.amazon.mShop.android.shopping,commerce,warm,1479,1582,1264,foreground,100,1,0,1,night,0
2026-04-23 04:35:38,phonepe,com.phonepe.app,financial,warm,900,917,844,foreground,100,1,0,1,night,0
2026-04-23 04:41:27,paytm,net.one97.paytm,financial,warm,1306,1392,1181,background,100,1,0,1,night,0
2026-04-23 06:05:44,samsung_health,com.sec.android.app.shealth,health,warm,1040,1143,802,foreground,100,1,0,1,morning,0
2026-04-23 06:14:30,instagram,com.instagram.android,social,warm,1433,1515,1198,background,100,1,0,1,morning,0
2026-04-23 06:55:41,whatsapp,com.whatsapp,social,warm,945,1007,753,foreground,100,1,0,1,morning,0
2026-04-23 07:48:02,youtube,com.google.android.youtube,media,warm,1724,1790,1598,foreground,99.9,0,0,1,morning,0
2026-04-23 07:56:45,spotify,com.spotify.music,media,warm,1339,1422,1192,foreground,99.7,0,0,1,morning,0
2026-04-23 08:02:56,netflix,com.netflix.mediaclient,media,warm,2212,2228,1811,foreground,99.6,0,0,1,morning,0
2026-04-23 08:27:54,gmail,com.google.android.gm,productivity,warm,776,822,652,background,99.6,0,0,1,morning,0
2026-04-23 08:55:05,slack,com.Slack,productivity,warm,1558,1580,1199,background,99.5,0,0,1,morning,0
2026-04-23 08:59:47,chrome,com.android.chrome,utility,warm,516,540,475,foreground,99.4,0,0,1,morning,0
2026-04-23 09:39:14,google_maps,com.google.android.apps.maps,utility,warm,1353,1433,1167,background,99.3,0,0,1,morning,0
2026-04-23 09:41:23,amazon,com.amazon.mShop.android.shopping,commerce,warm,1227,1283,1040,background,99.2,0,0,1,morning,0
2026-04-23 09:49:24,phonepe,com.phonepe.app,financial,warm,1133,1210,978,foreground,99.1,0,0,1,morning,0
2026-04-23 10:19:33,paytm,net.one97.paytm,financial,warm,1049,1141,871,foreground,99.0,0,0,1,morning,0
2026-04-23 10:32:01,samsung_health,com.sec.android.app.shealth,health,warm,1174,1231,1088,background,99.0,0,0,1,morning,0
2026-04-23 11:09:24,instagram,com.instagram.android,social,warm,1409,1460,1062,background,98.8,0,0,1,morning,0
2026-04-23 11:09:46,whatsapp,com.whatsapp,social,warm,964,999,814,background,98.7,0,0,1,morning,0
2026-04-23 11:29:53,youtube,com.google.android.youtube,media,warm,1632,1728,1318,background,98.7,0,0,1,morning,0
2026-04-23 11:35:05,spotify,com.spotify.music,media,warm,1276,1344,1104,background,98.6,0,0,1,morning,0
2026-04-23 12:27:10,netflix,com.netflix.mediaclient,media,warm,1984,2095,1798,foreground,98.5,0,0,1,afternoon,0
2026-04-23 12:29:55,gmail,com.google.android.gm,productivity,warm,820,854,674,foreground,98.4,0,0,1,afternoon,0
2026-04-23 13:17:25,slack,com.Slack,productivity,warm,1302,1333,1004,foreground,98.3,0,0,1,afternoon,0
2026-04-23 13:56:35,chrome,com.android.chrome,utility,warm,408,437,368,background,98.2,0,0,1,afternoon,0
2026-04-23 14:29:08,google_maps,com.google.android.apps.maps,utility,warm,1651,1702,1399,foreground,98.1,0,0,1,afternoon,0
2026-04-23 14:37:05,amazon,com.amazon.mShop.android.shopping,commerce,warm,1437,1500,1233,background,98.0,0,0,1,afternoon,0
2026-04-23 14:40:45,phonepe,com.phonepe.app,financial,warm,894,927,735,foreground,97.9,0,0,1,afternoon,0
2026-04-23 15:24:49,paytm,net.one97.paytm,financial,warm,1244,1301,1018,background,97.8,0,0,1,afternoon,0
2026-04-23 15:42:44,samsung_health,com.sec.android.app.shealth,health,warm,1023,1048,921,foreground,97.7,0,0,1,afternoon,0
2026-04-23 16:16:13,instagram,com.instagram.android,social,warm,1506,1545,1287,foreground,97.6,0,0,1,afternoon,0
2026-04-23 16:25:26,whatsapp,com.whatsapp,social,warm,815,851,637,background,97.5,0,0,1,afternoon,0
2026-04-23 16:51:35,youtube,com.google.android.youtube,media,warm,1734,1845,1583,foreground,97.4,0,0,1,afternoon,0
2026-04-23 16:56:52,spotify,com.spotify.music,media,warm,1195,1210,1031,foreground,97.4,0,0,1,afternoon,0
2026-04-23 16:59:03,netflix,com.netflix.mediaclient,media,warm,1829,1907,1550,background,97.3,0,0,1,afternoon,0
2026-04-23 17:20:04,gmail,com.google.android.gm,productivity,warm,785,821,708,background,97.2,0,0,1,evening,0
2026-04-23 17:40:08,slack,com.Slack,productivity,warm,1523,1563,1340,background,97.1,0,0,1,evening,0
2026-04-23 17:43:00,chrome,com.android.chrome,utility,warm,638,673,570,background,97.0,0,1,1,evening,0
2026-04-23 18:04:57,google_maps,com.google.android.apps.maps,utility,warm,1536,1639,1311,foreground,96.8,0,1,1,evening,0
2026-04-23 19:02:57,amazon,com.amazon.mShop.android.shopping,commerce,warm,1403,1476,1203,background,96.6,0,0,1,evening,0
2026-04-23 19:05:24,phonepe,com.phonepe.app,financial,warm,983,1018,716,foreground,96.5,0,1,1,evening,0
2026-04-23 19:09:28,paytm,net.one97.paytm,financial,warm,1003,1056,865,foreground,96.4,0,0,1,evening,0
2026-04-23 19:26:03,samsung_health,com.sec.android.app.shealth,health,warm,1309,1403,1171,foreground,96.3,0,0,1,evening,0
2026-04-23 19:53:21,instagram,com.instagram.android,social,warm,1653,1716,1534,foreground,96.3,0,0,1,evening,0
2026-04-23 20:10:27,whatsapp,com.whatsapp,social,warm,767,819,689,background,96.2,0,1,1,evening,0
2026-04-23 20:45:50,youtube,com.google.android.youtube,media,warm,1846,1923,1644,foreground,96.1,0,0,1,evening,0
2026-04-23 21:55:39,spotify,com.spotify.music,media,warm,1495,1586,1259,background,96.0,0,0,1,evening,0
2026-04-23 22:10:28,netflix,com.netflix.mediaclient,media,warm,1990,2106,1670,foreground,95.9,0,0,1,night,0
2026-04-23 22:15:06,gmail,com.google.android.gm,productivity,warm,763,763,687,background,95.8,0,0,1,night,0
2026-04-23 22:24:58,slack,com.Slack,productivity,warm,1906,1966,1563,foreground,95.6,0,1,1,night,0
2026-04-23 23:26:23,chrome,com.android.chrome,utility,warm,554,571,479,foreground,96.1,1,1,1,night,0
2026-04-24 00:01:13,google_maps,com.google.android.apps.maps,utility,warm,1545,1632,1334,background,97.0,1,0,1,night,0
2026-04-24 00:01:19,amazon,com.amazon.mShop.android.shopping,commerce,warm,1125,1212,1051,background,97.6,1,0,1,night,0
2026-04-24 00:39:25,phonepe,com.phonepe.app,financial,warm,978,1015,876,background,98.3,1,0,1,night,0
2026-04-24 01:10:48,paytm,net.one97.paytm,financial,warm,1213,1248,1050,background,98.8,1,0,1,night,0
2026-04-24 01:48:30,samsung_health,com.sec.android.app.shealth,health,warm,1092,1201,862,background,99.2,1,0,1,night,0
2026-04-24 02:17:00,instagram,com.instagram.android,social,warm,1724,1784,1390,background,99.9,1,0,1,night,0
2026-04-24 02:26:28,whatsapp,com.whatsapp,social,warm,1192,1192,1062,background,100,1,0,1,night,0
2026-04-24 02:40:05,youtube,com.google.android.youtube,media,warm,1353,1380,1164,foreground,100,1,0,1,night,0
2026-04-24 02:55:29,spotify,com.spotify.music,media,warm,1228,1318,1047,background,100,1,0,1,night,0
2026-04-24 03:11:34,netflix,com.netflix.mediaclient,media,warm,1745,1870,1442,background,100,1,0,1,night,0
2026-04-24 03:15:42,gmail,com.google.android.gm,productivity,warm,750,779,647,foreground,100,1,0,1,night,0
2026-04-24 03:26:10,slack,com.Slack,productivity,warm,1224,1318,990,background,100,1,0,1,night,0
2026-04-24 03:35:47,chrome,com.android.chrome,utility,warm,536,566,434,foreground,100,1,0,1,night,0
2026-04-24 03:38:46,google_maps,com.google.android.apps.maps,utility,warm,1233,1296,1181,foreground,100,1,0,1,night,0
2026-04-24 03:50:30,amazon,com.amazon.mShop.android.shopping,commerce,warm,1472,1476,1168,background,100,1,0,1,night,0
2026-04-24 04:07:47,phonepe,com.phonepe.app,financial,warm,1123,1172,993,background,100,1,0,1,night,0
2026-04-24 04:09:11,paytm,net.one97.paytm,financial,warm,1131,1198,960,foreground,100,1,0,1,night,0
2026-04-24 05:12:19,samsung_health,com.sec.android.app.shealth,health,warm,1349,1381,1176,background,100,1,0,1,morning,0
2026-04-24 05:18:04,instagram,com.instagram.android,social,warm,1672,1806,1520,background,100,1,0,1,morning,0
2026-04-24 05:36:33,whatsapp,com.whatsapp,social,warm,839,875,668,foreground,100,1,0,1,morning,0
2026-04-24 05:47:42,youtube,com.google.android.youtube,media,warm,1632,1711,1299,foreground,100,1,0,1,morning,0
2026-04-24 05:48:49,spotify,com.spotify.music,media,warm,1354,1473,1157,background,100,1,0,1,morning,0
2026-04-24 07:40:12,netflix,com.netflix.mediaclient,media,warm,2055,2177,1868,foreground,99.8,0,0,1,morning,0
2026-04-24 07:47:45,gmail,com.google.android.gm,productivity,warm,938,960,788,background,99.7,0,1,1,morning,0
2026-04-24 08:07:09,slack,com.Slack,productivity,warm,1424,1559,1181,foreground,99.6,0,1,1,morning,0
2026-04-24 08:29:50,chrome,com.android.chrome,utility,warm,476,511,375,foreground,99.5,0,0,1,morning,0
2026-04-24 08:43:44,google_maps,com.google.android.apps.maps,utility,warm,1429,1508,1254,background,99.4,0,0,1,morning,0
2026-04-24 08:47:07,amazon,com.amazon.mShop.android.shopping,commerce,warm,1215,1298,1065,background,99.2,0,1,1,morning,0
2026-04-24 09:02:13,phonepe,com.phonepe.app,financial,warm,950,991,768,background,99.2,0,0,1,morning,0
2026-04-24 11:13:43,paytm,net.one97.paytm,financial,warm,1191,1262,1088,foreground,99.1,0,0,1,morning,0
2026-04-24 11:17:05,samsung_health,com.sec.android.app.shealth,health,warm,1197,1219,1048,foreground,99.0,0,0,1,morning,0
2026-04-24 11:26:02,instagram,com.instagram.android,social,warm,1625,1699,1409,background,98.9,0,0,1,morning,0
2026-04-24 12:23:49,whatsapp,com.whatsapp,social,warm,785,797,670,background,98.8,0,0,1,afternoon,0
2026-04-24 12:29:37,youtube,com.google.android.youtube,media,warm,1623,1685,1319,background,98.6,0,0,1,afternoon,0
2026-04-24 12:31:51,spotify,com.spotify.music,media,warm,1175,1241,1033,foreground,98.6,0,0,1,afternoon,0
2026-04-24 12:33:47,netflix,com.netflix.mediaclient,media,warm,2131,2258,1839,foreground,98.4,0,0,1,afternoon,0
2026-04-24 12:44:02,gmail,com.google.android.gm,productivity,warm,758,776,653,foreground,98.4,0,0,1,afternoon,0
2026-04-24 12:49:26,slack,com.Slack,productivity,warm,1352,1388,1028,background,98.3,0,0,1,afternoon,0
2026-04-24 12:56:55,chrome,com.android.chrome,utility,warm,518,518,450,foreground,98.2,0,0,1,afternoon,0
2026-04-24 13:25:19,google_maps,com.google.android.apps.maps,utility,warm,1496,1561,1191,background,98.1,0,0,1,afternoon,0
2026-04-24 14:03:46,amazon,com.amazon.mShop.android.shopping,commerce,warm,1250,1291,1058,background,98.0,0,0,1,afternoon,0
2026-04-24 15:08:31,phonepe,com.phonepe.app,financial,warm,840,899,719,foreground,97.8,0,0,1,afternoon,0
2026-04-24 15:09:52,paytm,net.one97.paytm,financial,warm,1156,1254,983,foreground,97.7,0,0,1,afternoon,0
2026-04-24 15:12:51,samsung_health,com.sec.android.app.shealth,health,warm,954,1027,881,background,97.6,0,0,1,afternoon,0
2026-04-24 15:29:03,instagram,com.instagram.android,social,warm,1040,1130,941,foreground,97.5,0,0,1,afternoon,0
2026-04-24 15:36:06,whatsapp,com.whatsapp,social,warm,1058,1095,867,foreground,97.4,0,0,1,afternoon,0
2026-04-24 16:45:38,youtube,com.google.android.youtube,media,warm,1616,1647,1468,foreground,97.3,0,0,1,afternoon,0
2026-04-24 16:47:09,spotify,com.spotify.music,media,warm,1258,1375,1119,foreground,97.2,0,0,1,afternoon,0
2026-04-24 17:36:05,netflix,com.netflix.mediaclient,media,warm,1642,1720,1368,foreground,97.0,0,1,1,evening,0
2026-04-24 17:37:34,gmail,com.google.android.gm,productivity,warm,687,702,577,foreground,96.9,0,1,1,evening,0
2026-04-24 17:51:55,slack,com.Slack,productivity,warm,1692,1753,1447,background,96.7,0,1,1,evening,0
2026-04-24 18:15:10,chrome,com.android.chrome,utility,warm,650,683,617,foreground,96.6,0,0,1,evening,0
2026-04-24 18:44:32,google_maps,com.google.android.apps.maps,utility,warm,1540,1663,1369,foreground,96.5,0,1,1,evening,0
2026-04-24 18:48:54,amazon,com.amazon.mShop.android.shopping,commerce,warm,1321,1321,1076,foreground,96.3,0,0,1,evening,0
2026-04-24 19:21:50,phonepe,com.phonepe.app,financial,warm,990,1043,875,background,96.2,0,0,1,evening,0
2026-04-24 19:41:03,paytm,net.one97.paytm,financial,warm,1045,1103,898,foreground,96.1,0,0,1,evening,0
2026-04-24 20:28:29,samsung_health,com.sec.android.app.shealth,health,warm,1208,1257,1068,foreground,96.0,0,0,1,evening,0
2026-04-24 21:06:11,instagram,com.instagram.android,social,warm,1383,1474,1155,foreground,95.9,0,0,1,evening,0
2026-04-24 21:11:40,whatsapp,com.whatsapp,social,warm,955,1011,835,foreground,95.8,0,0,1,evening,0
2026-04-24 21:28:48,youtube,com.google.android.youtube,media,warm,1579,1622,1393,background,95.7,0,0,1,evening,0
2026-04-24 21:48:20,spotify,com.spotify.music,media,warm,1437,1490,1213,foreground,95.6,0,0,1,evening,0
2026-04-24 21:55:54,netflix,com.netflix.mediaclient,media,warm,1648,1801,1479,background,95.5,0,1,1,evening,0
2026-04-24 22:32:30,gmail,com.google.android.gm,productivity,warm,964,964,872,background,95.4,0,1,1,night,0
2026-04-24 22:34:01,slack,com.Slack,productivity,warm,1825,1895,1640,background,95.2,0,0,1,night,0
2026-04-24 22:59:07,chrome,com.android.chrome,utility,warm,686,710,596,foreground,95.1,0,0,1,night,0
2026-04-24 23:41:15,google_maps,com.google.android.apps.maps,utility,warm,1204,1320,1132,foreground,95.9,1,1,1,night,0
2026-04-24 23:41:20,amazon,com.amazon.mShop.android.shopping,commerce,warm,1582,1638,1422,background,96.7,1,0,1,night,0
2026-04-25 00:16:05,phonepe,com.phonepe.app,financial,warm,846,865,777,background,97.2,1,0,1,night,1
2026-04-25 00:33:05,paytm,net.one97.paytm,financial,warm,1069,1140,862,background,98.0,1,0,1,night,1
2026-04-25 00:54:20,samsung_health,com.sec.android.app.shealth,health,warm,1189,1227,994,background,98.4,1,0,1,night,1
2026-04-25 00:59:03,instagram,com.instagram.android,social,warm,1237,1335,1131,foreground,98.7,1,0,1,night,1
2026-04-25 01:04:47,whatsapp,com.whatsapp,social,warm,1026,1061,938,foreground,99.6,1,0,1,night,1
2026-04-25 01:54:44,youtube,com.google.android.youtube,media,warm,1640,1714,1302,background,100,1,0,1,night,1
2026-04-25 02:17:59,spotify,com.spotify.music,media,warm,1175,1293,1071,background,100,1,0,1,night,1
2026-04-25 02:40:26,netflix,com.netflix.mediaclient,media,warm,2162,2263,1699,background,100,1,0,1,night,1
2026-04-25 02:51:46,gmail,com.google.android.gm,productivity,warm,782,827,682,background,100,1,0,1,night,1
2026-04-25 02:52:33,slack,com.Slack,productivity,warm,1353,1415,1139,background,100,1,0,1,night,1
2026-04-25 02:56:20,chrome,com.android.chrome,utility,warm,589,633,540,foreground,100,1,0,1,night,1
2026-04-25 02:57:57,google_maps,com.google.android.apps.maps,utility,warm,1272,1319,1042,background,100,1,0,1,night,1
2026-04-25 03:02:01,amazon,com.amazon.mShop.android.shopping,commerce,warm,1270,1299,1146,background,100,1,0,1,night,1
2026-04-25 03:02:24,phonepe,com.phonepe.app,financial,warm,1009,1010,826,foreground,100,1,0,1,night,1
2026-04-25 03:36:21,paytm,net.one97.paytm,financial,warm,1029,1049,826,background,100,1,0,1,night,1
2026-04-25 04:48:54,samsung_health,com.sec.android.app.shealth,health,warm,1028,1101,886,background,100,1,0,1,night,1
2026-04-25 04:52:29,instagram,com.instagram.android,social,warm,1378,1459,1175,background,100,1,0,1,night,1
2026-04-25 04:58:07,whatsapp,com.whatsapp,social,warm,1106,1169,951,foreground,100,1,0,1,night,1
2026-04-25 04:58:46,youtube,com.google.android.youtube,media,warm,1764,1809,1493,background,100,1,0,1,night,1
2026-04-25 05:49:12,spotify,com.spotify.music,media,warm,1356,1456,1172,background,100,1,0,1,morning,1
2026-04-25 06:36:14,netflix,com.netflix.mediaclient,media,warm,1944,2077,1634,background,100,1,0,1,morning,1
2026-04-25 06:41:03,gmail,com.google.android.gm,productivity,warm,799,799,665,foreground,100,1,0,1,morning,1
2026-04-25 07:09:19,slack,com.Slack,productivity,warm,1638,1705,1546,foreground,99.9,0,0,1,morning,1
2026-04-25 07:35:16,chrome,com.android.chrome,utility,warm,700,770,649,background,99.8,0,0,1,morning,1
2026-04-25 07:36:34,google_maps,com.google.android.apps.maps,utility,warm,1375,1410,1169,foreground,99.7,0,0,1,morning,1
2026-04-25 07:53:46,amazon,com.amazon.mShop.android.shopping,commerce,warm,1295,1351,1085,foreground,99.6,0,0,1,morning,1
2026-04-25 08:58:53,phonepe,com.phonepe.app,financial,warm,899,932,801,foreground,99.5,0,0,1,morning,1
2026-04-25 09:23:32,paytm,net.one97.paytm,financial,warm,1093,1113,896,background,99.3,0,1,1,morning,1
2026-04-25 09:49:57,samsung_health,com.sec.android.app.shealth,health,warm,1209,1295,953,foreground,99.3,0,1,1,morning,1
2026-04-25 10:08:08,instagram,com.instagram.android,social,warm,1580,1608,1249,foreground,99.2,0,0,1,morning,1
2026-04-25 10:12:18,whatsapp,com.whatsapp,social,warm,975,1007,911,background,99.1,0,0,1,morning,1
2026-04-25 10:23:44,youtube,com.google.android.youtube,media,warm,1479,1516,1235,foreground,99.1,0,0,1,morning,1
2026-04-25 10:43:20,spotify,com.spotify.music,media,warm,1050,1095,957,background,98.9,0,0,1,morning,1
2026-04-25 10:49:03,netflix,com.netflix.mediaclient,media,warm,1918,1929,1716,foreground,98.8,0,0,1,morning,1
2026-04-25 11:07:38,gmail,com.google.android.gm,productivity,warm,792,825,666,foreground,98.7,0,0,1,morning,1
2026-04-25 11:16:34,slack,com.Slack,productivity,warm,1426,1488,1269,foreground,98.6,0,0,1,morning,1
2026-04-25 11:28:36,chrome,com.android.chrome,utility,warm,485,522,403,foreground,98.5,0,0,1,morning,1
2026-04-25 11:39:12,google_maps,com.google.android.apps.maps,utility,warm,1316,1416,1154,foreground,98.3,0,0,1,morning,1
2026-04-25 11:43:01,amazon,com.amazon.mShop.android.shopping,commerce,warm,1341,1398,1120,background,98.3,0,0,1,morning,1
2026-04-25 11:48:11,phonepe,com.phonepe.app,financial,warm,985,1048,894,background,98.2,0,0,1,morning,1
2026-04-25 12:16:08,paytm,net.one97.paytm,financial,warm,1227,1316,1059,foreground,98.1,0,0,1,afternoon,1
2026-04-25 13:47:02,samsung_health,com.sec.android.app.shealth,health,warm,1066,1122,968,foreground,98.0,0,0,1,afternoon,1
2026-04-25 14:01:38,instagram,com.instagram.android,social,warm,1637,1784,1458,foreground,98.0,0,0,1,afternoon,1
2026-04-25 14:40:24,whatsapp,com.whatsapp,social,warm,981,1046,925,foreground,97.9,0,0,1,afternoon,1
2026-04-25 14:48:44,youtube,com.google.android.youtube,media,warm,1588,1679,1355,foreground,97.7,0,0,1,afternoon,1
2026-04-25 14:48:51,spotify,com.spotify.music,media,warm,1522,1577,1305,foreground,97.7,0,0,1,afternoon,1
2026-04-25 15:03:11,netflix,com.netflix.mediaclient,media,warm,2131,2271,1869,background,97.5,0,0,1,afternoon,1
2026-04-25 15:43:25,gmail,com.google.android.gm,productivity,warm,650,680,578,foreground,97.4,0,0,1,afternoon,1
2026-04-25 15:51:08,slack,com.Slack,productivity,warm,1363,1457,1191,background,97.4,0,0,1,afternoon,1
2026-04-25 15:58:50,chrome,com.android.chrome,utility,warm,640,701,534,background,97.2,0,0,1,afternoon,1
2026-04-25 15:59:40,google_maps,com.google.android.apps.maps,utility,warm,1513,1602,1244,foreground,97.1,0,0,1,afternoon,1
2026-04-25 16:14:20,amazon,com.amazon.mShop.android.shopping,commerce,warm,1470,1502,1272,foreground,97.0,0,0,1,afternoon,1
2026-04-25 17:15:59,phonepe,com.phonepe.app,financial,warm,1273,1326,1055,foreground,96.9,0,0,1,evening,1
2026-04-25 17:30:54,paytm,net.one97.paytm,financial,warm,986,1013,830,background,96.8,0,0,1,evening,1
2026-04-25 17:34:28,samsung_health,com.sec.android.app.shealth,health,warm,1263,1283,1126,foreground,96.7,0,0,1,evening,1
2026-04-25 17:59:30,instagram,com.instagram.android,social,warm,1501,1549,1339,background,96.7,0,1,1,evening,1
2026-04-25 19:34:36,whatsapp,com.whatsapp,social,warm,1064,1102,890,background,96.6,0,1,1,evening,1
2026-04-25 19:37:40,youtube,com.google.android.youtube,media,warm,1612,1689,1356,foreground,96.5,0,0,1,evening,1
2026-04-25 19:55:25,spotify,com.spotify.music,media,warm,1408,1507,1150,foreground,96.4,0,0,1,evening,1
2026-04-25 20:12:07,netflix,com.netflix.mediaclient,media,warm,1921,1997,1600,foreground,96.3,0,0,1,evening,1
2026-04-25 21:48:06,gmail,com.google.android.gm,productivity,warm,746,776,607,background,96.3,0,1,1,evening,1
2026-04-25 22:09:34,slack,com.Slack,productivity,warm,1671,1775,1387,background,96.1,0,0,1,night,1
2026-04-25 22:52:40,chrome,com.android.chrome,utility,warm,652,692,530,background,96.0,0,0,1,night,1
2026-04-25 22:53:26,google_maps,com.google.android.apps.maps,utility,warm,1332,1450,1172,foreground,96.0,0,0,1,night,1
2026-04-25 22:53:37,amazon,com.amazon.mShop.android.shopping,commerce,warm,1466,1527,1239,foreground,95.9,0,1,1,night,1
2026-04-25 23:18:17,phonepe,com.phonepe.app,financial,warm,829,910,706,foreground,96.6,1,0,1,night,1
2026-04-25 23:20:58,paytm,net.one97.paytm,financial,warm,1059,1155,825,background,97.3,1,0,1,night,1
2026-04-25 23:21:03,samsung_health,com.sec.android.app.shealth,health,warm,1125,1222,967,background,97.9,1,0,1,night,1
2026-04-25 23:27:00,instagram,com.instagram.android,social,warm,1286,1366,942,background,98.3,1,0,1,night,1
2026-04-26 00:06:35,whatsapp,com.whatsapp,social,warm,759,785,592,foreground,98.8,1,0,1,night,1
2026-04-26 00:42:05,youtube,com.google.android.youtube,media,warm,1666,1757,1340,background,99.4,1,0,1,night,1
2026-04-26 00:47:22,spotify,com.spotify.music,media,warm,1314,1387,1131,background,99.7,1,0,1,night,1
2026-04-26 00:57:29,netflix,com.netflix.mediaclient,media,warm,1912,2026,1729,background,100,1,0,1,night,1
2026-04-26 01:11:23,gmail,com.google.android.gm,productivity,warm,861,901,738,background,100,1,0,1,night,1
2026-04-26 02:01:00,slack,com.Slack,productivity,warm,1623,1656,1442,background,100,1,0,1,night,1
2026-04-26 02:09:59,chrome,com.android.chrome,utility,warm,565,594,430,foreground,100,1,0,1,night,1
2026-04-26 02:36:09,google_maps,com.google.android.apps.maps,utility,warm,1372,1407,1127,background,100,1,0,1,night,1
2026-04-26 02:47:13,amazon,com.amazon.mShop.android.shopping,commerce,warm,1378,1422,1195,foreground,100,1,0,1,night,1
2026-04-26 03:55:12,phonepe,com.phonepe.app,financial,warm,1080,1146,967,foreground,100,1,0,1,night,1
2026-04-26 04:21:49,paytm,net.one97.paytm,financial,warm,900,966,817,background,100,1,0,1,night,1
2026-04-26 04:46:32,samsung_health,com.sec.android.app.shealth,health,warm,1278,1346,1175,foreground,100,1,0,1,night,1
2026-04-26 04:53:37,instagram,com.instagram.android,social,warm,1607,1658,1395,foreground,100,1,0,1,night,1
2026-04-26 05:23:48,whatsapp,com.whatsapp,social,warm,856,886,756,background,100,1,0,1,morning,1
2026-04-26 05:43:23,youtube,com.google.android.youtube,media,warm,1724,1841,1509,foreground,100,1,0,1,morning,1
2026-04-26 06:14:16,spotify,com.spotify.music,media,warm,1080,1116,921,background,100,1,0,1,morning,1
2026-04-26 06:29:20,netflix,com.netflix.mediaclient,media,warm,2035,2178,1722,foreground,100,1,0,1,morning,1
2026-04-26 06:37:28,gmail,com.google.android.gm,productivity,warm,909,975,824,foreground,100,1,0,1,morning,1
2026-04-26 06:42:10,slack,com.Slack,productivity,warm,1758,1896,1536,background,100,1,0,1,morning,1
2026-04-26 07:07:47,chrome,com.android.chrome,utility,warm,632,640,561,foreground,99.8,0,0,1,morning,1
2026-04-26 07:11:02,google_maps,com.google.android.apps.maps,utility,warm,1341,1381,1072,background,99.8,0,0,1,morning,1
2026-04-26 07:24:36,amazon,com.amazon.mShop.android.shopping,commerce,warm,1205,1280,1125,background,99.6,0,0,1,morning,1
2026-04-26 07:36:51,phonepe,com.phonepe.app,financial,warm,988,1014,888,background,99.6,0,0,1,morning,1
2026-04-26 07:53:55,paytm,net.one97.paytm,financial,warm,1077,1151,934,foreground,99.4,0,0,1,morning,1
2026-04-26 08:21:48,samsung_health,com.sec.android.app.shealth,health,warm,1042,1118,893,background,99.2,0,0,1,morning,1
2026-04-26 08:26:33,instagram,com.instagram.android,social,warm,1454,1532,1315,foreground,99.2,0,0,1,morning,1
2026-04-26 08:32:45,whatsapp,com.whatsapp,social,warm,924,935,804,background,99.1,0,0,1,morning,1
2026-04-26 08:38:03,youtube,com.google.android.youtube,media,warm,1800,1909,1384,foreground,99.0,0,0,1,morning,1
2026-04-26 09:09:04,spotify,com.spotify.music,media,warm,1406,1422,1263,foreground,98.9,0,0,1,morning,1
2026-04-26 09:10:06,netflix,com.netflix.mediaclient,media,warm,1912,2002,1708,foreground,98.8,0,0,1,morning,1
2026-04-26 09:23:32,gmail,com.google.android.gm,productivity,warm,751,801,618,background,98.7,0,1,1,morning,1
2026-04-26 09:33:53,slack,com.Slack,productivity,warm,1366,1452,1081,background,98.6,0,0,1,morning,1
2026-04-26 10:03:32,chrome,com.android.chrome,utility,warm,446,476,389,foreground,98.5,0,0,1,morning,1
2026-04-26 10:15:36,google_maps,com.google.android.apps.maps,utility,warm,1436,1519,1177,background,98.4,0,0,1,morning,1
2026-04-26 10:39:42,amazon,com.amazon.mShop.android.shopping,commerce,warm,1222,1234,1077,background,98.3,0,0,1,morning,1
2026-04-26 10:54:22,phonepe,com.phonepe.app,financial,warm,992,1041,844,background,98.1,0,0,1,morning,1
2026-04-26 12:14:38,paytm,net.one97.paytm,financial,warm,1063,1092,861,foreground,98.0,0,0,1,afternoon,1
2026-04-26 12:31:33,samsung_health,com.sec.android.app.shealth,health,warm,1098,1099,898,foreground,97.9,0,0,1,afternoon,1
2026-04-26 12:56:17,instagram,com.instagram.android,social,warm,1450,1472,1198,foreground,97.8,0,0,1,afternoon,1
2026-04-26 13:17:23,whatsapp,com.whatsapp,social,warm,842,919,726,background,97.8,0,0,1,afternoon,1
2026-04-26 13:24:02,youtube,com.google.android.youtube,media,warm,1349,1422,1123,foreground,97.7,0,0,1,afternoon,1
2026-04-26 13:31:48,spotify,com.spotify.music,media,warm,1359,1438,1154,background,97.6,0,0,1,afternoon,1
2026-04-26 14:40:55,netflix,com.netflix.mediaclient,media,warm,1770,1895,1597,background,97.5,0,0,1,afternoon,1
2026-04-26 15:33:27,gmail,com.google.android.gm,productivity,warm,923,959,783,foreground,97.4,0,0,1,afternoon,1
2026-04-26 15:43:24,slack,com.Slack,productivity,warm,1493,1562,1245,background,97.2,0,0,1,afternoon,1
2026-04-26 15:57:31,chrome,com.android.chrome,utility,warm,460,466,422,foreground,97.2,0,0,1,afternoon,1
2026-04-26 16:10:06,google_maps,com.google.android.apps.maps,utility,warm,1436,1526,1186,background,97.1,0,0,1,afternoon,1
2026-04-26 16:12:55,amazon,com.amazon.mShop.android.shopping,commerce,warm,1393,1458,1165,background,97.0,0,0,1,afternoon,1
2026-04-26 16:18:59,phonepe,com.phonepe.app,financial,warm,933,1011,866,background,96.9,0,0,1,afternoon,1
2026-04-26 16:55:18,paytm,net.one97.paytm,financial,warm,1089,1158,898,background,96.7,0,0,1,afternoon,1
2026-04-26 16:55:41,samsung_health,com.sec.android.app.shealth,health,warm,1423,1478,1233,background,96.7,0,0,1,afternoon,1
2026-04-26 17:14:29,instagram,com.instagram.android,social,warm,1579,1653,1325,background,96.6,0,0,1,evening,1
2026-04-26 17:32:45,whatsapp,com.whatsapp,social,warm,940,1002,855,foreground,96.5,0,1,1,evening,1
2026-04-26 17:51:42,youtube,com.google.android.youtube,media,warm,1574,1642,1292,foreground,96.4,0,1,1,evening,1
2026-04-26 18:11:06,spotify,com.spotify.music,media,warm,1241,1306,1082,foreground,96.2,0,0,1,evening,1
2026-04-26 18:47:43,netflix,com.netflix.mediaclient,media,warm,1823,1922,1518,foreground,96.1,0,1,1,evening,1
2026-04-26 18:48:34,gmail,com.google.android.gm,productivity,warm,847,902,730,foreground,96.1,0,0,1,evening,1
2026-04-26 19:11:28,slack,com.Slack,productivity,warm,1413,1544,1288,foreground,96.0,0,1,1,evening,1
2026-04-26 19:17:37,chrome,com.android.chrome,utility,warm,620,658,504,background,95.9,0,0,1,evening,1
2026-04-26 19:47:46,google_maps,com.google.android.apps.maps,utility,warm,1473,1560,1303,foreground,95.8,0,1,1,evening,1
2026-04-26 19:52:05,amazon,com.amazon.mShop.android.shopping,commerce,warm,1487,1581,1175,background,95.6,0,1,1,evening,1
2026-04-26 20:25:46,phonepe,com.phonepe.app,financial,warm,1005,1051,800,foreground,95.5,0,1,1,evening,1
2026-04-26 20:44:58,paytm,net.one97.paytm,financial,warm,1020,1083,856,background,95.5,0,0,1,evening,1
2026-04-26 21:14:47,samsung_health,com.sec.android.app.shealth,health,warm,908,911,758,foreground,95.4,0,0,1,evening,1
2026-04-26 23:08:39,instagram,com.instagram.android,social,warm,1463,1523,1303,background,96.0,1,0,1,night,1
2026-04-26 23:16:48,whatsapp,com.whatsapp,social,warm,696,713,668,foreground,96.7,1,1,1,night,1
2026-04-26 23:42:24,youtube,com.google.android.youtube,media,warm,1569,1676,1344,foreground,97.3,1,0,1,night,1
2026-04-27 00:09:30,spotify,com.spotify.music,media,warm,1411,1467,1252,background,97.9,1,0,1,night,0
2026-04-27 00:32:19,netflix,com.netflix.mediaclient,media,warm,1963,2131,1650,background,98.6,1,0,1,night,0
2026-04-27 00:36:15,gmail,com.google.android.gm,productivity,warm,663,689,533,foreground,99.4,1,0,1,night,0
2026-04-27 01:26:39,slack,com.Slack,productivity,warm,1841,1891,1674,background,100,1,0,1,night,0
2026-04-27 02:01:00,chrome,com.android.chrome,utility,warm,621,654,565,background,100,1,0,1,night,0
2026-04-27 02:04:33,google_maps,com.google.android.apps.maps,utility,warm,1408,1474,1223,foreground,100,1,0,1,night,0
2026-04-27 02:08:57,amazon,com.amazon.mShop.android.shopping,commerce,warm,1240,1330,1108,foreground,100,1,0,1,night,0
2026-04-27 02:17:09,phonepe,com.phonepe.app,financial,warm,826,868,732,background,100,1,0,1,night,0
2026-04-27 02:38:13,paytm,net.one97.paytm,financial,warm,1270,1325,1119,foreground,100,1,0,1,night,0
2026-04-27 02:54:03,samsung_health,com.sec.android.app.shealth,health,warm,1207,1209,968,background,100,1,0,1,night,0
2026-04-27 04:22:16,instagram,com.instagram.android,social,warm,1275,1296,1068,background,100,1,0,1,night,0
2026-04-27 04:35:12,whatsapp,com.whatsapp,social,warm,824,893,711,foreground,100,1,0,1,night,0
2026-04-27 04:58:39,youtube,com.google.android.youtube,media,warm,1655,1772,1489,background,100,1,0,1,night,0
2026-04-27 05:00:14,spotify,com.spotify.music,media,warm,1534,1632,1349,background,100,1,0,1,morning,0
2026-04-27 05:42:16,netflix,com.netflix.mediaclient,media,warm,2067,2186,1823,background,100,1,0,1,morning,0
2026-04-27 06:05:56,gmail,com.google.android.gm,productivity,warm,989,994,880,foreground,100,1,0,1,morning,0
2026-04-27 06:11:06,slack,com.Slack,productivity,warm,1620,1643,1258,background,100,1,0,1,morning,0
2026-04-27 06:21:46,chrome,com.android.chrome,utility,warm,736,768,614,foreground,100,1,0,1,morning,0
2026-04-27 06:37:11,google_maps,com.google.android.apps.maps,utility,warm,1659,1756,1329,background,100,1,0,1,morning,0
2026-04-27 07:12:55,amazon,com.amazon.mShop.android.shopping,commerce,warm,1190,1261,1046,background,99.8,0,0,1,morning,0
2026-04-27 07:31:27,phonepe,com.phonepe.app,financial,warm,993,1014,870,background,99.7,0,0,1,morning,0
2026-04-27 07:43:31,paytm,net.one97.paytm,financial,warm,963,1009,799,background,99.6,0,0,1,morning,0
2026-04-27 07:51:52,samsung_health,com.sec.android.app.shealth,health,warm,1190,1295,1001,background,99.5,0,0,1,morning,0
2026-04-27 09:06:07,instagram,com.instagram.android,social,warm,1531,1623,1360,background,99.4,0,0,1,morning,0
2026-04-27 09:37:14,whatsapp,com.whatsapp,social,warm,1105,1134,985,foreground,99.3,0,0,1,morning,0
2026-04-27 09:45:39,youtube,com.google.android.youtube,media,warm,1694,1790,1520,foreground,99.1,0,0,1,morning,0
2026-04-27 10:32:20,spotify,com.spotify.music,media,warm,1430,1430,1307,foreground,99.1,0,0,1,morning,0
2026-04-27 11:21:35,netflix,com.netflix.mediaclient,media,warm,2138,2201,1825,foreground,98.9,0,0,1,morning,0
2026-04-27 12:09:59,gmail,com.google.android.gm,productivity,warm,793,855,687,foreground,98.8,0,0,1,afternoon,0
2026-04-27 12:55:25,slack,com.Slack,productivity,warm,1542,1562,1330,foreground,98.7,0,0,1,afternoon,0
2026-04-27 13:08:43,chrome,com.android.chrome,utility,warm,676,749,597,background,98.6,0,0,1,afternoon,0
2026-04-27 14:02:53,google_maps,com.google.android.apps.maps,utility,warm,1115,1212,871,background,98.5,0,0,1,afternoon,0
2026-04-27 14:06:49,amazon,com.amazon.mShop.android.shopping,commerce,warm,1298,1389,1095,background,98.3,0,0,1,afternoon,0
2026-04-27 14:12:22,phonepe,com.phonepe.app,financial,warm,795,824,725,foreground,98.2,0,0,1,afternoon,0
2026-04-27 14:43:38,paytm,net.one97.paytm,financial,warm,1140,1202,1019,background,98.2,0,0,1,afternoon,0
2026-04-27 15:17:55,samsung_health,com.sec.android.app.shealth,health,warm,1071,1159,958,background,98.1,0,0,1,afternoon,0
2026-04-27 16:46:45,instagram,com.instagram.android,social,warm,1449,1527,1157,background,98.1,0,0,1,afternoon,0
2026-04-27 17:09:29,whatsapp,com.whatsapp,social,warm,938,991,783,background,98.0,0,1,1,evening,0
2026-04-27 17:50:07,youtube,com.google.android.youtube,media,warm,1638,1765,1412,background,97.9,0,0,1,evening,0
2026-04-27 17:50:23,spotify,com.spotify.music,media,warm,1370,1467,1098,background,97.8,0,1,1,evening,0
2026-04-27 18:15:54,netflix,com.netflix.mediaclient,media,warm,2123,2205,1885,background,97.7,0,1,1,evening,0
2026-04-27 18:49:42,gmail,com.google.android.gm,productivity,warm,847,870,723,foreground,97.6,0,0,1,evening,0
2026-04-27 20:20:26,slack,com.Slack,productivity,warm,1643,1737,1450,foreground,97.5,0,0,1,evening,0
2026-04-27 20:52:06,chrome,com.android.chrome,utility,warm,598,628,528,background,97.4,0,0,1,evening,0
2026-04-27 21:06:03,google_maps,com.google.android.apps.maps,utility,warm,1542,1627,1363,foreground,97.4,0,0,1,evening,0
2026-04-27 21:15:48,amazon,com.amazon.mShop.android.shopping,commerce,warm,1241,1343,1039,background,97.3,0,0,1,evening,0
2026-04-27 21:53:20,phonepe,com.phonepe.app,financial,warm,941,996,776,background,97.1,0,0,1,evening,0
2026-04-27 22:39:35,paytm,net.one97.paytm,financial,warm,913,943,774,background,97.0,0,0,1,night,0
2026-04-27 23:24:43,samsung_health,com.sec.android.app.shealth,health,warm,1036,1146,900,background,97.7,1,0,1,night,0
2026-04-28 00:14:55,instagram,com.instagram.android,social,warm,1560,1630,1270,background,98.6,1,0,1,night,0
2026-04-28 00:46:05,whatsapp,com.whatsapp,social,warm,1030,1093,896,background,99.4,1,0,1,night,0
2026-04-28 01:11:36,youtube,com.google.android.youtube,media,warm,2107,2227,1926,foreground,100,1,0,1,night,0
2026-04-28 01:57:04,spotify,com.spotify.music,media,warm,1069,1130,926,background,100,1,0,1,night,0
2026-04-28 02:15:44,netflix,com.netflix.mediaclient,media,warm,2383,2553,2128,background,100,1,0,1,night,0
2026-04-28 02:25:36,gmail,com.google.android.gm,productivity,warm,950,1002,790,foreground,100,1,0,1,night,0
2026-04-28 02:50:10,slack,com.Slack,productivity,warm,1469,1525,1184,foreground,100,1,0,1,night,0
2026-04-28 03:02:31,chrome,com.android.chrome,utility,warm,631,644,546,background,100,1,0,1,night,0
2026-04-28 03:05:32,google_maps,com.google.android.apps.maps,utility,warm,1505,1620,1299,foreground,100,1,0,1,night,0
2026-04-28 03:26:25,amazon,com.amazon.mShop.android.shopping,commerce,warm,1190,1190,1068,background,100,1,0,1,night,0
2026-04-28 03:34:06,phonepe,com.phonepe.app,financial,warm,1033,1084,865,foreground,100,1,0,1,night,0
2026-04-28 03:59:46,paytm,net.one97.paytm,financial,warm,1100,1195,952,foreground,100,1,0,1,night,0
2026-04-28 04:02:17,samsung_health,com.sec.android.app.shealth,health,warm,1228,1276,1093,foreground,100,1,0,1,night,0
2026-04-28 04:13:50,instagram,com.instagram.android,social,warm,1382,1490,1258,foreground,100,1,0,1,night,0
2026-04-28 05:43:27,whatsapp,com.whatsapp,social,warm,854,886,770,background,100,1,0,1,morning,0
2026-04-28 05:55:59,youtube,com.google.android.youtube,media,warm,1766,1851,1664,background,100,1,0,1,morning,0
2026-04-28 06:19:18,spotify,com.spotify.music,media,warm,1053,1123,905,background,100,1,0,1,morning,0
2026-04-28 06:30:17,netflix,com.netflix.mediaclient,media,warm,2063,2104,1980,foreground,100,1,0,1,morning,0
2026-04-28 07:09:48,gmail,com.google.android.gm,productivity,warm,835,937,734,background,99.9,0,0,1,morning,0
2026-04-28 07:16:14,slack,com.Slack,productivity,warm,1238,1263,1038,foreground,99.8,0,0,1,morning,0
2026-04-28 07:36:09,chrome,com.android.chrome,utility,warm,680,710,630,background,99.6,0,0,1,morning,0
2026-04-28 08:08:14,google_maps,com.google.android.apps.maps,utility,warm,1488,1538,1369,foreground,99.5,0,1,1,morning,0
2026-04-28 08:30:57,amazon,com.amazon.mShop.android.shopping,commerce,warm,1368,1485,1188,foreground,99.4,0,0,1,morning,0
2026-04-28 08:32:35,phonepe,com.phonepe.app,financial,warm,890,913,731,background,99.3,0,0,1,morning,0
2026-04-28 08:56:46,paytm,net.one97.paytm,financial,warm,1041,1090,911,background,99.2,0,0,1,morning,0
2026-04-28 08:57:07,samsung_health,com.sec.android.app.shealth,health,warm,941,991,766,foreground,99.1,0,0,1,morning,0
2026-04-28 09:57:21,instagram,com.instagram.android,social,warm,1644,1736,1390,foreground,99.1,0,0,1,morning,0
2026-04-28 10:29:23,whatsapp,com.whatsapp,social,warm,766,780,658,foreground,98.9,0,0,1,morning,0
2026-04-28 10:35:17,youtube,com.google.android.youtube,media,warm,1574,1632,1473,foreground,98.8,0,0,1,morning,0
2026-04-28 12:02:09,spotify,com.spotify.music,media,warm,1215,1272,1018,background,98.7,0,0,1,afternoon,0
2026-04-28 12:07:30,netflix,com.netflix.mediaclient,media,warm,2256,2311,1929,background,98.6,0,0,1,afternoon,0
2026-04-28 12:08:22,gmail,com.google.android.gm,productivity,warm,848,865,728,foreground,98.5,0,0,1,afternoon,0
2026-04-28 12:09:30,slack,com.Slack,productivity,warm,1473,1501,1198,foreground,98.4,0,0,1,afternoon,0
2026-04-28 12:48:19,chrome,com.android.chrome,utility,warm,646,660,555,background,98.2,0,0,1,afternoon,0
2026-04-28 13:08:17,google_maps,com.google.android.apps.maps,utility,warm,1520,1614,1280,background,98.1,0,0,1,afternoon,0
2026-04-28 14:07:11,amazon,com.amazon.mShop.android.shopping,commerce,warm,1341,1409,1176,background,97.9,0,0,1,afternoon,0
2026-04-28 14:10:45,phonepe,com.phonepe.app,financial,warm,844,886,680,background,97.8,0,0,1,afternoon,0
2026-04-28 15:09:20,paytm,net.one97.paytm,financial,warm,1249,1290,1127,background,97.7,0,0,1,afternoon,0
2026-04-28 15:40:43,samsung_health,com.sec.android.app.shealth,health,warm,1113,1201,968,foreground,97.7,0,0,1,afternoon,0
2026-04-28 17:21:52,instagram,com.instagram.android,social,warm,1175,1191,1083,background,97.5,0,0,1,evening,0
2026-04-28 17:33:00,whatsapp,com.whatsapp,social,warm,898,952,793,background,97.5,0,1,1,evening,0
2026-04-28 18:21:56,youtube,com.google.android.youtube,media,warm,1879,1946,1595,background,97.3,0,0,1,evening,0
2026-04-28 18:54:49,spotify,com.spotify.music,media,warm,1538,1583,1307,foreground,97.3,0,0,1,evening,0
2026-04-28 18:58:17,netflix,com.netflix.mediaclient,media,warm,2001,2152,1738,background,97.2,0,1,1,evening,0
2026-04-28 19:12:33,gmail,com.google.android.gm,productivity,warm,746,807,640,background,97.1,0,0,1,evening,0
2026-04-28 19:20:50,slack,com.Slack,productivity,warm,1668,1800,1455,foreground,97.0,0,0,1,evening,0
2026-04-28 21:00:50,chrome,com.android.chrome,utility,warm,491,504,434,background,96.9,0,0,1,evening,0
2026-04-28 21:08:54,google_maps,com.google.android.apps.maps,utility,warm,1244,1284,1025,background,96.8,0,1,1,evening,0
2026-04-28 21:30:07,amazon,com.amazon.mShop.android.shopping,commerce,warm,1306,1323,1154,background,96.7,0,0,1,evening,0
2026-04-28 21:36:33,phonepe,com.phonepe.app,financial,warm,895,895,789,foreground,96.6,0,1,1,evening,0
2026-04-28 21:45:53,paytm,net.one97.paytm,financial,warm,1030,1062,843,foreground,96.5,0,1,1,evening,0
2026-04-28 21:58:36,samsung_health,com.sec.android.app.shealth,health,warm,1235,1303,1110,background,96.4,0,0,1,evening,0
2026-04-28 22:16:12,instagram,com.instagram.android,social,warm,1459,1609,1180,background,96.4,0,1,1,night,0
2026-04-28 22:48:45,whatsapp,com.whatsapp,social,warm,944,1015,882,foreground,96.3,0,0,1,night,0
2026-04-28 22:56:37,youtube,com.google.android.youtube,media,warm,1540,1608,1323,foreground,96.2,0,1,1,night,0
2026-04-28 23:14:07,spotify,com.spotify.music,media,warm,1404,1494,1263,foreground,96.6,1,1,1,night,0
2026-04-28 23:48:15,netflix,com.netflix.mediaclient,media,warm,2104,2191,1782,foreground,97.1,1,0,1,night,0
2026-04-28 23:52:06,gmail,com.google.android.gm,productivity,warm,949,1039,865,background,97.8,1,1,1,night,0
2026-04-29 00:18:13,slack,com.Slack,productivity,warm,1523,1558,1297,foreground,98.6,1,0,1,night,0
2026-04-29 00:24:45,chrome,com.android.chrome,utility,warm,656,686,591,foreground,99.4,1,0,1,night,0
2026-04-29 01:45:51,google_maps,com.google.android.apps.maps,utility,warm,1451,1572,1271,background,100,1,0,1,night,0
2026-04-29 02:12:41,amazon,com.amazon.mShop.android.shopping,commerce,warm,1316,1404,1138,background,100,1,0,1,night,0
2026-04-29 02:25:03,phonepe,com.phonepe.app,financial,warm,832,870,798,background,100,1,0,1,night,0
2026-04-29 02:35:50,paytm,net.one97.paytm,financial,warm,1167,1200,977,background,100,1,0,1,night,0
2026-04-29 02:47:27,samsung_health,com.sec.android.app.shealth,health,warm,1211,1243,1044,foreground,100,1,0,1,night,0
2026-04-29 02:50:18,instagram,com.instagram.android,social,warm,1643,1724,1323,background,100,1,0,1,night,0
2026-04-29 03:16:28,whatsapp,com.whatsapp,social,warm,1001,1043,870,background,100,1,0,1,night,0
2026-04-29 03:21:35,youtube,com.google.android.youtube,media,warm,1844,1932,1526,background,100,1,0,1,night,0
2026-04-29 03:34:38,spotify,com.spotify.music,media,warm,1307,1391,1123,background,100,1,0,1,night,0
2026-04-29 03:39:27,netflix,com.netflix.mediaclient,media,warm,1886,1992,1565,foreground,100,1,0,1,night,0
2026-04-29 03:49:49,gmail,com.google.android.gm,productivity,warm,963,985,747,background,100,1,0,1,night,0
2026-04-29 05:22:53,slack,com.Slack,productivity,warm,1607,1662,1430,foreground,100,1,0,1,morning,0
2026-04-29 05:44:40,chrome,com.android.chrome,utility,warm,538,538,472,foreground,100,1,0,1,morning,0
2026-04-29 06:00:46,google_maps,com.google.android.apps.maps,utility,warm,1482,1589,1251,foreground,100,1,0,1,morning,0
2026-04-29 07:11:21,amazon,com.amazon.mShop.android.shopping,commerce,warm,1418,1540,1239,foreground,99.9,0,1,1,morning,0
2026-04-29 07:20:28,phonepe,com.phonepe.app,financial,warm,753,847,675,background,99.7,0,0,1,morning,0
2026-04-29 08:40:06,paytm,net.one97.paytm,financial,warm,1192,1274,1111,foreground,99.6,0,1,1,morning,0
2026-04-29 09:18:50,samsung_health,com.sec.android.app.shealth,health,warm,1152,1200,994,foreground,99.5,0,1,1,morning,0
2026-04-29 10:27:59,instagram,com.instagram.android,social,warm,1469,1589,1299,background,99.4,0,0,1,morning,0
2026-04-29 10:33:01,whatsapp,com.whatsapp,social,warm,910,965,823,foreground,99.3,0,0,1,morning,0
2026-04-29 10:39:42,youtube,com.google.android.youtube,media,warm,1371,1402,1144,foreground,99.2,0,0,1,morning,0
2026-04-29 10:43:18,spotify,com.spotify.music,media,warm,1146,1170,974,background,99.1,0,0,1,morning,0
2026-04-29 10:52:32,netflix,com.netflix.mediaclient,media,warm,1907,2007,1556,background,99.0,0,0,1,morning,0
2026-04-29 11:04:24,gmail,com.google.android.gm,productivity,warm,891,914,827,foreground,99.0,0,0,1,morning,0
2026-04-29 11:57:41,slack,com.Slack,productivity,warm,1419,1483,1297,background,98.9,0,0,1,morning,0
2026-04-29 12:08:10,chrome,com.android.chrome,utility,warm,609,666,524,background,98.8,0,0,1,afternoon,0
2026-04-29 12:19:05,google_maps,com.google.android.apps.maps,utility,warm,1217,1261,1081,foreground,98.7,0,0,1,afternoon,0
2026-04-29 12:33:43,amazon,com.amazon.mShop.android.shopping,commerce,warm,1263,1343,1057,foreground,98.6,0,0,1,afternoon,0
2026-04-29 12:53:28,phonepe,com.phonepe.app,financial,warm,918,1035,835,foreground,98.6,0,0,1,afternoon,0
2026-04-29 13:52:02,paytm,net.one97.paytm,financial,warm,1033,1098,977,foreground,98.5,0,0,1,afternoon,0
2026-04-29 14:08:24,samsung_health,com.sec.android.app.shealth,health,warm,1091,1172,923,foreground,98.4,0,0,1,afternoon,0
2026-04-29 15:12:52,instagram,com.instagram.android,social,warm,1491,1595,1376,foreground,98.2,0,0,1,afternoon,0
2026-04-29 15:14:36,whatsapp,com.whatsapp,social,warm,1112,1188,917,background,98.1,0,0,1,afternoon,0
2026-04-29 16:27:28,youtube,com.google.android.youtube,media,warm,1583,1650,1390,background,98.0,0,0,1,afternoon,0
2026-04-29 16:34:29,spotify,com.spotify.music,media,warm,1407,1420,1176,background,97.9,0,0,1,afternoon,0
2026-04-29 16:50:15,netflix,com.netflix.mediaclient,media,warm,2034,2115,1616,foreground,97.7,0,0,1,afternoon,0
2026-04-29 17:07:29,gmail,com.google.android.gm,productivity,warm,980,1015,848,background,97.6,0,1,1,evening,0
2026-04-29 18:13:37,slack,com.Slack,productivity,warm,1611,1730,1386,foreground,97.6,0,0,1,evening,0
2026-04-29 18:27:53,chrome,com.android.chrome,utility,warm,580,596,394,background,97.5,0,1,1,evening,0
2026-04-29 18:37:24,google_maps,com.google.android.apps.maps,utility,warm,1307,1399,1228,background,97.4,0,0,1,evening,0
2026-04-29 19:00:50,amazon,com.amazon.mShop.android.shopping,commerce,warm,1274,1311,1071,background,97.3,0,1,1,evening,0
2026-04-29 19:38:05,phonepe,com.phonepe.app,financial,warm,939,999,848,background,97.2,0,0,1,evening,0
2026-04-29 19:57:49,paytm,net.one97.paytm,financial,warm,1036,1090,877,background,97.1,0,1,1,evening,0
2026-04-29 20:09:01,samsung_health,com.sec.android.app.shealth,health,warm,1179,1279,1090,foreground,97.1,0,1,1,evening,0
2026-04-29 20:09:43,instagram,com.instagram.android,social,warm,1582,1676,1336,background,97.0,0,0,1,evening,0
2026-04-29 20:39:04,whatsapp,com.whatsapp,social,warm,982,1017,837,background,97.0,0,1,1,evening,0
2026-04-29 21:00:08,youtube,com.google.android.youtube,media,warm,1370,1444,1165,foreground,96.8,0,0,1,evening,0
2026-04-29 21:00:21,spotify,com.spotify.music,media,warm,1251,1299,1003,foreground,96.7,0,0,1,evening,0
2026-04-29 21:51:31,netflix,com.netflix.mediaclient,media,warm,2264,2385,1912,background,96.5,0,0,1,evening,0
2026-04-29 22:35:57,gmail,com.google.android.gm,productivity,warm,770,805,559,background,96.4,0,0,1,night,0
2026-04-30 00:14:15,slack,com.Slack,productivity,warm,1347,1352,1143,foreground,96.7,1,0,1,night,0
2026-04-30 01:13:55,chrome,com.android.chrome,utility,warm,564,606,541,foreground,97.4,1,0,1,night,0
2026-04-30 01:26:49,google_maps,com.google.android.apps.maps,utility,warm,1240,1343,1013,foreground,98.2,1,0,1,night,0
2026-04-30 01:35:16,amazon,com.amazon.mShop.android.shopping,commerce,warm,1180,1246,1098,background,98.5,1,0,1,night,0
2026-04-30 02:03:13,phonepe,com.phonepe.app,financial,warm,994,1031,848,foreground,98.9,1,0,1,night,0
2026-04-30 02:13:33,paytm,net.one97.paytm,financial,warm,1137,1235,997,background,99.4,1,0,1,night,0
2026-04-30 02:30:27,samsung_health,com.sec.android.app.shealth,health,warm,1253,1289,1109,background,100,1,0,1,night,0
2026-04-30 02:37:43,instagram,com.instagram.android,social,warm,1391,1465,1258,background,100,1,0,1,night,0
2026-04-30 02:53:15,whatsapp,com.whatsapp,social,warm,1082,1133,892,foreground,100,1,0,1,night,0
2026-04-30 03:06:13,youtube,com.google.android.youtube,media,warm,1480,1512,1382,foreground,100,1,0,1,night,0
2026-04-30 03:37:52,spotify,com.spotify.music,media,warm,1080,1080,922,foreground,100,1,0,1,night,0
2026-04-30 03:40:15,netflix,com.netflix.mediaclient,media,warm,1629,1793,1443,foreground,100,1,0,1,night,0
2026-04-30 03:51:52,gmail,com.google.android.gm,productivity,warm,798,798,721,foreground,100,1,0,1,night,0
2026-04-30 03:59:51,slack,com.Slack,productivity,warm,1347,1444,1099,foreground,100,1,0,1,night,0
2026-04-30 04:59:57,chrome,com.android.chrome,utility,warm,483,527,360,foreground,100,1,0,1,night,0
2026-04-30 05:44:31,google_maps,com.google.android.apps.maps,utility,warm,1250,1335,1054,background,100,1,0,1,morning,0
2026-04-30 06:31:17,amazon,com.amazon.mShop.android.shopping,commerce,warm,1295,1370,1150,background,100,1,0,1,morning,0
2026-04-30 06:33:49,phonepe,com.phonepe.app,financial,warm,864,959,685,foreground,100,1,0,1,morning,0
2026-04-30 06:35:43,paytm,net.one97.paytm,financial,warm,1136,1175,955,background,100,1,0,1,morning,0
2026-04-30 06:48:52,samsung_health,com.sec.android.app.shealth,health,warm,1205,1249,1092,foreground,100,1,0,1,morning,0
2026-04-30 07:17:31,instagram,com.instagram.android,social,warm,1360,1463,1150,background,99.9,0,0,1,morning,0
2026-04-30 07:35:48,whatsapp,com.whatsapp,social,warm,831,847,766,background,99.9,0,1,1,morning,0
2026-04-30 07:48:18,youtube,com.google.android.youtube,media,warm,1318,1363,1200,foreground,99.7,0,0,1,morning,0
2026-04-30 07:57:22,spotify,com.spotify.music,media,warm,1676,1757,1485,foreground,99.6,0,0,1,morning,0
2026-04-30 08:40:00,netflix,com.netflix.mediaclient,media,warm,2189,2346,1992,foreground,99.5,0,0,1,morning,0
2026-04-30 09:31:43,gmail,com.google.android.gm,productivity,warm,765,797,657,background,99.5,0,0,1,morning,0
2026-04-30 10:13:06,slack,com.Slack,productivity,warm,1507,1560,1197,background,99.3,0,0,1,morning,0
2026-04-30 10:22:11,chrome,com.android.chrome,utility,warm,645,649,573,foreground,99.2,0,0,1,morning,0
2026-04-30 10:26:03,google_maps,com.google.android.apps.maps,utility,warm,1655,1814,1492,foreground,99.1,0,0,1,morning,0
2026-04-30 10:46:28,amazon,com.amazon.mShop.android.shopping,commerce,warm,1435,1499,1350,foreground,99.0,0,0,1,morning,0
2026-04-30 11:11:43,phonepe,com.phonepe.app,financial,warm,962,1025,896,foreground,98.9,0,0,1,morning,0
2026-04-30 11:37:03,paytm,net.one97.paytm,financial,warm,1076,1103,959,background,98.9,0,0,1,morning,0
2026-04-30 11:40:30,samsung_health,com.sec.android.app.shealth,health,warm,1329,1440,1138,background,98.8,0,0,1,morning,0
2026-04-30 11:45:45,instagram,com.instagram.android,social,warm,1879,2045,1544,background,98.7,0,0,1,morning,0
2026-04-30 11:51:50,whatsapp,com.whatsapp,social,warm,970,1048,842,foreground,98.6,0,0,1,morning,0
2026-04-30 12:08:48,youtube,com.google.android.youtube,media,warm,1851,1961,1617,foreground,98.4,0,0,1,afternoon,0
2026-04-30 12:21:42,spotify,com.spotify.music,media,warm,1151,1217,948,background,98.3,0,0,1,afternoon,0
2026-04-30 12:26:51,netflix,com.netflix.mediaclient,media,warm,1881,1918,1604,background,98.2,0,0,1,afternoon,0
2026-04-30 12:55:26,gmail,com.google.android.gm,productivity,warm,769,806,695,background,98.1,0,0,1,afternoon,0
2026-04-30 12:56:28,slack,com.Slack,productivity,warm,1564,1622,1352,foreground,97.9,0,0,1,afternoon,0
2026-04-30 13:20:36,chrome,com.android.chrome,utility,warm,501,510,376,foreground,97.8,0,0,1,afternoon,0
2026-04-30 13:26:07,google_maps,com.google.android.apps.maps,utility,warm,1180,1213,956,background,97.7,0,0,1,afternoon,0
2026-04-30 14:42:50,amazon,com.amazon.mShop.android.shopping,commerce,warm,1478,1531,1267,background,97.6,0,0,1,afternoon,0
2026-04-30 15:39:39,phonepe,com.phonepe.app,financial,warm,1101,1147,924,foreground,97.5,0,0,1,afternoon,0
2026-04-30 17:31:50,paytm,net.one97.paytm,financial,warm,1138,1160,917,background,97.5,0,0,1,evening,0
2026-04-30 18:45:25,samsung_health,com.sec.android.app.shealth,health,warm,1168,1229,1014,foreground,97.3,0,1,1,evening,0
2026-04-30 20:17:19,instagram,com.instagram.android,social,warm,1419,1480,1149,foreground,97.3,0,0,1,evening,0
2026-04-30 20:45:00,whatsapp,com.whatsapp,social,warm,1020,1065,904,background,97.2,0,1,1,evening,0
2026-04-30 21:06:41,youtube,com.google.android.youtube,media,warm,1483,1586,1274,foreground,97.1,0,0,1,evening,0
2026-04-30 21:11:11,spotify,com.spotify.music,media,warm,1411,1451,1286,foreground,97.0,0,0,1,evening,0
2026-04-30 21:47:43,netflix,com.netflix.mediaclient,media,warm,2118,2176,1820,background,96.8,0,0,1,evening,0
2026-04-30 22:11:06,gmail,com.google.android.gm,productivity,warm,830,867,638,background,96.7,0,0,1,night,0
2026-04-30 22:48:53,slack,com.Slack,productivity,warm,1793,1871,1504,background,96.6,0,0,1,night,0
2026-04-30 22:50:55,chrome,com.android.chrome,utility,warm,494,517,403,foreground,96.6,0,0,1,night,0
2026-04-30 23:05:05,google_maps,com.google.android.apps.maps,utility,warm,1390,1497,1080,background,97.1,1,0,1,night,0
2026-04-30 23:19:16,amazon,com.amazon.mShop.android.shopping,commerce,warm,1327,1369,1160,foreground,97.7,1,1,1,night,0
2026-04-30 23:49:40,phonepe,com.phonepe.app,financial,warm,933,965,765,foreground,98.2,1,0,1,night,0
2026-05-01 00:23:24,paytm,net.one97.paytm,financial,warm,997,1047,858,foreground,98.6,1,0,1,night,0
2026-05-01 00:36:40,samsung_health,com.sec.android.app.shealth,health,warm,1280,1380,1104,foreground,99.1,1,0,1,night,0
2026-05-01 00:49:41,instagram,com.instagram.android,social,warm,1329,1454,1214,background,99.7,1,0,1,night,0
2026-05-01 00:54:48,whatsapp,com.whatsapp,social,warm,809,832,737,foreground,100,1,0,1,night,0
2026-05-01 01:07:05,youtube,com.google.android.youtube,media,warm,1288,1372,1107,background,100,1,0,1,night,0
2026-05-01 01:17:56,spotify,com.spotify.music,media,warm,1586,1678,1373,background,100,1,0,1,night,0
2026-05-01 01:26:14,netflix,com.netflix.mediaclient,media,warm,2045,2222,1762,foreground,100,1,0,1,night,0
2026-05-01 02:31:16,gmail,com.google.android.gm,productivity,warm,807,846,725,background,100,1,0,1,night,0
2026-05-01 03:09:56,slack,com.Slack,productivity,warm,1775,1882,1531,background,100,1,0,1,night,0
2026-05-01 03:31:40,chrome,com.android.chrome,utility,warm,713,713,581,foreground,100,1,0,1,night,0
2026-05-01 03:38:25,google_maps,com.google.android.apps.maps,utility,warm,1298,1319,1085,foreground,100,1,0,1,night,0
2026-05-01 03:49:13,amazon,com.amazon.mShop.android.shopping,commerce,warm,1478,1528,1237,background,100,1,0,1,night,0
2026-05-01 04:11:26,phonepe,com.phonepe.app,financial,warm,941,979,768,foreground,100,1,0,1,night,0
2026-05-01 04:29:20,paytm,net.one97.paytm,financial,warm,992,1043,831,background,100,1,0,1,night,0
2026-05-01 04:49:42,samsung_health,com.sec.android.app.shealth,health,warm,1275,1346,1079,foreground,100,1,0,1,night,0
2026-05-01 05:16:52,instagram,com.instagram.android,social,warm,1245,1252,974,foreground,100,1,0,1,morning,0
2026-05-01 05:19:03,whatsapp,com.whatsapp,social,warm,923,937,746,foreground,100,1,0,1,morning,0
2026-05-01 06:15:16,youtube,com.google.android.youtube,media,warm,1896,2025,1601,background,100,1,0,1,morning,0
2026-05-01 06:21:01,spotify,com.spotify.music,media,warm,1283,1427,1035,foreground,100,1,0,1,morning,0
2026-05-01 06:36:35,netflix,com.netflix.mediaclient,media,warm,1534,1618,1414,foreground,100,1,0,1,morning,0
2026-05-01 06:40:06,gmail,com.google.android.gm,productivity,warm,874,931,712,background,100,1,0,1,morning,0
2026-05-01 06:48:35,slack,com.Slack,productivity,warm,1613,1722,1337,background,100,1,0,1,morning,0
2026-05-01 06:59:41,chrome,com.android.chrome,utility,warm,628,647,596,background,100,1,0,1,morning,0
2026-05-01 07:03:00,google_maps,com.google.android.apps.maps,utility,warm,1631,1674,1397,background,99.9,0,1,1,morning,0
2026-05-01 07:28:07,amazon,com.amazon.mShop.android.shopping,commerce,warm,1515,1582,1244,foreground,99.8,0,0,1,morning,0
2026-05-01 07:51:21,phonepe,com.phonepe.app,financial,warm,899,917,762,background,99.7,0,0,1,morning,0
2026-05-01 07:59:17,paytm,net.one97.paytm,financial,warm,1057,1096,936,background,99.6,0,1,1,morning,0
2026-05-01 08:09:56,samsung_health,com.sec.android.app.shealth,health,warm,1178,1263,1020,background,99.5,0,0,1,morning,0
2026-05-01 08:31:28,instagram,com.instagram.android,social,warm,1529,1561,1467,background,99.3,0,0,1,morning,0
2026-05-01 09:22:34,whatsapp,com.whatsapp,social,warm,1136,1186,957,foreground,99.2,0,0,1,morning,0
2026-05-01 10:21:37,youtube,com.google.android.youtube,media,warm,1656,1713,1436,background,99.1,0,0,1,morning,0
2026-05-01 11:02:03,spotify,com.spotify.music,media,warm,1409,1518,1193,foreground,99.0,0,0,1,morning,0
2026-05-01 11:05:04,netflix,com.netflix.mediaclient,media,warm,1945,1991,1639,foreground,98.8,0,0,1,morning,0
2026-05-01 12:00:57,gmail,com.google.android.gm,productivity,warm,690,727,579,foreground,98.7,0,0,1,afternoon,0
2026-05-01 12:08:20,slack,com.Slack,productivity,warm,1905,1977,1614,background,98.6,0,0,1,afternoon,0
2026-05-01 12:30:40,chrome,com.android.chrome,utility,warm,584,604,529,foreground,98.5,0,0,1,afternoon,0
2026-05-01 12:53:55,google_maps,com.google.android.apps.maps,utility,warm,1558,1647,1401,background,98.4,0,0,1,afternoon,0
2026-05-01 13:31:19,amazon,com.amazon.mShop.android.shopping,commerce,warm,1149,1178,969,foreground,98.3,0,0,1,afternoon,0
2026-05-01 15:24:16,phonepe,com.phonepe.app,financial,warm,905,970,787,foreground,98.2,0,0,1,afternoon,0
2026-05-01 15:50:34,paytm,net.one97.paytm,financial,warm,1096,1106,959,background,98.1,0,0,1,afternoon,0
2026-05-01 16:17:10,samsung_health,com.sec.android.app.shealth,health,warm,1190,1257,1026,background,98.0,0,0,1,afternoon,0
2026-05-01 16:30:54,instagram,com.instagram.android,social,warm,1463,1567,1282,background,97.9,0,0,1,afternoon,0
2026-05-01 16:59:04,whatsapp,com.whatsapp,social,warm,1188,1254,1069,foreground,97.8,0,0,1,afternoon,0
2026-05-01 17:09:55,youtube,com.google.android.youtube,media,warm,1717,1729,1444,background,97.7,0,1,1,evening,0
2026-05-01 17:27:37,spotify,com.spotify.music,media,warm,1112,1203,844,background,97.7,0,1,1,evening,0
2026-05-01 18:24:40,netflix,com.netflix.mediaclient,media,warm,2398,2429,2085,foreground,97.6,0,0,1,evening,0
2026-05-01 18:52:57,gmail,com.google.android.gm,productivity,warm,767,778,673,foreground,97.6,0,0,1,evening,0
2026-05-01 20:15:14,slack,com.Slack,productivity,warm,1436,1537,1292,background,97.4,0,0,1,evening,0
2026-05-01 21:08:58,chrome,com.android.chrome,utility,warm,440,458,360,background,97.3,0,0,1,evening,0
2026-05-01 21:10:29,google_maps,com.google.android.apps.maps,utility,warm,1070,1070,914,background,97.2,0,0,1,evening,0
2026-05-01 22:06:19,amazon,com.amazon.mShop.android.shopping,commerce,warm,1223,1253,1031,background,97.1,0,0,1,night,0
2026-05-01 22:13:06,phonepe,com.phonepe.app,financial,warm,860,913,694,background,97.0,0,1,1,night,0
2026-05-01 22:16:42,paytm,net.one97.paytm,financial,warm,998,1080,849,background,96.9,0,1,1,night,0
2026-05-01 22:25:08,samsung_health,com.sec.android.app.shealth,health,warm,976,1018,793,background,96.9,0,0,1,night,0
2026-05-01 22:38:58,instagram,com.instagram.android,social,warm,1534,1642,1311,foreground,96.8,0,0,1,night,0
2026-05-01 23:30:16,whatsapp,com.whatsapp,social,warm,835,897,752,foreground,97.5,1,0,1,night,0
2026-05-01 23:38:50,youtube,com.google.android.youtube,media,warm,1564,1666,1374,foreground,98.3,1,1,1,night,0
2026-05-01 23:55:24,spotify,com.spotify.music,media,warm,1627,1667,1359,background,98.7,1,0,1,night,0
2026-05-01 23:59:39,netflix,com.netflix.mediaclient,media,warm,1968,2083,1822,foreground,99.5,1,0,1,night,0
2026-05-02 00:36:09,gmail,com.google.android.gm,productivity,warm,1042,1057,772,foreground,100,1,0,1,night,1
2026-05-02 02:00:59,slack,com.Slack,productivity,warm,1824,1920,1659,foreground,100,1,0,1,night,1
2026-05-02 02:24:03,chrome,com.android.chrome,utility,warm,707,749,619,background,100,1,0,1,night,1
2026-05-02 03:07:16,google_maps,com.google.android.apps.maps,utility,warm,1549,1559,1280,background,100,1,0,1,night,1
2026-05-02 03:14:52,amazon,com.amazon.mShop.android.shopping,commerce,warm,1170,1177,979,foreground,100,1,0,1,night,1
2026-05-02 03:35:01,phonepe,com.phonepe.app,financial,warm,885,924,790,foreground,100,1,0,1,night,1
2026-05-02 03:56:05,paytm,net.one97.paytm,financial,warm,1151,1229,1017,background,100,1,0,1,night,1
2026-05-02 03:58:02,samsung_health,com.sec.android.app.shealth,health,warm,1128,1196,979,background,100,1,0,1,night,1
2026-05-02 04:04:14,instagram,com.instagram.android,social,warm,1651,1713,1385,background,100,1,0,1,night,1
2026-05-02 05:12:34,whatsapp,com.whatsapp,social,warm,1151,1186,1021,background,100,1,0,1,morning,1
2026-05-02 05:15:38,youtube,com.google.android.youtube,media,warm,1692,1784,1502,foreground,100,1,0,1,morning,1
2026-05-02 05:52:43,spotify,com.spotify.music,media,warm,1329,1468,1188,foreground,100,1,0,1,morning,1
2026-05-02 06:17:59,netflix,com.netflix.mediaclient,media,warm,1972,2066,1726,foreground,100,1,0,1,morning,1
2026-05-02 07:37:56,gmail,com.google.android.gm,productivity,warm,670,701,600,foreground,99.9,0,1,1,morning,1
2026-05-02 08:13:46,slack,com.Slack,productivity,warm,1565,1663,1322,foreground,99.8,0,0,1,morning,1
2026-05-02 08:24:10,chrome,com.android.chrome,utility,warm,678,720,573,background,99.7,0,0,1,morning,1
2026-05-02 09:06:37,google_maps,com.google.android.apps.maps,utility,warm,1545,1659,1330,foreground,99.5,0,0,1,morning,1
2026-05-02 09:21:54,amazon,com.amazon.mShop.android.shopping,commerce,warm,1407,1453,1304,foreground,99.4,0,0,1,morning,1
2026-05-02 09:25:21,phonepe,com.phonepe.app,financial,warm,1091,1175,935,foreground,99.3,0,0,1,morning,1
2026-05-02 09:53:19,paytm,net.one97.paytm,financial,warm,1177,1251,1027,foreground,99.2,0,0,1,morning,1
2026-05-02 10:15:47,samsung_health,com.sec.android.app.shealth,health,warm,1060,1120,860,foreground,99.2,0,0,1,morning,1
2026-05-02 10:35:06,instagram,com.instagram.android,social,warm,1611,1678,1450,foreground,99.1,0,0,1,morning,1
2026-05-02 10:35:58,whatsapp,com.whatsapp,social,warm,1158,1207,903,foreground,98.9,0,0,1,morning,1
2026-05-02 10:39:52,youtube,com.google.android.youtube,media,warm,1714,1841,1571,foreground,98.8,0,0,1,morning,1
2026-05-02 10:47:04,spotify,com.spotify.music,media,warm,1212,1231,1085,background,98.8,0,0,1,morning,1
2026-05-02 10:51:50,netflix,com.netflix.mediaclient,media,warm,1555,1719,1335,background,98.7,0,0,1,morning,1
2026-05-02 11:26:50,gmail,com.google.android.gm,productivity,warm,702,729,642,foreground,98.6,0,0,1,morning,1
2026-05-02 11:47:27,slack,com.Slack,productivity,warm,1793,1895,1507,foreground,98.6,0,0,1,morning,1
2026-05-02 12:04:17,chrome,com.android.chrome,utility,warm,655,679,531,background,98.4,0,0,1,afternoon,1
2026-05-02 12:15:02,google_maps,com.google.android.apps.maps,utility,warm,1470,1560,1211,background,98.4,0,0,1,afternoon,1
2026-05-02 12:36:28,amazon,com.amazon.mShop.android.shopping,commerce,warm,1234,1311,1071,background,98.3,0,0,1,afternoon,1
2026-05-02 13:01:28,phonepe,com.phonepe.app,financial,warm,903,940,721,foreground,98.2,0,0,1,afternoon,1
2026-05-02 14:25:05,paytm,net.one97.paytm,financial,warm,1177,1231,1077,background,98.1,0,0,1,afternoon,1
2026-05-02 14:44:05,samsung_health,com.sec.android.app.shealth,health,warm,1134,1180,993,foreground,98.1,0,0,1,afternoon,1
2026-05-02 15:04:19,instagram,com.instagram.android,social,warm,1233,1335,1041,background,98.0,0,0,1,afternoon,1
2026-05-02 15:12:47,whatsapp,com.whatsapp,social,warm,972,987,871,foreground,97.9,0,0,1,afternoon,1
2026-05-02 15:35:36,youtube,com.google.android.youtube,media,warm,1488,1589,1290,foreground,97.8,0,0,1,afternoon,1
2026-05-02 15:36:36,spotify,com.spotify.music,media,warm,1066,1104,821,foreground,97.7,0,0,1,afternoon,1
2026-05-02 15:56:56,netflix,com.netflix.mediaclient,media,warm,2221,2381,1941,background,97.5,0,0,1,afternoon,1
2026-05-02 16:25:20,gmail,com.google.android.gm,productivity,warm,888,965,824,background,97.5,0,0,1,afternoon,1
2026-05-02 16:56:45,slack,com.Slack,productivity,warm,1429,1452,1239,background,97.4,0,0,1,afternoon,1
2026-05-02 17:08:10,chrome,com.android.chrome,utility,warm,503,503,432,foreground,97.3,0,0,1,evening,1
2026-05-02 17:10:24,google_maps,com.google.android.apps.maps,utility,warm,1469,1576,1228,foreground,97.1,0,0,1,evening,1
2026-05-02 17:12:15,amazon,com.amazon.mShop.android.shopping,commerce,warm,1276,1294,1180,background,97.0,0,0,1,evening,1
2026-05-02 17:22:58,phonepe,com.phonepe.app,financial,warm,848,898,766,background,96.9,0,0,1,evening,1
2026-05-02 17:39:56,paytm,net.one97.paytm,financial,warm,901,1008,776,foreground,96.8,0,1,1,evening,1
2026-05-02 18:04:41,samsung_health,com.sec.android.app.shealth,health,warm,1413,1470,1227,foreground,96.7,0,0,1,evening,1
2026-05-02 18:32:45,instagram,com.instagram.android,social,warm,1517,1594,1300,foreground,96.7,0,0,1,evening,1
2026-05-02 18:48:32,whatsapp,com.whatsapp,social,warm,1032,1058,904,background,96.6,0,1,1,evening,1
2026-05-02 19:49:44,youtube,com.google.android.youtube,media,warm,1204,1255,935,background,96.5,0,1,1,evening,1
2026-05-02 19:53:09,spotify,com.spotify.music,media,warm,1057,1081,1014,background,96.4,0,0,1,evening,1
2026-05-02 20:25:12,netflix,com.netflix.mediaclient,media,warm,2084,2200,1666,background,96.4,0,0,1,evening,1
2026-05-02 20:28:13,gmail,com.google.android.gm,productivity,warm,798,846,725,background,96.3,0,1,1,evening,1
2026-05-02 21:35:08,slack,com.Slack,productivity,warm,1830,1882,1624,foreground,96.2,0,1,1,evening,1
2026-05-02 22:27:12,chrome,com.android.chrome,utility,warm,675,700,547,background,96.1,0,0,1,night,1
2026-05-02 23:00:45,google_maps,com.google.android.apps.maps,utility,warm,1157,1232,887,background,96.5,1,1,1,night,1
2026-05-02 23:11:28,amazon,com.amazon.mShop.android.shopping,commerce,warm,1233,1295,1080,foreground,97.1,1,0,1,night,1
2026-05-02 23:15:36,phonepe,com.phonepe.app,financial,warm,859,922,754,foreground,97.6,1,1,1,night,1
2026-05-03 00:10:30,paytm,net.one97.paytm,financial,warm,1094,1094,969,background,98.4,1,0,1,night,1
2026-05-03 01:08:40,samsung_health,com.sec.android.app.shealth,health,warm,1056,1182,919,background,98.8,1,0,1,night,1
2026-05-03 02:01:04,instagram,com.instagram.android,social,warm,1249,1265,1011,background,99.4,1,0,1,night,1
2026-05-03 02:53:13,whatsapp,com.whatsapp,social,warm,749,779,613,background,100,1,0,1,night,1
2026-05-03 02:54:41,youtube,com.google.android.youtube,media,warm,1512,1547,1246,background,100,1,0,1,night,1
2026-05-03 03:02:39,spotify,com.spotify.music,media,warm,1401,1472,1297,foreground,100,1,0,1,night,1
2026-05-03 04:02:30,netflix,com.netflix.mediaclient,media,warm,1883,1970,1537,background,100,1,0,1,night,1
2026-05-03 04:08:46,gmail,com.google.android.gm,productivity,warm,967,1034,795,foreground,100,1,0,1,night,1
2026-05-03 04:26:45,slack,com.Slack,productivity,warm,1561,1653,1306,foreground,100,1,0,1,night,1
2026-05-03 04:32:54,chrome,com.android.chrome,utility,warm,679,715,574,background,100,1,0,1,night,1
2026-05-03 04:54:40,google_maps,com.google.android.apps.maps,utility,warm,1385,1436,1196,foreground,100,1,0,1,night,1
2026-05-03 04:58:31,amazon,com.amazon.mShop.android.shopping,commerce,warm,1354,1376,1177,foreground,100,1,0,1,night,1
2026-05-03 05:05:13,phonepe,com.phonepe.app,financial,warm,886,953,730,foreground,100,1,0,1,morning,1
2026-05-03 05:34:02,paytm,net.one97.paytm,financial,warm,1165,1198,1025,background,100,1,0,1,morning,1
2026-05-03 05:42:33,samsung_health,com.sec.android.app.shealth,health,warm,1106,1150,909,foreground,100,1,0,1,morning,1
2026-05-03 06:49:16,instagram,com.instagram.android,social,warm,1687,1797,1509,foreground,100,1,0,1,morning,1
2026-05-03 07:33:36,whatsapp,com.whatsapp,social,warm,887,887,825,background,99.9,0,0,1,morning,1
2026-05-03 09:16:42,youtube,com.google.android.youtube,media,warm,1730,1814,1469,background,99.7,0,0,1,morning,1
2026-05-03 09:29:56,spotify,com.spotify.music,media,warm,1549,1683,1191,foreground,99.6,0,0,1,morning,1
2026-05-03 09:37:41,netflix,com.netflix.mediaclient,media,warm,2183,2286,1693,background,99.5,0,0,1,morning,1
2026-05-03 09:45:44,gmail,com.google.android.gm,productivity,warm,840,857,734,foreground,99.5,0,0,1,morning,1
2026-05-03 10:00:34,slack,com.Slack,productivity,warm,1498,1541,1295,foreground,99.4,0,0,1,morning,1
2026-05-03 10:24:05,chrome,com.android.chrome,utility,warm,527,562,450,foreground,99.3,0,0,1,morning,1
2026-05-03 11:16:22,google_maps,com.google.android.apps.maps,utility,warm,1335,1390,1139,foreground,99.3,0,0,1,morning,1
2026-05-03 11:27:43,amazon,com.amazon.mShop.android.shopping,commerce,warm,1372,1398,1199,background,99.2,0,0,1,morning,1
2026-05-03 11:29:14,phonepe,com.phonepe.app,financial,warm,1121,1173,966,background,99.1,0,0,1,morning,1
2026-05-03 12:32:19,paytm,net.one97.paytm,financial,warm,1282,1358,1125,background,99.0,0,0,1,afternoon,1
2026-05-03 12:38:25,samsung_health,com.sec.android.app.shealth,health,warm,988,1046,745,background,99.0,0,0,1,afternoon,1
2026-05-03 12:47:56,instagram,com.instagram.android,social,warm,1317,1378,1061,foreground,98.8,0,0,1,afternoon,1
2026-05-03 13:07:04,whatsapp,com.whatsapp,social,warm,1106,1153,962,foreground,98.8,0,0,1,afternoon,1
2026-05-03 13:22:55,youtube,com.google.android.youtube,media,warm,1705,1734,1591,foreground,98.7,0,0,1,afternoon,1
2026-05-03 13:47:01,spotify,com.spotify.music,media,warm,1504,1526,1443,background,98.5,0,0,1,afternoon,1
2026-05-03 13:48:32,netflix,com.netflix.mediaclient,media,warm,1993,2041,1507,foreground,98.5,0,0,1,afternoon,1
2026-05-03 14:39:28,gmail,com.google.android.gm,productivity,warm,883,912,717,foreground,98.4,0,0,1,afternoon,1
2026-05-03 16:08:19,slack,com.Slack,productivity,warm,1512,1568,1305,foreground,98.3,0,0,1,afternoon,1
2026-05-03 17:18:13,chrome,com.android.chrome,utility,warm,652,699,556,background,98.2,0,0,1,evening,1
2026-05-03 17:46:15,google_maps,com.google.android.apps.maps,utility,warm,1257,1346,1046,foreground,98.1,0,0,1,evening,1
2026-05-03 18:59:07,amazon,com.amazon.mShop.android.shopping,commerce,warm,1368,1453,1243,foreground,98.0,0,0,1,evening,1
2026-05-03 19:04:20,phonepe,com.phonepe.app,financial,warm,882,941,765,background,97.9,0,1,1,evening,1
2026-05-03 19:32:59,paytm,net.one97.paytm,financial,warm,973,1061,869,background,97.8,0,0,1,evening,1
2026-05-03 19:43:02,samsung_health,com.sec.android.app.shealth,health,warm,1330,1415,1164,foreground,97.7,0,0,1,evening,1
2026-05-03 20:04:13,instagram,com.instagram.android,social,warm,1408,1443,1166,background,97.6,0,0,1,evening,1
2026-05-03 20:13:56,whatsapp,com.whatsapp,social,warm,919,987,774,foreground,97.5,0,0,1,evening,1
2026-05-03 20:52:31,youtube,com.google.android.youtube,media,warm,2084,2168,1801,background,97.4,0,0,1,evening,1
2026-05-03 21:00:37,spotify,com.spotify.music,media,warm,1245,1323,1006,foreground,97.3,0,0,1,evening,1
2026-05-03 21:09:18,netflix,com.netflix.mediaclient,media,warm,1947,2137,1692,background,97.3,0,0,1,evening,1
2026-05-03 21:33:42,gmail,com.google.android.gm,productivity,warm,775,813,685,foreground,97.2,0,0,1,evening,1
2026-05-03 22:05:21,slack,com.Slack,productivity,warm,1638,1782,1541,background,97.1,0,1,1,night,1
2026-05-03 22:11:52,chrome,com.android.chrome,utility,warm,350,350,273,foreground,97.0,0,0,1,night,1
2026-05-03 22:16:51,google_maps,com.google.android.apps.maps,utility,warm,1463,1518,1148,foreground,96.8,0,0,1,night,1
2026-05-03 23:44:33,amazon,com.amazon.mShop.android.shopping,commerce,warm,1407,1514,1131,background,97.4,1,1,1,night,1
2026-05-04 00:17:45,phonepe,com.phonepe.app,financial,warm,864,902,739,foreground,98.0,1,0,1,night,0
2026-05-04 00:22:56,paytm,net.one97.paytm,financial,warm,1076,1098,920,foreground,98.5,1,0,1,night,0
2026-05-04 00:32:33,samsung_health,com.sec.android.app.shealth,health,warm,1163,1193,971,foreground,99.1,1,0,1,night,0
2026-05-04 00:57:19,instagram,com.instagram.android,social,warm,1580,1675,1322,foreground,99.5,1,0,1,night,0
2026-05-04 01:20:45,whatsapp,com.whatsapp,social,warm,998,1015,844,background,100,1,0,1,night,0
2026-05-04 02:22:06,youtube,com.google.android.youtube,media,warm,1533,1590,1312,background,100,1,0,1,night,0
2026-05-04 02:57:40,spotify,com.spotify.music,media,warm,1323,1384,1025,background,100,1,0,1,night,0
2026-05-04 03:18:47,netflix,com.netflix.mediaclient,media,warm,1696,1751,1529,background,100,1,0,1,night,0
2026-05-04 03:30:31,gmail,com.google.android.gm,productivity,warm,835,853,754,foreground,100,1,0,1,night,0
2026-05-04 03:34:07,slack,com.Slack,productivity,warm,1346,1504,1224,foreground,100,1,0,1,night,0
2026-05-04 03:45:12,chrome,com.android.chrome,utility,warm,612,652,518,foreground,100,1,0,1,night,0
2026-05-04 04:48:48,google_maps,com.google.android.apps.maps,utility,warm,1446,1557,1208,foreground,100,1,0,1,night,0
2026-05-04 04:48:49,amazon,com.amazon.mShop.android.shopping,commerce,warm,1417,1437,1175,foreground,100,1,0,1,night,0
2026-05-04 05:02:52,phonepe,com.phonepe.app,financial,warm,1022,1053,775,background,100,1,0,1,morning,0
2026-05-04 05:46:31,paytm,net.one97.paytm,financial,warm,1033,1070,865,background,100,1,0,1,morning,0
2026-05-04 06:23:57,samsung_health,com.sec.android.app.shealth,health,warm,946,974,908,background,100,1,0,1,morning,0
2026-05-04 06:33:34,instagram,com.instagram.android,social,warm,1649,1769,1548,background,100,1,0,1,morning,0
2026-05-04 06:54:09,whatsapp,com.whatsapp,social,warm,1022,1120,808,background,100,1,0,1,morning,0
2026-05-04 07:53:58,youtube,com.google.android.youtube,media,warm,1402,1516,1219,foreground,100.0,0,0,1,morning,0
2026-05-04 08:04:31,spotify,com.spotify.music,media,warm,1332,1433,1099,background,99.8,0,0,1,morning,0
2026-05-04 08:12:01,netflix,com.netflix.mediaclient,media,warm,2028,2083,1800,background,99.7,0,0,1,morning,0
2026-05-04 08:21:22,gmail,com.google.android.gm,productivity,warm,856,910,691,background,99.6,0,1,1,morning,0
2026-05-04 08:47:32,slack,com.Slack,productivity,warm,1542,1552,1309,foreground,99.4,0,0,1,morning,0
2026-05-04 09:29:06,chrome,com.android.chrome,utility,warm,604,618,555,foreground,99.3,0,0,1,morning,0
2026-05-04 09:35:39,google_maps,com.google.android.apps.maps,utility,warm,1417,1457,1326,background,99.2,0,0,1,morning,0
2026-05-04 09:49:47,amazon,com.amazon.mShop.android.shopping,commerce,warm,1466,1466,1281,foreground,99.1,0,1,1,morning,0
2026-05-04 10:13:57,phonepe,com.phonepe.app,financial,warm,756,770,623,foreground,99.0,0,0,1,morning,0
2026-05-04 10:41:39,paytm,net.one97.paytm,financial,warm,947,1005,825,foreground,98.9,0,0,1,morning,0
2026-05-04 11:27:57,samsung_health,com.sec.android.app.shealth,health,warm,1282,1368,1084,background,98.8,0,0,1,morning,0
2026-05-04 11:35:26,instagram,com.instagram.android,social,warm,1609,1740,1481,background,98.6,0,0,1,morning,0
2026-05-04 11:43:32,whatsapp,com.whatsapp,social,warm,916,943,816,background,98.6,0,0,1,morning,0
2026-05-04 12:15:29,youtube,com.google.android.youtube,media,warm,1925,2038,1705,background,98.4,0,0,1,afternoon,0
2026-05-04 13:27:13,spotify,com.spotify.music,media,warm,1476,1516,1256,foreground,98.4,0,0,1,afternoon,0
2026-05-04 15:16:23,netflix,com.netflix.mediaclient,media,warm,1466,1544,1253,foreground,98.3,0,0,1,afternoon,0
2026-05-04 16:03:35,gmail,com.google.android.gm,productivity,warm,844,888,698,foreground,98.1,0,0,1,afternoon,0
2026-05-04 16:13:35,slack,com.Slack,productivity,warm,1461,1515,1245,foreground,98.0,0,0,1,afternoon,0
2026-05-04 16:34:15,chrome,com.android.chrome,utility,warm,575,604,489,background,97.9,0,0,1,afternoon,0
2026-05-04 16:34:51,google_maps,com.google.android.apps.maps,utility,warm,1304,1307,1062,foreground,97.9,0,0,1,afternoon,0
2026-05-04 17:00:04,amazon,com.amazon.mShop.android.shopping,commerce,warm,1148,1182,1003,background,97.8,0,1,1,evening,0
2026-05-04 17:06:08,phonepe,com.phonepe.app,financial,warm,898,952,728,background,97.6,0,0,1,evening,0
2026-05-04 17:28:34,paytm,net.one97.paytm,financial,warm,1311,1334,1126,foreground,97.5,0,1,1,evening,0
2026-05-04 17:51:18,samsung_health,com.sec.android.app.shealth,health,warm,1296,1383,1078,background,97.4,0,0,1,evening,0
2026-05-04 17:51:30,instagram,com.instagram.android,social,warm,1559,1605,1320,foreground,97.3,0,0,1,evening,0
2026-05-04 18:03:47,whatsapp,com.whatsapp,social,warm,986,1054,786,background,97.2,0,0,1,evening,0
2026-05-04 18:26:28,youtube,com.google.android.youtube,media,warm,1786,1911,1431,foreground,97.1,0,1,1,evening,0
2026-05-04 18:46:13,spotify,com.spotify.music,media,warm,1406,1495,1120,background,97.0,0,0,1,evening,0
2026-05-04 18:53:12,netflix,com.netflix.mediaclient,media,warm,2029,2111,1818,foreground,96.9,0,1,1,evening,0
2026-05-04 19:08:15,gmail,com.google.android.gm,productivity,warm,643,678,557,background,96.8,0,0,1,evening,0
2026-05-04 19:22:56,slack,com.Slack,productivity,warm,1639,1716,1283,background,96.8,0,0,1,evening,0
2026-05-04 20:01:47,chrome,com.android.chrome,utility,warm,651,693,567,background,96.6,0,0,1,evening,0
2026-05-04 20:22:17,google_maps,com.google.android.apps.maps,utility,warm,1643,1773,1300,foreground,96.5,0,1,1,evening,0
2026-05-04 20:58:51,amazon,com.amazon.mShop.android.shopping,commerce,warm,1209,1280,980,foreground,96.5,0,1,1,evening,0
2026-05-04 21:18:50,phonepe,com.phonepe.app,financial,warm,1081,1122,865,foreground,96.4,0,0,1,evening,0
2026-05-04 21:19:12,paytm,net.one97.paytm,financial,warm,1363,1414,1130,background,96.3,0,0,1,evening,0
2026-05-04 21:46:43,samsung_health,com.sec.android.app.shealth,health,warm,1199,1275,1122,foreground,96.2,0,0,1,evening,0
2026-05-04 22:26:23,instagram,com.instagram.android,social,warm,1192,1233,999,foreground,96.2,0,0,1,night,0
2026-05-04 22:51:33,whatsapp,com.whatsapp,social,warm,840,871,691,background,96.1,0,0,1,night,0
2026-05-04 23:58:29,youtube,com.google.android.youtube,media,warm,1483,1553,1314,background,96.6,1,0,1,night,0
2026-05-05 00:20:03,spotify,com.spotify.music,media,warm,1388,1419,1193,foreground,97.2,1,0,1,night,0
2026-05-05 00:30:31,netflix,com.netflix.mediaclient,media,warm,2151,2300,1926,background,98.0,1,0,1,night,0
2026-05-05 00:33:38,gmail,com.google.android.gm,productivity,warm,767,777,664,background,98.5,1,0,1,night,0
2026-05-05 01:11:22,slack,com.Slack,productivity,warm,1441,1460,1226,foreground,99.2,1,0,1,night,0
2026-05-05 01:39:00,chrome,com.android.chrome,utility,warm,581,602,480,background,99.9,1,0,1,night,0
2026-05-05 01:39:29,google_maps,com.google.android.apps.maps,utility,warm,1437,1501,1176,foreground,100,1,0,1,night,0
2026-05-05 02:08:17,amazon,com.amazon.mShop.android.shopping,commerce,warm,1310,1417,1134,foreground,100,1,0,1,night,0
2026-05-05 02:27:58,phonepe,com.phonepe.app,financial,warm,774,813,685,background,100,1,0,1,night,0
2026-05-05 02:53:20,paytm,net.one97.paytm,financial,warm,1238,1287,1062,foreground,100,1,0,1,night,0
2026-05-05 02:57:48,samsung_health,com.sec.android.app.shealth,health,warm,806,848,599,background,100,1,0,1,night,0
2026-05-05 02:58:37,instagram,com.instagram.android,social,warm,1339,1433,1260,foreground,100,1,0,1,night,0
2026-05-05 04:14:41,whatsapp,com.whatsapp,social,warm,799,820,732,background,100,1,0,1,night,0
2026-05-05 04:29:02,youtube,com.google.android.youtube,media,warm,1790,1977,1498,foreground,100,1,0,1,night,0
2026-05-05 04:30:38,spotify,com.spotify.music,media,warm,1225,1328,1027,foreground,100,1,0,1,night,0
2026-05-05 05:16:40,netflix,com.netflix.mediaclient,media,warm,2081,2174,1676,foreground,100,1,0,1,morning,0
2026-05-05 05:39:40,gmail,com.google.android.gm,productivity,warm,926,952,828,foreground,100,1,0,1,morning,0
2026-05-05 05:44:26,slack,com.Slack,productivity,warm,1391,1469,1207,background,100,1,0,1,morning,0
2026-05-05 06:21:36,chrome,com.android.chrome,utility,warm,617,643,525,background,100,1,0,1,morning,0
2026-05-05 06:26:30,google_maps,com.google.android.apps.maps,utility,warm,1377,1431,1167,foreground,100,1,0,1,morning,0
2026-05-05 06:51:23,amazon,com.amazon.mShop.android.shopping,commerce,warm,886,934,717,foreground,100,1,0,1,morning,0
2026-05-05 06:58:44,phonepe,com.phonepe.app,financial,warm,936,958,802,background,100,1,0,1,morning,0
2026-05-05 07:31:40,paytm,net.one97.paytm,financial,warm,1152,1223,968,foreground,99.9,0,1,1,morning,0
2026-05-05 07:34:50,samsung_health,com.sec.android.app.shealth,health,warm,1069,1123,889,background,99.8,0,0,1,morning,0
2026-05-05 07:41:26,instagram,com.instagram.android,social,warm,1496,1587,1295,foreground,99.7,0,0,1,morning,0
2026-05-05 08:08:22,whatsapp,com.whatsapp,social,warm,925,959,764,foreground,99.6,0,0,1,morning,0
2026-05-05 08:22:35,youtube,com.google.android.youtube,media,warm,1644,1660,1481,background,99.5,0,0,1,morning,0
2026-05-05 08:31:05,spotify,com.spotify.music,media,warm,1133,1172,924,foreground,99.5,0,0,1,morning,0
2026-05-05 09:08:37,netflix,com.netflix.mediaclient,media,warm,1702,1798,1485,background,99.4,0,0,1,morning,0
2026-05-05 09:42:18,gmail,com.google.android.gm,productivity,warm,880,923,722,foreground,99.3,0,1,1,morning,0
2026-05-05 10:25:16,slack,com.Slack,productivity,warm,1608,1662,1452,foreground,99.1,0,0,1,morning,0
2026-05-05 10:37:06,chrome,com.android.chrome,utility,warm,504,535,429,background,99.0,0,0,1,morning,0
2026-05-05 11:07:21,google_maps,com.google.android.apps.maps,utility,warm,1376,1422,1207,background,98.9,0,0,1,morning,0
2026-05-05 11:27:17,amazon,com.amazon.mShop.android.shopping,commerce,warm,1347,1426,1234,foreground,98.8,0,0,1,morning,0
2026-05-05 11:37:33,phonepe,com.phonepe.app,financial,warm,864,913,716,background,98.7,0,0,1,morning,0
2026-05-05 12:17:29,paytm,net.one97.paytm,financial,warm,1233,1289,1073,foreground,98.6,0,0,1,afternoon,0
2026-05-05 12:18:43,samsung_health,com.sec.android.app.shealth,health,warm,866,886,814,foreground,98.6,0,0,1,afternoon,0
2026-05-05 12:31:14,instagram,com.instagram.android,social,warm,1413,1516,1117,foreground,98.5,0,0,1,afternoon,0
2026-05-05 12:38:52,whatsapp,com.whatsapp,social,warm,910,926,749,background,98.4,0,0,1,afternoon,0
2026-05-05 12:49:55,youtube,com.google.android.youtube,media,warm,1871,1986,1558,foreground,98.3,0,0,1,afternoon,0
2026-05-05 12:56:05,spotify,com.spotify.music,media,warm,1324,1410,1200,background,98.2,0,0,1,afternoon,0
2026-05-05 13:18:11,netflix,com.netflix.mediaclient,media,warm,1773,1853,1598,background,98.2,0,0,1,afternoon,0
2026-05-05 13:54:20,gmail,com.google.android.gm,productivity,warm,883,909,718,foreground,98.1,0,0,1,afternoon,0
2026-05-05 14:06:54,slack,com.Slack,productivity,warm,1617,1682,1375,foreground,98.0,0,0,1,afternoon,0
2026-05-05 14:54:02,chrome,com.android.chrome,utility,warm,466,493,420,background,97.9,0,0,1,afternoon,0
2026-05-05 14:58:21,google_maps,com.google.android.apps.maps,utility,warm,1504,1545,1259,foreground,97.8,0,0,1,afternoon,0
2026-05-05 15:00:22,amazon,com.amazon.mShop.android.shopping,commerce,warm,1083,1116,937,background,97.7,0,0,1,afternoon,0
2026-05-05 15:12:49,phonepe,com.phonepe.app,financial,warm,933,933,806,background,97.6,0,0,1,afternoon,0
2026-05-05 15:28:58,paytm,net.one97.paytm,financial,warm,917,929,765,background,97.6,0,0,1,afternoon,0
2026-05-05 15:46:35,samsung_health,com.sec.android.app.shealth,health,warm,1108,1123,1046,foreground,97.5,0,0,1,afternoon,0
2026-05-05 15:48:57,instagram,com.instagram.android,social,warm,1259,1320,954,foreground,97.4,0,0,1,afternoon,0
2026-05-05 16:13:24,whatsapp,com.whatsapp,social,warm,1116,1165,861,background,97.3,0,0,1,afternoon,0
2026-05-05 16:17:37,youtube,com.google.android.youtube,media,warm,1613,1745,1479,foreground,97.2,0,0,1,afternoon,0
2026-05-05 17:31:46,spotify,com.spotify.music,media,warm,987,1006,918,background,97.1,0,1,1,evening,0
2026-05-05 17:47:40,netflix,com.netflix.mediaclient,media,warm,2013,2153,1694,foreground,97.0,0,0,1,evening,0
2026-05-05 17:50:19,gmail,com.google.android.gm,productivity,warm,885,941,768,background,96.9,0,0,1,evening,0
2026-05-05 18:08:52,slack,com.Slack,productivity,warm,1676,1761,1485,foreground,96.8,0,0,1,evening,0
2026-05-05 19:07:23,chrome,com.android.chrome,utility,warm,570,599,431,foreground,96.7,0,0,1,evening,0
2026-05-05 19:32:25,google_maps,com.google.android.apps.maps,utility,warm,1389,1477,1206,foreground,96.6,0,0,1,evening,0
2026-05-05 19:59:50,amazon,com.amazon.mShop.android.shopping,commerce,warm,1243,1332,1087,foreground,96.5,0,0,1,evening,0
2026-05-05 20:16:32,phonepe,com.phonepe.app,financial,warm,859,896,755,foreground,96.4,0,0,1,evening,0
2026-05-05 21:00:52,paytm,net.one97.paytm,financial,warm,981,990,838,background,96.4,0,0,1,evening,0
2026-05-05 21:13:09,samsung_health,com.sec.android.app.shealth,health,warm,1161,1208,990,background,96.3,0,0,1,evening,0
2026-05-05 21:49:14,instagram,com.instagram.android,social,warm,1316,1322,1136,foreground,96.2,0,0,1,evening,0
2026-05-05 22:20:46,whatsapp,com.whatsapp,social,warm,724,766,692,foreground,96.1,0,1,1,night,0
2026-05-05 22:51:49,youtube,com.google.android.youtube,media,warm,1581,1705,1390,background,96.1,0,0,1,night,0
2026-05-05 23:05:31,spotify,com.spotify.music,media,warm,1275,1302,1127,foreground,96.6,1,1,1,night,0
2026-05-05 23:11:57,netflix,com.netflix.mediaclient,media,warm,2085,2226,1625,foreground,97.4,1,1,1,night,0
2026-05-05 23:26:47,gmail,com.google.android.gm,productivity,warm,786,838,643,background,97.7,1,0,1,night,0
2026-05-05 23:44:06,slack,com.Slack,productivity,warm,1327,1401,1011,background,98.3,1,1,1,night,0
2026-05-05 23:58:52,chrome,com.android.chrome,utility,warm,538,547,468,background,98.7,1,1,1,night,0
2026-05-06 00:30:33,google_maps,com.google.android.apps.maps,utility,warm,1381,1424,1064,foreground,99.5,1,0,1,night,0
2026-05-06 00:30:49,amazon,com.amazon.mShop.android.shopping,commerce,warm,1011,1063,773,background,100,1,0,1,night,0
2026-05-06 01:02:00,phonepe,com.phonepe.app,financial,warm,993,1065,858,foreground,100,1,0,1,night,0
2026-05-06 01:09:22,paytm,net.one97.paytm,financial,warm,1147,1247,913,background,100,1,0,1,night,0
2026-05-06 02:18:52,samsung_health,com.sec.android.app.shealth,health,warm,1219,1223,950,background,100,1,0,1,night,0
2026-05-06 02:32:52,instagram,com.instagram.android,social,warm,1407,1407,1238,foreground,100,1,0,1,night,0
2026-05-06 02:53:03,whatsapp,com.whatsapp,social,warm,1118,1175,946,foreground,100,1,0,1,night,0
2026-05-06 02:56:39,youtube,com.google.android.youtube,media,warm,1802,1934,1572,background,100,1,0,1,night,0
2026-05-06 03:11:28,spotify,com.spotify.music,media,warm,1608,1718,1325,foreground,100,1,0,1,night,0
2026-05-06 04:15:59,netflix,com.netflix.mediaclient,media,warm,2270,2372,1964,foreground,100,1,0,1,night,0
2026-05-06 04:31:36,gmail,com.google.android.gm,productivity,warm,813,885,773,background,100,1,0,1,night,0
2026-05-06 05:02:35,slack,com.Slack,productivity,warm,1559,1621,1355,foreground,100,1,0,1,morning,0
2026-05-06 05:11:29,chrome,com.android.chrome,utility,warm,448,476,338,foreground,100,1,0,1,morning,0
2026-05-06 05:26:43,google_maps,com.google.android.apps.maps,utility,warm,1535,1649,1265,foreground,100,1,0,1,morning,0
2026-05-06 05:38:33,amazon,com.amazon.mShop.android.shopping,commerce,warm,1476,1556,1193,foreground,100,1,0,1,morning,0
2026-05-06 05:42:10,phonepe,com.phonepe.app,financial,warm,1158,1213,1031,foreground,100,1,0,1,morning,0
2026-05-06 05:47:29,paytm,net.one97.paytm,financial,warm,908,988,780,foreground,100,1,0,1,morning,0
2026-05-06 05:47:42,samsung_health,com.sec.android.app.shealth,health,warm,1079,1165,878,foreground,100,1,0,1,morning,0
2026-05-06 06:26:41,instagram,com.instagram.android,social,warm,1311,1394,1182,foreground,100,1,0,1,morning,0
2026-05-06 06:28:12,whatsapp,com.whatsapp,social,warm,1032,1102,831,foreground,100,1,0,1,morning,0
2026-05-06 06:47:51,youtube,com.google.android.youtube,media,warm,1214,1311,1034,foreground,100,1,0,1,morning,0
2026-05-06 07:16:21,spotify,com.spotify.music,media,warm,1254,1254,1195,background,99.9,0,1,1,morning,0
2026-05-06 07:40:19,netflix,com.netflix.mediaclient,media,warm,1891,1927,1650,foreground,99.8,0,0,1,morning,0
2026-05-06 08:24:43,gmail,com.google.android.gm,productivity,warm,709,736,602,background,99.7,0,1,1,morning,0
2026-05-06 08:30:39,slack,com.Slack,productivity,warm,1306,1383,1041,background,99.6,0,0,1,morning,0
2026-05-06 08:33:44,chrome,com.android.chrome,utility,warm,563,602,486,foreground,99.5,0,0,1,morning,0
2026-05-06 08:45:40,google_maps,com.google.android.apps.maps,utility,warm,1457,1530,1226,foreground,99.4,0,0,1,morning,0
2026-05-06 08:50:01,amazon,com.amazon.mShop.android.shopping,commerce,warm,1578,1638,1364,foreground,99.3,0,0,1,morning,0
2026-05-06 09:11:16,phonepe,com.phonepe.app,financial,warm,980,1048,837,background,99.2,0,1,1,morning,0
2026-05-06 09:39:47,paytm,net.one97.paytm,financial,warm,1043,1101,916,background,99.1,0,0,1,morning,0
2026-05-06 09:52:32,samsung_health,com.sec.android.app.shealth,health,warm,1132,1136,947,background,99.0,0,0,1,morning,0
2026-05-06 10:57:03,instagram,com.instagram.android,social,warm,1230,1266,1147,foreground,99.0,0,0,1,morning,0
2026-05-06 11:17:09,whatsapp,com.whatsapp,social,warm,862,877,780,background,98.9,0,0,1,morning,0
2026-05-06 12:07:00,youtube,com.google.android.youtube,media,warm,1479,1581,1325,foreground,98.7,0,0,1,afternoon,0
2026-05-06 12:32:50,spotify,com.spotify.music,media,warm,1327,1372,1207,background,98.6,0,0,1,afternoon,0
2026-05-06 12:43:52,netflix,com.netflix.mediaclient,media,warm,2064,2130,1742,background,98.6,0,0,1,afternoon,0
2026-05-06 12:54:59,gmail,com.google.android.gm,productivity,warm,564,572,430,background,98.4,0,0,1,afternoon,0
2026-05-06 13:12:38,slack,com.Slack,productivity,warm,1505,1553,1225,foreground,98.4,0,0,1,afternoon,0
2026-05-06 13:16:08,chrome,com.android.chrome,utility,warm,538,564,480,foreground,98.3,0,0,1,afternoon,0
2026-05-06 13:23:17,google_maps,com.google.android.apps.maps,utility,warm,1605,1655,1416,background,98.2,0,0,1,afternoon,0
2026-05-06 14:11:51,amazon,com.amazon.mShop.android.shopping,commerce,warm,1315,1315,1183,foreground,98.1,0,0,1,afternoon,0
2026-05-06 14:22:27,phonepe,com.phonepe.app,financial,warm,811,835,735,background,98.0,0,0,1,afternoon,0
2026-05-06 14:28:20,paytm,net.one97.paytm,financial,warm,873,956,708,background,97.8,0,0,1,afternoon,0
2026-05-06 14:44:16,samsung_health,com.sec.android.app.shealth,health,warm,1120,1182,914,background,97.7,0,0,1,afternoon,0
2026-05-06 15:07:51,instagram,com.instagram.android,social,warm,1310,1422,1089,foreground,97.6,0,0,1,afternoon,0
2026-05-06 15:24:25,whatsapp,com.whatsapp,social,warm,911,913,805,foreground,97.5,0,0,1,afternoon,0
2026-05-06 15:50:13,youtube,com.google.android.youtube,media,warm,1427,1489,1272,foreground,97.4,0,0,1,afternoon,0
2026-05-06 16:13:14,spotify,com.spotify.music,media,warm,1385,1423,1257,background,97.3,0,0,1,afternoon,0
2026-05-06 16:29:23,netflix,com.netflix.mediaclient,media,warm,1816,1954,1577,background,97.3,0,0,1,afternoon,0
2026-05-06 17:14:26,gmail,com.google.android.gm,productivity,warm,744,759,642,background,97.2,0,0,1,evening,0
2026-05-06 17:18:32,slack,com.Slack,productivity,warm,1540,1597,1420,background,97.1,0,0,1,evening,0
2026-05-06 17:29:32,chrome,com.android.chrome,utility,warm,637,670,553,background,97.0,0,0,1,evening,0
2026-05-06 17:33:31,google_maps,com.google.android.apps.maps,utility,warm,1393,1429,1180,background,96.9,0,1,1,evening,0
2026-05-06 18:12:49,amazon,com.amazon.mShop.android.shopping,commerce,warm,1276,1349,1061,background,96.9,0,0,1,evening,0
2026-05-06 18:43:37,phonepe,com.phonepe.app,financial,warm,1032,1080,879,background,96.8,0,0,1,evening,0
2026-05-06 18:59:25,paytm,net.one97.paytm,financial,warm,1021,1105,937,foreground,96.7,0,1,1,evening,0
2026-05-06 19:09:11,samsung_health,com.sec.android.app.shealth,health,warm,1099,1155,915,foreground,96.6,0,1,1,evening,0
2026-05-06 19:31:40,instagram,com.instagram.android,social,warm,1448,1521,1292,foreground,96.5,0,1,1,evening,0
2026-05-06 19:42:10,whatsapp,com.whatsapp,social,warm,747,781,636,background,96.5,0,0,1,evening,0
2026-05-06 20:25:23,youtube,com.google.android.youtube,media,warm,1418,1503,1251,background,96.4,0,1,1,evening,0
2026-05-06 20:28:31,spotify,com.spotify.music,media,warm,1389,1532,1218,foreground,96.4,0,1,1,evening,0
2026-05-06 21:18:28,netflix,com.netflix.mediaclient,media,warm,1907,2001,1650,foreground,96.3,0,1,1,evening,0
2026-05-06 21:57:42,gmail,com.google.android.gm,productivity,warm,957,1033,804,foreground,96.2,0,0,1,evening,0
2026-05-06 22:40:13,slack,com.Slack,productivity,warm,1344,1438,1238,background,96.0,0,0,1,night,0
2026-05-07 00:07:41,chrome,com.android.chrome,utility,warm,643,699,511,background,96.4,1,0,1,night,0
2026-05-07 00:17:07,google_maps,com.google.android.apps.maps,utility,warm,1361,1457,1160,foreground,96.8,1,0,1,night,0
2026-05-07 00:52:40,amazon,com.amazon.mShop.android.shopping,commerce,warm,1453,1516,1246,foreground,97.5,1,0,1,night,0
2026-05-07 01:34:44,phonepe,com.phonepe.app,financial,warm,1069,1127,902,foreground,98.0,1,0,1,night,0
2026-05-07 02:02:59,paytm,net.one97.paytm,financial,warm,1248,1349,1024,background,98.7,1,0,1,night,0
2026-05-07 02:05:45,samsung_health,com.sec.android.app.shealth,health,warm,1117,1205,843,foreground,99.2,1,0,1,night,0
2026-05-07 02:22:42,instagram,com.instagram.android,social,warm,1336,1385,1135,background,99.8,1,0,1,night,0
2026-05-07 02:42:22,whatsapp,com.whatsapp,social,warm,1143,1185,1023,background,100,1,0,1,night,0
2026-05-07 02:50:45,youtube,com.google.android.youtube,media,warm,1460,1579,1234,background,100,1,0,1,night,0
2026-05-07 03:20:24,spotify,com.spotify.music,media,warm,1406,1468,1150,background,100,1,0,1,night,0
2026-05-07 03:22:29,netflix,com.netflix.mediaclient,media,warm,1762,1793,1668,foreground,100,1,0,1,night,0
2026-05-07 03:26:41,gmail,com.google.android.gm,productivity,warm,870,940,773,background,100,1,0,1,night,0
2026-05-07 03:37:52,slack,com.Slack,productivity,warm,1457,1576,1190,foreground,100,1,0,1,night,0
2026-05-07 03:44:57,chrome,com.android.chrome,utility,warm,495,524,431,background,100,1,0,1,night,0
2026-05-07 03:57:47,google_maps,com.google.android.apps.maps,utility,warm,1492,1548,1358,background,100,1,0,1,night,0
2026-05-07 04:29:14,amazon,com.amazon.mShop.android.shopping,commerce,warm,1564,1603,1385,background,100,1,0,1,night,0
2026-05-07 05:05:07,phonepe,com.phonepe.app,financial,warm,801,864,645,foreground,100,1,0,1,morning,0
2026-05-07 05:11:12,paytm,net.one97.paytm,financial,warm,1112,1224,953,background,100,1,0,1,morning,0
2026-05-07 05:22:31,samsung_health,com.sec.android.app.shealth,health,warm,1183,1215,969,background,100,1,0,1,morning,0
2026-05-07 05:58:00,instagram,com.instagram.android,social,warm,1254,1300,1146,background,100,1,0,1,morning,0
2026-05-07 06:00:06,whatsapp,com.whatsapp,social,warm,1119,1150,895,foreground,100,1,0,1,morning,0
2026-05-07 07:11:41,youtube,com.google.android.youtube,media,warm,1674,1746,1445,foreground,99.9,0,1,1,morning,0
2026-05-07 07:12:43,spotify,com.spotify.music,media,warm,1442,1545,1248,foreground,99.8,0,0,1,morning,0
2026-05-07 07:34:38,netflix,com.netflix.mediaclient,media,warm,1814,1904,1541,foreground,99.7,0,0,1,morning,0
2026-05-07 08:27:05,gmail,com.google.android.gm,productivity,warm,862,885,758,background,99.6,0,0,1,morning,0
2026-05-07 09:42:54,slack,com.Slack,productivity,warm,1561,1631,1419,background,99.5,0,0,1,morning,0
2026-05-07 09:46:26,chrome,com.android.chrome,utility,warm,668,719,573,foreground,99.4,0,0,1,morning,0
2026-05-07 10:10:59,google_maps,com.google.android.apps.maps,utility,warm,1340,1370,1032,background,99.3,0,0,1,morning,0
2026-05-07 11:08:09,amazon,com.amazon.mShop.android.shopping,commerce,warm,1495,1566,1309,foreground,99.3,0,0,1,morning,0
2026-05-07 11:32:13,phonepe,com.phonepe.app,financial,warm,994,1052,865,background,99.1,0,0,1,morning,0
2026-05-07 12:14:47,paytm,net.one97.paytm,financial,warm,1051,1067,883,background,99.1,0,0,1,afternoon,0
2026-05-07 12:23:27,samsung_health,com.sec.android.app.shealth,health,warm,1238,1280,1038,background,99.1,0,0,1,afternoon,0
2026-05-07 12:29:22,instagram,com.instagram.android,social,warm,1497,1554,1233,background,99.0,0,0,1,afternoon,0
2026-05-07 12:36:33,whatsapp,com.whatsapp,social,warm,1085,1114,927,background,98.9,0,0,1,afternoon,0
2026-05-07 12:40:40,youtube,com.google.android.youtube,media,warm,1915,2045,1615,background,98.8,0,0,1,afternoon,0
2026-05-07 13:35:02,spotify,com.spotify.music,media,warm,1291,1430,1146,background,98.7,0,0,1,afternoon,0
2026-05-07 13:43:14,netflix,com.netflix.mediaclient,media,warm,1919,2028,1596,foreground,98.5,0,0,1,afternoon,0
2026-05-07 14:06:10,gmail,com.google.android.gm,productivity,warm,837,899,707,background,98.4,0,0,1,afternoon,0
2026-05-07 14:09:39,slack,com.Slack,productivity,warm,1303,1377,1172,foreground,98.3,0,0,1,afternoon,0
2026-05-07 14:13:32,chrome,com.android.chrome,utility,warm,462,462,443,foreground,98.2,0,0,1,afternoon,0
2026-05-07 14:28:17,google_maps,com.google.android.apps.maps,utility,warm,1351,1414,1152,foreground,98.1,0,0,1,afternoon,0
2026-05-07 16:29:01,amazon,com.amazon.mShop.android.shopping,commerce,warm,1427,1434,1234,foreground,98.0,0,0,1,afternoon,0
2026-05-07 17:16:28,phonepe,com.phonepe.app,financial,warm,1014,1081,896,foreground,97.8,0,1,1,evening,0
2026-05-07 18:14:49,paytm,net.one97.paytm,financial,warm,1256,1333,1000,foreground,97.7,0,1,1,evening,0
2026-05-07 18:43:15,samsung_health,com.sec.android.app.shealth,health,warm,1018,1062,953,background,97.6,0,1,1,evening,0
2026-05-07 19:09:20,instagram,com.instagram.android,social,warm,1481,1547,1265,background,97.4,0,1,1,evening,0
2026-05-07 19:50:42,whatsapp,com.whatsapp,social,warm,957,1034,799,background,97.3,0,0,1,evening,0
2026-05-07 20:00:32,youtube,com.google.android.youtube,media,warm,1811,1924,1500,foreground,97.1,0,1,1,evening,0
2026-05-07 20:10:48,spotify,com.spotify.music,media,warm,1237,1302,1041,foreground,97.1,0,1,1,evening,0
2026-05-07 20:26:39,netflix,com.netflix.mediaclient,media,warm,2021,2096,1763,background,96.9,0,0,1,evening,0
2026-05-07 20:38:22,gmail,com.google.android.gm,productivity,warm,1015,1082,836,foreground,96.8,0,1,1,evening,0
2026-05-07 21:45:58,slack,com.Slack,productivity,warm,1417,1438,1351,foreground,96.7,0,0,1,evening,0
2026-05-07 22:29:32,chrome,com.android.chrome,utility,warm,636,661,500,foreground,96.6,0,0,1,night,0
2026-05-07 23:02:05,google_maps,com.google.android.apps.maps,utility,warm,1706,1819,1437,foreground,97.4,1,0,1,night,0
2026-05-07 23:11:35,amazon,com.amazon.mShop.android.shopping,commerce,warm,1405,1507,1196,foreground,98.2,1,0,1,night,0
2026-05-07 23:22:37,phonepe,com.phonepe.app,financial,warm,821,838,731,foreground,98.9,1,0,1,night,0
2026-05-07 23:31:07,paytm,net.one97.paytm,financial,warm,931,972,809,foreground,99.3,1,0,1,night,0
2026-05-08 00:42:03,samsung_health,com.sec.android.app.shealth,health,warm,1140,1256,924,foreground,99.7,1,0,1,night,0
2026-05-08 01:15:16,instagram,com.instagram.android,social,warm,1456,1554,1339,background,100,1,0,1,night,0
2026-05-08 01:30:48,whatsapp,com.whatsapp,social,warm,889,984,749,foreground,100,1,0,1,night,0
2026-05-08 01:44:38,youtube,com.google.android.youtube,media,warm,1702,1712,1566,foreground,100,1,0,1,night,0
2026-05-08 03:25:49,spotify,com.spotify.music,media,warm,1024,1095,949,background,100,1,0,1,night,0
2026-05-08 04:04:36,netflix,com.netflix.mediaclient,media,warm,1785,1869,1592,background,100,1,0,1,night,0
2026-05-08 04:51:16,gmail,com.google.android.gm,productivity,warm,960,1005,874,background,100,1,0,1,night,0
2026-05-08 05:47:51,slack,com.Slack,productivity,warm,1346,1417,1207,background,100,1,0,1,morning,0
2026-05-08 06:10:00,chrome,com.android.chrome,utility,warm,551,581,469,foreground,100,1,0,1,morning,0
2026-05-08 06:25:05,google_maps,com.google.android.apps.maps,utility,warm,1352,1420,1212,foreground,100,1,0,1,morning,0
2026-05-08 07:19:39,amazon,com.amazon.mShop.android.shopping,commerce,warm,1497,1526,1307,foreground,100.0,0,0,1,morning,0
2026-05-08 07:35:15,phonepe,com.phonepe.app,financial,warm,1029,1055,884,foreground,99.9,0,0,1,morning,0
2026-05-08 07:47:22,paytm,net.one97.paytm,financial,warm,1084,1107,969,foreground,99.8,0,0,1,morning,0
2026-05-08 07:57:07,samsung_health,com.sec.android.app.shealth,health,warm,1280,1370,1117,foreground,99.7,0,0,1,morning,0
2026-05-08 08:05:29,instagram,com.instagram.android,social,warm,1564,1598,1285,background,99.6,0,0,1,morning,0
2026-05-08 08:41:24,whatsapp,com.whatsapp,social,warm,1104,1125,912,foreground,99.5,0,0,1,morning,0
2026-05-08 09:03:16,youtube,com.google.android.youtube,media,warm,1744,1760,1526,foreground,99.4,0,0,1,morning,0
2026-05-08 09:17:57,spotify,com.spotify.music,media,warm,1330,1365,1174,background,99.3,0,0,1,morning,0
2026-05-08 09:22:22,netflix,com.netflix.mediaclient,media,warm,1753,1866,1497,foreground,99.2,0,0,1,morning,0
2026-05-08 10:30:25,gmail,com.google.android.gm,productivity,warm,761,835,640,foreground,99.2,0,0,1,morning,0
2026-05-08 10:38:42,slack,com.Slack,productivity,warm,1172,1242,988,foreground,99.1,0,0,1,morning,0
2026-05-08 10:50:00,chrome,com.android.chrome,utility,warm,537,563,488,foreground,99.1,0,0,1,morning,0
2026-05-08 10:57:33,google_maps,com.google.android.apps.maps,utility,warm,1276,1358,977,foreground,99.0,0,0,1,morning,0
2026-05-08 12:38:41,amazon,com.amazon.mShop.android.shopping,commerce,warm,1164,1185,977,foreground,98.9,0,0,1,afternoon,0
2026-05-08 12:57:47,phonepe,com.phonepe.app,financial,warm,1064,1090,912,foreground,98.8,0,0,1,afternoon,0
2026-05-08 13:25:19,paytm,net.one97.paytm,financial,warm,1192,1231,993,background,98.8,0,0,1,afternoon,0
2026-05-08 14:06:29,samsung_health,com.sec.android.app.shealth,health,warm,1188,1335,1102,background,98.8,0,0,1,afternoon,0
2026-05-08 14:36:23,instagram,com.instagram.android,social,warm,1671,1754,1480,foreground,98.6,0,0,1,afternoon,0
2026-05-08 14:37:21,whatsapp,com.whatsapp,social,warm,715,768,591,foreground,98.5,0,0,1,afternoon,0
2026-05-08 15:49:44,youtube,com.google.android.youtube,media,warm,1691,1758,1389,background,98.4,0,0,1,afternoon,0
2026-05-08 15:50:33,spotify,com.spotify.music,media,warm,1271,1377,1089,background,98.3,0,0,1,afternoon,0
2026-05-08 15:51:40,netflix,com.netflix.mediaclient,media,warm,1910,2004,1677,background,98.2,0,0,1,afternoon,0
2026-05-08 16:17:47,gmail,com.google.android.gm,productivity,warm,889,922,780,foreground,98.2,0,0,1,afternoon,0
2026-05-08 16:54:02,slack,com.Slack,productivity,warm,1667,1725,1464,foreground,98.0,0,0,1,afternoon,0
2026-05-08 17:21:14,chrome,com.android.chrome,utility,warm,404,449,377,background,97.9,0,1,1,evening,0
2026-05-08 17:45:12,google_maps,com.google.android.apps.maps,utility,warm,1345,1395,1183,foreground,97.8,0,1,1,evening,0
2026-05-08 17:45:22,amazon,com.amazon.mShop.android.shopping,commerce,warm,1414,1442,1234,foreground,97.7,0,1,1,evening,0
2026-05-08 17:50:27,phonepe,com.phonepe.app,financial,warm,869,918,771,foreground,97.6,0,1,1,evening,0
2026-05-08 18:18:58,paytm,net.one97.paytm,financial,warm,1175,1236,1015,foreground,97.6,0,1,1,evening,0
2026-05-08 18:55:47,samsung_health,com.sec.android.app.shealth,health,warm,1012,1012,827,foreground,97.5,0,0,1,evening,0
2026-05-08 19:38:20,instagram,com.instagram.android,social,warm,1447,1447,1192,background,97.4,0,0,1,evening,0
2026-05-08 19:38:30,whatsapp,com.whatsapp,social,warm,1064,1113,959,foreground,97.2,0,0,1,evening,0
2026-05-08 20:17:20,youtube,com.google.android.youtube,media,warm,1711,1819,1495,background,97.1,0,0,1,evening,0
2026-05-08 20:23:05,spotify,com.spotify.music,media,warm,1279,1372,1152,background,97.0,0,0,1,evening,0
2026-05-08 20:36:50,netflix,com.netflix.mediaclient,media,warm,2178,2276,1973,foreground,96.9,0,0,1,evening,0
2026-05-08 20:52:40,gmail,com.google.android.gm,productivity,warm,671,747,564,background,96.8,0,0,1,evening,0
2026-05-08 21:06:15,slack,com.Slack,productivity,warm,1388,1418,1150,foreground,96.6,0,1,1,evening,0
2026-05-08 21:08:28,chrome,com.android.chrome,utility,warm,491,491,367,foreground,96.5,0,0,1,evening,0
2026-05-08 22:21:38,google_maps,com.google.android.apps.maps,utility,warm,1365,1375,1164,background,96.5,0,1,1,night,0
2026-05-08 22:28:10,amazon,com.amazon.mShop.android.shopping,commerce,warm,1334,1406,1074,foreground,96.4,0,1,1,night,0
2026-05-08 22:58:43,phonepe,com.phonepe.app,financial,warm,1173,1273,967,foreground,96.3,0,0,1,night,0
2026-05-09 00:18:36,paytm,net.one97.paytm,financial,warm,1182,1260,1086,foreground,96.7,1,0,1,night,1
2026-05-09 00:24:28,samsung_health,com.sec.android.app.shealth,health,warm,1175,1191,960,foreground,97.4,1,0,1,night,1
2026-05-09 00:41:35,instagram,com.instagram.android,social,warm,1748,1858,1497,foreground,97.9,1,0,1,night,1
2026-05-09 01:20:21,whatsapp,com.whatsapp,social,warm,1055,1103,893,foreground,98.4,1,0,1,night,1
2026-05-09 02:16:30,youtube,com.google.android.youtube,media,warm,1675,1765,1476,background,99.2,1,0,1,night,1
2026-05-09 02:18:32,spotify,com.spotify.music,media,warm,1076,1204,953,background,99.7,1,0,1,night,1
2026-05-09 02:34:30,netflix,com.netflix.mediaclient,media,warm,1850,1892,1673,background,100,1,0,1,night,1
2026-05-09 02:44:30,gmail,com.google.android.gm,productivity,warm,741,773,687,background,100,1,0,1,night,1
2026-05-09 03:31:18,slack,com.Slack,productivity,warm,1306,1356,1135,foreground,100,1,0,1,night,1
2026-05-09 03:57:24,chrome,com.android.chrome,utility,warm,502,516,431,foreground,100,1,0,1,night,1
2026-05-09 04:01:55,google_maps,com.google.android.apps.maps,utility,warm,1406,1479,1190,background,100,1,0,1,night,1
2026-05-09 04:30:21,amazon,com.amazon.mShop.android.shopping,commerce,warm,1341,1417,1144,foreground,100,1,0,1,night,1
2026-05-09 04:43:33,phonepe,com.phonepe.app,financial,warm,837,905,756,foreground,100,1,0,1,night,1
2026-05-09 04:49:41,paytm,net.one97.paytm,financial,warm,1057,1136,922,background,100,1,0,1,night,1
2026-05-09 05:14:13,samsung_health,com.sec.android.app.shealth,health,warm,1249,1297,1155,foreground,100,1,0,1,morning,1
2026-05-09 06:02:12,instagram,com.instagram.android,social,warm,1328,1357,1175,foreground,100,1,0,1,morning,1
2026-05-09 06:16:27,whatsapp,com.whatsapp,social,warm,874,927,663,foreground,100,1,0,1,morning,1
2026-05-09 06:21:58,youtube,com.google.android.youtube,media,warm,1707,1755,1412,background,100,1,0,1,morning,1
2026-05-09 06:41:02,spotify,com.spotify.music,media,warm,1371,1411,1061,background,100,1,0,1,morning,1
2026-05-09 06:56:36,netflix,com.netflix.mediaclient,media,warm,2009,2128,1589,foreground,100,1,0,1,morning,1
2026-05-09 07:29:00,gmail,com.google.android.gm,productivity,warm,819,872,669,background,99.9,0,0,1,morning,1
2026-05-09 08:00:19,slack,com.Slack,productivity,warm,1529,1578,1241,foreground,99.8,0,0,1,morning,1
2026-05-09 09:03:11,chrome,com.android.chrome,utility,warm,750,813,635,background,99.7,0,0,1,morning,1
2026-05-09 09:06:29,google_maps,com.google.android.apps.maps,utility,warm,1472,1540,1286,background,99.7,0,0,1,morning,1
2026-05-09 09:34:20,amazon,com.amazon.mShop.android.shopping,commerce,warm,1336,1429,1148,foreground,99.6,0,0,1,morning,1
2026-05-09 09:53:34,phonepe,com.phonepe.app,financial,warm,890,948,714,background,99.5,0,1,1,morning,1
2026-05-09 10:22:13,paytm,net.one97.paytm,financial,warm,890,967,829,foreground,99.4,0,0,1,morning,1
2026-05-09 10:43:51,samsung_health,com.sec.android.app.shealth,health,warm,1141,1224,977,background,99.3,0,0,1,morning,1
2026-05-09 10:48:34,instagram,com.instagram.android,social,warm,1218,1297,967,foreground,99.2,0,0,1,morning,1
2026-05-09 10:54:32,whatsapp,com.whatsapp,social,warm,834,846,741,foreground,99.1,0,0,1,morning,1
2026-05-09 10:55:11,youtube,com.google.android.youtube,media,warm,1891,1931,1669,background,99.0,0,0,1,morning,1
2026-05-09 11:32:47,spotify,com.spotify.music,media,warm,1211,1212,933,background,98.9,0,0,1,morning,1
2026-05-09 11:34:53,netflix,com.netflix.mediaclient,media,warm,1978,2042,1824,background,98.8,0,0,1,morning,1
2026-05-09 11:48:20,gmail,com.google.android.gm,productivity,warm,789,837,721,foreground,98.7,0,0,1,morning,1
2026-05-09 12:10:25,slack,com.Slack,productivity,warm,1295,1354,1096,background,98.6,0,0,1,afternoon,1
2026-05-09 12:19:57,chrome,com.android.chrome,utility,warm,626,650,579,background,98.5,0,0,1,afternoon,1
2026-05-09 12:25:21,google_maps,com.google.android.apps.maps,utility,warm,1277,1293,1062,foreground,98.4,0,0,1,afternoon,1
2026-05-09 13:11:50,amazon,com.amazon.mShop.android.shopping,commerce,warm,1355,1424,1153,background,98.4,0,0,1,afternoon,1
2026-05-09 14:00:04,phonepe,com.phonepe.app,financial,warm,1009,1051,819,background,98.3,0,0,1,afternoon,1
2026-05-09 14:13:36,paytm,net.one97.paytm,financial,warm,1090,1175,931,background,98.2,0,0,1,afternoon,1
2026-05-09 14:23:46,samsung_health,com.sec.android.app.shealth,health,warm,952,991,858,background,98.1,0,0,1,afternoon,1
2026-05-09 14:52:34,instagram,com.instagram.android,social,warm,1080,1082,1032,foreground,98.0,0,0,1,afternoon,1
2026-05-09 15:10:07,whatsapp,com.whatsapp,social,warm,1083,1087,990,foreground,97.9,0,0,1,afternoon,1
2026-05-09 15:34:10,youtube,com.google.android.youtube,media,warm,1615,1699,1321,foreground,97.8,0,0,1,afternoon,1
2026-05-09 15:50:30,spotify,com.spotify.music,media,warm,1271,1324,1076,foreground,97.7,0,0,1,afternoon,1
2026-05-09 16:00:20,netflix,com.netflix.mediaclient,media,warm,1670,1691,1516,foreground,97.6,0,0,1,afternoon,1
2026-05-09 16:00:43,gmail,com.google.android.gm,productivity,warm,783,836,695,background,97.6,0,0,1,afternoon,1
2026-05-09 16:31:50,slack,com.Slack,productivity,warm,1567,1569,1455,foreground,97.4,0,0,1,afternoon,1
2026-05-09 16:48:01,chrome,com.android.chrome,utility,warm,543,555,463,background,97.4,0,0,1,afternoon,1
2026-05-09 17:27:14,google_maps,com.google.android.apps.maps,utility,warm,1501,1565,1310,background,97.3,0,1,1,evening,1
2026-05-09 17:40:26,amazon,com.amazon.mShop.android.shopping,commerce,warm,1414,1478,1141,foreground,97.1,0,0,1,evening,1
2026-05-09 17:41:17,phonepe,com.phonepe.app,financial,warm,932,961,772,foreground,97.1,0,0,1,evening,1
2026-05-09 17:47:11,paytm,net.one97.paytm,financial,warm,1189,1276,1077,background,97.0,0,0,1,evening,1
2026-05-09 18:55:42,samsung_health,com.sec.android.app.shealth,health,warm,1272,1351,1097,foreground,96.8,0,1,1,evening,1
2026-05-09 19:02:10,instagram,com.instagram.android,social,warm,1535,1648,1336,foreground,96.7,0,1,1,evening,1
2026-05-09 19:04:26,whatsapp,com.whatsapp,social,warm,972,1020,900,background,96.6,0,0,1,evening,1
2026-05-09 19:19:53,youtube,com.google.android.youtube,media,warm,1572,1586,1438,background,96.4,0,0,1,evening,1
2026-05-09 19:28:28,spotify,com.spotify.music,media,warm,1374,1424,1179,foreground,96.2,0,0,1,evening,1
2026-05-09 19:30:05,netflix,com.netflix.mediaclient,media,warm,2045,2223,1611,foreground,96.1,0,0,1,evening,1
2026-05-09 20:09:52,gmail,com.google.android.gm,productivity,warm,653,686,572,foreground,96.0,0,1,1,evening,1
2026-05-09 20:22:30,slack,com.Slack,productivity,warm,1544,1648,1422,background,95.8,0,1,1,evening,1
2026-05-09 20:51:55,chrome,com.android.chrome,utility,warm,514,549,446,background,95.7,0,0,1,evening,1
2026-05-09 21:05:56,google_maps,com.google.android.apps.maps,utility,warm,1197,1230,937,background,95.7,0,1,1,evening,1
2026-05-09 21:10:50,amazon,com.amazon.mShop.android.shopping,commerce,warm,1321,1380,1178,foreground,95.6,0,1,1,evening,1
2026-05-09 21:17:40,phonepe,com.phonepe.app,financial,warm,865,931,707,foreground,95.6,0,0,1,evening,1
2026-05-09 21:26:49,paytm,net.one97.paytm,financial,warm,1005,1066,859,background,95.4,0,1,1,evening,1
2026-05-09 21:39:44,samsung_health,com.sec.android.app.shealth,health,warm,1169,1244,1012,foreground,95.3,0,1,1,evening,1
2026-05-09 21:42:52,instagram,com.instagram.android,social,warm,1311,1404,1092,foreground,95.2,0,1,1,evening,1
2026-05-09 22:08:59,whatsapp,com.whatsapp,social,warm,936,961,819,background,95.1,0,0,1,night,1
2026-05-09 23:01:41,youtube,com.google.android.youtube,media,warm,1467,1484,1240,background,95.9,1,0,1,night,1
2026-05-09 23:15:10,spotify,com.spotify.music,media,warm,1575,1634,1436,foreground,96.5,1,0,1,night,1
2026-05-09 23:17:46,netflix,com.netflix.mediaclient,media,warm,1873,1961,1686,foreground,97.0,1,1,1,night,1
2026-05-09 23:17:56,gmail,com.google.android.gm,productivity,warm,669,719,536,background,97.4,1,0,1,night,1
2026-05-09 23:53:27,slack,com.Slack,productivity,warm,1500,1557,1264,background,97.8,1,0,1,night,1
2026-05-09 23:53:56,chrome,com.android.chrome,utility,warm,589,627,484,foreground,98.5,1,1,1,night,1
2026-05-10 00:37:05,google_maps,com.google.android.apps.maps,utility,warm,1546,1655,1268,foreground,99.2,1,0,1,night,1
2026-05-10 01:51:23,amazon,com.amazon.mShop.android.shopping,commerce,warm,1035,1095,768,background,99.9,1,0,1,night,1
2026-05-10 01:52:21,phonepe,com.phonepe.app,financial,warm,959,1013,817,foreground,100,1,0,1,night,1
2026-05-10 03:30:53,paytm,net.one97.paytm,financial,warm,1307,1350,1149,background,100,1,0,1,night,1
2026-05-10 03:34:34,samsung_health,com.sec.android.app.shealth,health,warm,995,995,855,foreground,100,1,0,1,night,1
2026-05-10 03:56:21,instagram,com.instagram.android,social,warm,1365,1421,1104,foreground,100,1,0,1,night,1
2026-05-10 04:08:33,whatsapp,com.whatsapp,social,warm,863,921,730,foreground,100,1,0,1,night,1
2026-05-10 04:45:30,youtube,com.google.android.youtube,media,warm,1881,1975,1606,foreground,100,1,0,1,night,1
2026-05-10 04:56:41,spotify,com.spotify.music,media,warm,1052,1195,904,background,100,1,0,1,night,1
2026-05-10 05:44:21,netflix,com.netflix.mediaclient,media,warm,1709,1765,1449,foreground,100,1,0,1,morning,1
2026-05-10 06:13:08,gmail,com.google.android.gm,productivity,warm,636,656,539,background,100,1,0,1,morning,1
2026-05-10 06:31:02,slack,com.Slack,productivity,warm,1980,2047,1666,foreground,100,1,0,1,morning,1
2026-05-10 06:53:57,chrome,com.android.chrome,utility,warm,684,716,558,foreground,100,1,0,1,morning,1
2026-05-10 06:55:54,google_maps,com.google.android.apps.maps,utility,warm,957,1028,804,background,100,1,0,1,morning,1
2026-05-10 07:00:50,amazon,com.amazon.mShop.android.shopping,commerce,warm,1429,1443,1344,background,99.9,0,1,1,morning,1
2026-05-10 07:03:01,phonepe,com.phonepe.app,financial,warm,955,1063,835,foreground,99.8,0,0,1,morning,1
2026-05-10 07:11:18,paytm,net.one97.paytm,financial,warm,974,987,906,foreground,99.7,0,0,1,morning,1
2026-05-10 07:39:23,samsung_health,com.sec.android.app.shealth,health,warm,1077,1157,936,foreground,99.7,0,0,1,morning,1
2026-05-10 07:40:31,instagram,com.instagram.android,social,warm,1248,1325,1165,background,99.5,0,0,1,morning,1
2026-05-10 08:04:22,whatsapp,com.whatsapp,social,warm,1111,1116,891,background,99.4,0,0,1,morning,1
2026-05-10 08:27:32,youtube,com.google.android.youtube,media,warm,1895,1985,1713,background,99.3,0,0,1,morning,1
2026-05-10 08:41:43,spotify,com.spotify.music,media,warm,1275,1301,1169,foreground,99.3,0,1,1,morning,1
2026-05-10 09:14:03,netflix,com.netflix.mediaclient,media,warm,1826,1888,1588,background,99.2,0,0,1,morning,1
2026-05-10 09:55:37,gmail,com.google.android.gm,productivity,warm,671,672,593,background,99.1,0,1,1,morning,1
2026-05-10 09:57:39,slack,com.Slack,productivity,warm,1589,1649,1383,foreground,98.9,0,0,1,morning,1
2026-05-10 10:01:20,chrome,com.android.chrome,utility,warm,533,570,473,background,98.8,0,0,1,morning,1
2026-05-10 10:06:59,google_maps,com.google.android.apps.maps,utility,warm,1642,1691,1387,foreground,98.7,0,0,1,morning,1
2026-05-10 10:16:43,amazon,com.amazon.mShop.android.shopping,commerce,warm,1245,1342,1095,background,98.6,0,0,1,morning,1
2026-05-10 10:32:10,phonepe,com.phonepe.app,financial,warm,940,986,802,background,98.5,0,0,1,morning,1
2026-05-10 10:33:20,paytm,net.one97.paytm,financial,warm,1045,1117,916,background,98.4,0,0,1,morning,1
2026-05-10 11:18:58,samsung_health,com.sec.android.app.shealth,health,warm,1143,1163,946,background,98.3,0,0,1,morning,1
2026-05-10 14:08:31,instagram,com.instagram.android,social,warm,1620,1692,1380,background,98.3,0,0,1,afternoon,1
2026-05-10 14:46:12,whatsapp,com.whatsapp,social,warm,1100,1156,972,background,98.2,0,0,1,afternoon,1
2026-05-10 14:59:43,youtube,com.google.android.youtube,media,warm,1632,1700,1457,foreground,98.1,0,0,1,afternoon,1
2026-05-10 15:06:18,spotify,com.spotify.music,media,warm,1423,1470,1233,foreground,98.0,0,0,1,afternoon,1
2026-05-10 16:54:01,netflix,com.netflix.mediaclient,media,warm,2102,2204,1694,foreground,97.8,0,0,1,afternoon,1
2026-05-10 17:01:37,gmail,com.google.android.gm,productivity,warm,928,970,853,foreground,97.7,0,0,1,evening,1
2026-05-10 17:50:31,slack,com.Slack,productivity,warm,1381,1431,1079,foreground,97.7,0,1,1,evening,1
2026-05-10 18:14:35,chrome,com.android.chrome,utility,warm,497,520,421,background,97.6,0,1,1,evening,1
2026-05-10 18:14:55,google_maps,com.google.android.apps.maps,utility,warm,1405,1508,1062,foreground,97.5,0,1,1,evening,1
2026-05-10 18:52:38,amazon,com.amazon.mShop.android.shopping,commerce,warm,1278,1366,1164,foreground,97.4,0,0,1,evening,1
2026-05-10 20:10:53,phonepe,com.phonepe.app,financial,warm,952,987,854,background,97.3,0,0,1,evening,1
2026-05-10 20:20:34,paytm,net.one97.paytm,financial,warm,1184,1220,1040,background,97.2,0,1,1,evening,1
2026-05-10 21:14:15,samsung_health,com.sec.android.app.shealth,health,warm,1031,1031,926,foreground,97.2,0,1,1,evening,1
2026-05-10 21:26:01,instagram,com.instagram.android,social,warm,1361,1447,1130,foreground,97.1,0,0,1,evening,1
2026-05-10 21:56:00,whatsapp,com.whatsapp,social,warm,983,1030,842,background,97.0,0,0,1,evening,1
2026-05-10 22:40:21,youtube,com.google.android.youtube,media,warm,1575,1634,1247,foreground,96.9,0,0,1,night,1
2026-05-10 23:11:09,spotify,com.spotify.music,media,warm,1305,1378,1124,foreground,97.7,1,1,1,night,1
2026-05-10 23:31:15,netflix,com.netflix.mediaclient,media,warm,1790,1896,1549,foreground,98.2,1,1,1,night,1
2026-05-10 23:35:13,gmail,com.google.android.gm,productivity,warm,858,900,756,foreground,98.9,1,1,1,night,1
2026-05-11 00:38:04,slack,com.Slack,productivity,warm,1714,1810,1492,foreground,99.7,1,0,1,night,0
2026-05-11 01:00:05,chrome,com.android.chrome,utility,warm,559,600,456,background,100,1,0,1,night,0
2026-05-11 01:21:33,google_maps,com.google.android.apps.maps,utility,warm,1455,1491,1178,background,100,1,0,1,night,0
2026-05-11 01:51:03,amazon,com.amazon.mShop.android.shopping,commerce,warm,1419,1541,1178,foreground,100,1,0,1,night,0
2026-05-11 02:10:31,phonepe,com.phonepe.app,financial,warm,763,780,620,foreground,100,1,0,1,night,0
2026-05-11 02:26:18,paytm,net.one97.paytm,financial,warm,1071,1174,960,background,100,1,0,1,night,0
2026-05-11 02:46:30,samsung_health,com.sec.android.app.shealth,health,warm,1085,1149,979,background,100,1,0,1,night,0
2026-05-11 02:54:55,instagram,com.instagram.android,social,warm,1538,1680,1324,foreground,100,1,0,1,night,0
2026-05-11 03:01:38,whatsapp,com.whatsapp,social,warm,901,915,802,background,100,1,0,1,night,0
2026-05-11 03:30:47,youtube,com.google.android.youtube,media,warm,1390,1481,1099,background,100,1,0,1,night,0
2026-05-11 04:25:07,spotify,com.spotify.music,media,warm,1483,1531,1282,background,100,1,0,1,night,0
2026-05-11 04:52:35,netflix,com.netflix.mediaclient,media,warm,2098,2173,1784,foreground,100,1,0,1,night,0
2026-05-11 05:19:24,gmail,com.google.android.gm,productivity,warm,775,818,682,foreground,100,1,0,1,morning,0
2026-05-11 06:42:33,slack,com.Slack,productivity,warm,1306,1344,1061,background,100,1,0,1,morning,0
2026-05-11 07:20:04,chrome,com.android.chrome,utility,warm,504,504,461,foreground,99.9,0,0,1,morning,0
2026-05-11 07:35:23,google_maps,com.google.android.apps.maps,utility,warm,1605,1734,1488,background,99.8,0,0,1,morning,0
2026-05-11 07:42:39,amazon,com.amazon.mShop.android.shopping,commerce,warm,1325,1386,1159,foreground,99.6,0,1,1,morning,0
2026-05-11 07:55:01,phonepe,com.phonepe.app,financial,warm,1150,1206,1077,background,99.5,0,0,1,morning,0
2026-05-11 08:23:54,paytm,net.one97.paytm,financial,warm,1129,1193,897,background,99.5,0,0,1,morning,0
2026-05-11 08:30:07,samsung_health,com.sec.android.app.shealth,health,warm,1354,1381,1162,background,99.4,0,0,1,morning,0
2026-05-11 09:46:20,instagram,com.instagram.android,social,warm,1420,1508,1082,foreground,99.3,0,0,1,morning,0
2026-05-11 10:13:42,whatsapp,com.whatsapp,social,warm,1118,1138,930,foreground,99.2,0,0,1,morning,0
2026-05-11 10:23:17,youtube,com.google.android.youtube,media,warm,1428,1520,1223,foreground,99.1,0,0,1,morning,0
2026-05-11 10:50:04,spotify,com.spotify.music,media,warm,1207,1243,1156,foreground,99.0,0,0,1,morning,0
2026-05-11 11:06:07,netflix,com.netflix.mediaclient,media,warm,1830,1895,1590,background,98.9,0,0,1,morning,0
2026-05-11 11:18:32,gmail,com.google.android.gm,productivity,warm,885,930,761,background,98.8,0,0,1,morning,0
2026-05-11 11:44:53,slack,com.Slack,productivity,warm,1579,1655,1212,background,98.7,0,0,1,morning,0
2026-05-11 12:13:51,chrome,com.android.chrome,utility,warm,438,445,420,background,98.6,0,0,1,afternoon,0
2026-05-11 13:16:52,google_maps,com.google.android.apps.maps,utility,warm,1462,1561,1245,background,98.5,0,0,1,afternoon,0
2026-05-11 13:27:07,amazon,com.amazon.mShop.android.shopping,commerce,warm,1587,1673,1392,background,98.4,0,0,1,afternoon,0
2026-05-11 13:39:01,phonepe,com.phonepe.app,financial,warm,991,1033,844,background,98.3,0,0,1,afternoon,0
2026-05-11 13:48:04,paytm,net.one97.paytm,financial,warm,1165,1227,949,background,98.2,0,0,1,afternoon,0
2026-05-11 13:55:42,samsung_health,com.sec.android.app.shealth,health,warm,1197,1207,987,background,98.2,0,0,1,afternoon,0
2026-05-11 14:17:48,instagram,com.instagram.android,social,warm,1681,1729,1462,background,98.1,0,0,1,afternoon,0
2026-05-11 14:24:42,whatsapp,com.whatsapp,social,warm,832,863,659,background,98.0,0,0,1,afternoon,0
2026-05-11 14:37:24,youtube,com.google.android.youtube,media,warm,1515,1554,1291,background,97.9,0,0,1,afternoon,0
2026-05-11 14:53:15,spotify,com.spotify.music,media,warm,1279,1350,1061,background,97.8,0,0,1,afternoon,0
2026-05-11 15:22:04,netflix,com.netflix.mediaclient,media,warm,1883,1966,1515,background,97.6,0,0,1,afternoon,0
2026-05-11 15:54:50,gmail,com.google.android.gm,productivity,warm,870,952,698,background,97.5,0,0,1,afternoon,0
2026-05-11 16:12:57,slack,com.Slack,productivity,warm,1495,1567,1309,background,97.4,0,0,1,afternoon,0
2026-05-11 16:22:12,chrome,com.android.chrome,utility,warm,484,528,400,background,97.3,0,0,1,afternoon,0
2026-05-11 16:25:46,google_maps,com.google.android.apps.maps,utility,warm,1152,1284,942,background,97.2,0,0,1,afternoon,0
2026-05-11 16:39:53,amazon,com.amazon.mShop.android.shopping,commerce,warm,1207,1242,1033,background,97.1,0,0,1,afternoon,0
2026-05-11 17:41:35,phonepe,com.phonepe.app,financial,warm,809,854,752,foreground,97.0,0,1,1,evening,0
2026-05-11 18:42:28,paytm,net.one97.paytm,financial,warm,1089,1104,956,background,96.9,0,1,1,evening,0
2026-05-11 18:50:18,samsung_health,com.sec.android.app.shealth,health,warm,1140,1145,954,foreground,96.8,0,0,1,evening,0
2026-05-11 19:05:51,instagram,com.instagram.android,social,warm,1404,1457,1158,background,96.8,0,1,1,evening,0
2026-05-11 19:47:56,whatsapp,com.whatsapp,social,warm,913,1002,863,foreground,96.7,0,0,1,evening,0
2026-05-11 19:56:44,youtube,com.google.android.youtube,media,warm,1634,1709,1342,background,96.6,0,0,1,evening,0
2026-05-11 19:58:06,spotify,com.spotify.music,media,warm,1520,1595,1375,background,96.4,0,1,1,evening,0
2026-05-11 20:08:05,netflix,com.netflix.mediaclient,media,warm,1594,1683,1460,foreground,96.3,0,1,1,evening,0
2026-05-11 20:22:01,gmail,com.google.android.gm,productivity,warm,793,841,667,foreground,96.2,0,0,1,evening,0
2026-05-11 20:44:17,slack,com.Slack,productivity,warm,1610,1702,1331,background,96.1,0,1,1,evening,0
2026-05-11 21:08:29,chrome,com.android.chrome,utility,warm,513,569,422,background,96.0,0,0,1,evening,0
2026-05-11 21:10:03,google_maps,com.google.android.apps.maps,utility,warm,1365,1419,1164,background,95.9,0,0,1,evening,0
2026-05-11 21:19:57,amazon,com.amazon.mShop.android.shopping,commerce,warm,985,1038,945,background,95.8,0,1,1,evening,0
2026-05-11 21:21:42,phonepe,com.phonepe.app,financial,warm,857,895,675,foreground,95.7,0,1,1,evening,0
2026-05-11 21:29:09,paytm,net.one97.paytm,financial,warm,1127,1195,990,background,95.6,0,0,1,evening,0
2026-05-11 21:31:34,samsung_health,com.sec.android.app.shealth,health,warm,1200,1259,959,foreground,95.4,0,1,1,evening,0
2026-05-11 21:38:43,instagram,com.instagram.android,social,warm,1549,1643,1242,background,95.3,0,0,1,evening,0
2026-05-11 22:19:57,whatsapp,com.whatsapp,social,warm,945,960,795,background,95.2,0,0,1,night,0
2026-05-11 22:37:42,youtube,com.google.android.youtube,media,warm,1740,1873,1518,foreground,95.1,0,1,1,night,0
2026-05-11 22:49:46,spotify,com.spotify.music,media,warm,1562,1599,1377,foreground,94.9,0,0,1,night,0
2026-05-11 23:38:03,netflix,com.netflix.mediaclient,media,warm,1838,1958,1764,background,95.6,1,0,1,night,0
2026-05-11 23:38:54,gmail,com.google.android.gm,productivity,warm,830,872,748,foreground,96.4,1,0,1,night,0
2026-05-11 23:55:24,slack,com.Slack,productivity,warm,1592,1718,1285,foreground,97.1,1,0,1,night,0
2026-05-11 23:58:36,chrome,com.android.chrome,utility,warm,506,506,432,background,97.8,1,0,1,night,0
2026-05-12 00:14:12,google_maps,com.google.android.apps.maps,utility,warm,1568,1624,1416,foreground,98.5,1,0,1,night,0
2026-05-12 00:29:47,amazon,com.amazon.mShop.android.shopping,commerce,warm,1531,1638,1317,background,99.4,1,0,1,night,0
2026-05-12 01:36:53,phonepe,com.phonepe.app,financial,warm,982,1004,857,foreground,100,1,0,1,night,0
2026-05-12 02:12:02,paytm,net.one97.paytm,financial,warm,1146,1205,967,foreground,100,1,0,1,night,0
2026-05-12 03:00:45,samsung_health,com.sec.android.app.shealth,health,warm,1126,1151,944,background,100,1,0,1,night,0
2026-05-12 03:25:12,instagram,com.instagram.android,social,warm,1469,1478,1319,foreground,100,1,0,1,night,0
2026-05-12 03:26:41,whatsapp,com.whatsapp,social,warm,822,881,702,background,100,1,0,1,night,0
2026-05-12 03:56:06,youtube,com.google.android.youtube,media,warm,1646,1735,1409,background,100,1,0,1,night,0
2026-05-12 04:44:34,spotify,com.spotify.music,media,warm,1511,1595,1331,foreground,100,1,0,1,night,0
2026-05-12 05:12:05,netflix,com.netflix.mediaclient,media,warm,1758,1834,1424,foreground,100,1,0,1,morning,0
2026-05-12 05:28:18,gmail,com.google.android.gm,productivity,warm,834,923,722,foreground,100,1,0,1,morning,0
2026-05-12 06:47:15,slack,com.Slack,productivity,warm,1728,1789,1511,background,100,1,0,1,morning,0
2026-05-12 07:03:37,chrome,com.android.chrome,utility,warm,761,815,650,background,99.9,0,0,1,morning,0
2026-05-12 07:21:25,google_maps,com.google.android.apps.maps,utility,warm,1074,1074,899,background,99.8,0,0,1,morning,0
2026-05-12 08:02:44,amazon,com.amazon.mShop.android.shopping,commerce,warm,1239,1301,1122,background,99.7,0,0,1,morning,0
2026-05-12 08:13:07,phonepe,com.phonepe.app,financial,warm,872,940,763,foreground,99.6,0,0,1,morning,0
2026-05-12 08:32:07,paytm,net.one97.paytm,financial,warm,974,1002,828,foreground,99.5,0,0,1,morning,0
2026-05-12 08:35:40,samsung_health,com.sec.android.app.shealth,health,warm,1171,1190,1089,foreground,99.4,0,0,1,morning,0
2026-05-12 08:53:43,instagram,com.instagram.android,social,warm,1419,1479,1261,background,99.4,0,0,1,morning,0
2026-05-12 09:14:20,whatsapp,com.whatsapp,social,warm,944,951,787,background,99.3,0,0,1,morning,0
2026-05-12 09:41:38,youtube,com.google.android.youtube,media,warm,1640,1738,1326,background,99.2,0,0,1,morning,0
2026-05-12 09:56:36,spotify,com.spotify.music,media,warm,1464,1521,1282,background,99.1,0,1,1,morning,0
2026-05-12 10:58:53,netflix,com.netflix.mediaclient,media,warm,2104,2250,1932,foreground,98.9,0,0,1,morning,0
2026-05-12 11:58:04,gmail,com.google.android.gm,productivity,warm,780,810,694,background,98.9,0,0,1,morning,0
2026-05-12 12:21:44,slack,com.Slack,productivity,warm,1528,1584,1327,background,98.7,0,0,1,afternoon,0
2026-05-12 12:43:27,chrome,com.android.chrome,utility,warm,491,511,452,foreground,98.6,0,0,1,afternoon,0
2026-05-12 13:26:06,google_maps,com.google.android.apps.maps,utility,warm,1510,1585,1235,background,98.5,0,0,1,afternoon,0
2026-05-12 13:27:14,amazon,com.amazon.mShop.android.shopping,commerce,warm,1306,1362,1168,background,98.4,0,0,1,afternoon,0
2026-05-12 13:56:26,phonepe,com.phonepe.app,financial,warm,939,974,798,foreground,98.3,0,0,1,afternoon,0
2026-05-12 14:06:05,paytm,net.one97.paytm,financial,warm,1088,1149,969,background,98.3,0,0,1,afternoon,0
2026-05-12 14:07:43,samsung_health,com.sec.android.app.shealth,health,warm,1433,1529,1149,background,98.2,0,0,1,afternoon,0
2026-05-12 14:11:10,instagram,com.instagram.android,social,warm,1596,1790,1453,background,98.1,0,0,1,afternoon,0
2026-05-12 14:27:42,whatsapp,com.whatsapp,social,warm,962,1035,737,background,98.0,0,0,1,afternoon,0
2026-05-12 14:37:17,youtube,com.google.android.youtube,media,warm,1518,1564,1284,foreground,97.9,0,0,1,afternoon,0
2026-05-12 16:12:45,spotify,com.spotify.music,media,warm,1154,1210,993,background,97.8,0,0,1,afternoon,0
2026-05-12 17:49:42,netflix,com.netflix.mediaclient,media,warm,1881,2004,1507,foreground,97.7,0,0,1,evening,0
2026-05-12 18:02:19,gmail,com.google.android.gm,productivity,warm,908,958,809,foreground,97.5,0,0,1,evening,0
2026-05-12 18:06:13,slack,com.Slack,productivity,warm,1407,1451,1342,foreground,97.5,0,0,1,evening,0
2026-05-12 19:11:17,chrome,com.android.chrome,utility,warm,646,672,530,background,97.4,0,0,1,evening,0
2026-05-12 19:22:06,google_maps,com.google.android.apps.maps,utility,warm,1364,1405,1104,foreground,97.2,0,1,1,evening,0
2026-05-12 19:25:13,amazon,com.amazon.mShop.android.shopping,commerce,warm,1223,1369,1059,background,97.1,0,1,1,evening,0
2026-05-12 19:32:44,phonepe,com.phonepe.app,financial,warm,881,938,770,background,97.0,0,0,1,evening,0
2026-05-12 19:36:38,paytm,net.one97.paytm,financial,warm,807,810,704,background,97.0,0,1,1,evening,0
2026-05-12 19:41:54,samsung_health,com.sec.android.app.shealth,health,warm,1129,1228,977,foreground,96.9,0,0,1,evening,0
2026-05-12 21:31:07,instagram,com.instagram.android,social,warm,1653,1710,1450,background,96.8,0,1,1,evening,0
2026-05-12 22:15:08,whatsapp,com.whatsapp,social,warm,909,941,872,foreground,96.7,0,0,1,night,0
2026-05-12 22:46:17,youtube,com.google.android.youtube,media,warm,1642,1809,1477,background,96.6,0,0,1,night,0
2026-05-12 23:02:48,spotify,com.spotify.music,media,warm,1388,1498,1124,background,97.3,1,0,1,night,0
2026-05-12 23:10:32,netflix,com.netflix.mediaclient,media,warm,1746,1835,1546,foreground,97.8,1,0,1,night,0
2026-05-12 23:40:47,gmail,com.google.android.gm,productivity,warm,779,810,694,background,98.5,1,1,1,night,0
2026-05-12 23:51:54,slack,com.Slack,productivity,warm,1793,1840,1536,foreground,99.1,1,1,1,night,0
2026-05-13 01:03:27,chrome,com.android.chrome,utility,warm,646,688,565,background,99.7,1,0,1,night,0
2026-05-13 02:28:03,google_maps,com.google.android.apps.maps,utility,warm,1689,1765,1462,foreground,100,1,0,1,night,0
2026-05-13 02:34:26,amazon,com.amazon.mShop.android.shopping,commerce,warm,1510,1599,1302,foreground,100,1,0,1,night,0
2026-05-13 02:50:57,phonepe,com.phonepe.app,financial,warm,721,736,643,background,100,1,0,1,night,0
2026-05-13 03:07:07,paytm,net.one97.paytm,financial,warm,798,849,734,background,100,1,0,1,night,0
2026-05-13 03:40:33,samsung_health,com.sec.android.app.shealth,health,warm,1084,1156,918,background,100,1,0,1,night,0
2026-05-13 03:51:12,instagram,com.instagram.android,social,warm,1710,1768,1465,background,100,1,0,1,night,0
2026-05-13 05:26:38,whatsapp,com.whatsapp,social,warm,946,994,880,foreground,100,1,0,1,morning,0
2026-05-13 05:27:56,youtube,com.google.android.youtube,media,warm,1365,1425,1116,background,100,1,0,1,morning,0
2026-05-13 06:03:54,spotify,com.spotify.music,media,warm,1391,1445,1078,background,100,1,0,1,morning,0
2026-05-13 06:12:16,netflix,com.netflix.mediaclient,media,warm,2183,2270,1973,foreground,100,1,0,1,morning,0
2026-05-13 06:58:00,gmail,com.google.android.gm,productivity,warm,796,821,764,foreground,100,1,0,1,morning,0
2026-05-13 06:58:45,slack,com.Slack,productivity,warm,1641,1697,1398,foreground,100,1,0,1,morning,0
2026-05-13 07:07:42,chrome,com.android.chrome,utility,warm,651,707,578,background,99.9,0,1,1,morning,0
2026-05-13 08:04:35,google_maps,com.google.android.apps.maps,utility,warm,1214,1308,1098,background,99.8,0,0,1,morning,0
2026-05-13 08:05:15,amazon,com.amazon.mShop.android.shopping,commerce,warm,1448,1514,1239,background,99.7,0,0,1,morning,0
2026-05-13 08:30:52,phonepe,com.phonepe.app,financial,warm,896,988,780,background,99.6,0,0,1,morning,0
2026-05-13 09:00:04,paytm,net.one97.paytm,financial,warm,1224,1294,1068,background,99.4,0,1,1,morning,0
2026-05-13 09:11:02,samsung_health,com.sec.android.app.shealth,health,warm,1168,1244,1057,foreground,99.4,0,0,1,morning,0
2026-05-13 09:27:44,instagram,com.instagram.android,social,warm,1266,1369,1059,background,99.2,0,0,1,morning,0
2026-05-13 10:39:21,whatsapp,com.whatsapp,social,warm,958,971,809,background,99.1,0,0,1,morning,0
2026-05-13 10:46:56,youtube,com.google.android.youtube,media,warm,1623,1715,1425,background,99.1,0,0,1,morning,0
2026-05-13 11:17:13,spotify,com.spotify.music,media,warm,1207,1227,941,foreground,99.0,0,0,1,morning,0
2026-05-13 13:26:08,netflix,com.netflix.mediaclient,media,warm,1665,1720,1458,background,98.9,0,0,1,afternoon,0
2026-05-13 13:58:47,gmail,com.google.android.gm,productivity,warm,1048,1117,877,background,98.8,0,0,1,afternoon,0
2026-05-13 14:13:47,slack,com.Slack,productivity,warm,1815,1936,1573,foreground,98.7,0,0,1,afternoon,0
2026-05-13 14:18:01,chrome,com.android.chrome,utility,warm,703,768,612,foreground,98.6,0,0,1,afternoon,0
2026-05-13 14:28:24,google_maps,com.google.android.apps.maps,utility,warm,1601,1686,1354,foreground,98.4,0,0,1,afternoon,0
2026-05-13 14:52:35,amazon,com.amazon.mShop.android.shopping,commerce,warm,1324,1405,1040,foreground,98.3,0,0,1,afternoon,0
2026-05-13 15:52:15,phonepe,com.phonepe.app,financial,warm,916,947,699,foreground,98.2,0,0,1,afternoon,0
2026-05-13 16:06:55,paytm,net.one97.paytm,financial,warm,929,984,804,foreground,98.1,0,0,1,afternoon,0
2026-05-13 16:10:22,samsung_health,com.sec.android.app.shealth,health,warm,1138,1210,1014,foreground,98.0,0,0,1,afternoon,0
2026-05-13 16:26:16,instagram,com.instagram.android,social,warm,1205,1287,1004,background,97.9,0,0,1,afternoon,0
2026-05-13 16:59:26,whatsapp,com.whatsapp,social,warm,1082,1117,921,background,97.8,0,0,1,afternoon,0
2026-05-13 17:02:04,youtube,com.google.android.youtube,media,warm,1752,1844,1503,background,97.6,0,0,1,evening,0
2026-05-13 17:13:15,spotify,com.spotify.music,media,warm,1361,1444,1194,background,97.5,0,1,1,evening,0
2026-05-13 17:14:31,netflix,com.netflix.mediaclient,media,warm,2056,2222,1836,foreground,97.4,0,1,1,evening,0
2026-05-13 17:33:55,gmail,com.google.android.gm,productivity,warm,767,771,664,background,97.3,0,0,1,evening,0
2026-05-13 17:39:18,slack,com.Slack,productivity,warm,1585,1613,1279,background,97.3,0,0,1,evening,0
2026-05-13 18:04:56,chrome,com.android.chrome,utility,warm,671,717,541,background,97.1,0,1,1,evening,0
2026-05-13 18:20:30,google_maps,com.google.android.apps.maps,utility,warm,1334,1399,1169,foreground,97.0,0,0,1,evening,0
2026-05-13 18:44:06,amazon,com.amazon.mShop.android.shopping,commerce,warm,1314,1337,1097,background,96.9,0,0,1,evening,0
2026-05-13 20:15:26,phonepe,com.phonepe.app,financial,warm,909,928,781,background,96.8,0,0,1,evening,0
2026-05-13 20:27:42,paytm,net.one97.paytm,financial,warm,1243,1297,1006,foreground,96.8,0,0,1,evening,0
2026-05-13 20:30:04,samsung_health,com.sec.android.app.shealth,health,warm,971,1000,810,background,96.6,0,0,1,evening,0
2026-05-13 21:51:29,instagram,com.instagram.android,social,warm,1602,1711,1414,background,96.5,0,0,1,evening,0
2026-05-13 22:11:23,whatsapp,com.whatsapp,social,warm,958,979,908,background,96.4,0,1,1,night,0
2026-05-13 22:12:35,youtube,com.google.android.youtube,media,warm,1584,1616,1282,background,96.2,0,0,1,night,0
2026-05-13 22:35:27,spotify,com.spotify.music,media,warm,1240,1297,1061,background,96.1,0,0,1,night,0
2026-05-13 22:56:55,netflix,com.netflix.mediaclient,media,warm,2018,2117,1727,foreground,96.0,0,0,1,night,0
2026-05-13 23:13:58,gmail,com.google.android.gm,productivity,warm,817,864,729,foreground,96.8,1,1,1,night,0
2026-05-14 00:17:02,slack,com.Slack,productivity,warm,1783,1955,1522,foreground,97.3,1,0,1,night,0
2026-05-14 00:37:38,chrome,com.android.chrome,utility,warm,549,587,411,background,98.0,1,0,1,night,0
2026-05-14 00:42:13,google_maps,com.google.android.apps.maps,utility,warm,1255,1339,1092,background,98.8,1,0,1,night,0
2026-05-14 00:50:37,amazon,com.amazon.mShop.android.shopping,commerce,warm,1234,1259,1061,background,99.4,1,0,1,night,0
2026-05-14 00:59:02,phonepe,com.phonepe.app,financial,warm,989,1047,872,background,100,1,0,1,night,0
2026-05-14 02:01:20,paytm,net.one97.paytm,financial,warm,1087,1127,929,foreground,100,1,0,1,night,0
2026-05-14 02:40:01,samsung_health,com.sec.android.app.shealth,health,warm,935,1033,835,foreground,100,1,0,1,night,0
2026-05-14 02:48:08,instagram,com.instagram.android,social,warm,1511,1557,1221,background,100,1,0,1,night,0
2026-05-14 03:05:23,whatsapp,com.whatsapp,social,warm,912,970,747,background,100,1,0,1,night,0
2026-05-14 04:59:50,youtube,com.google.android.youtube,media,warm,1127,1159,811,background,100,1,0,1,night,0
2026-05-14 05:05:38,spotify,com.spotify.music,media,warm,1154,1193,991,background,100,1,0,1,morning,0
2026-05-14 06:07:58,netflix,com.netflix.mediaclient,media,warm,2137,2265,1795,background,100,1,0,1,morning,0
2026-05-14 06:25:05,gmail,com.google.android.gm,productivity,warm,813,821,713,background,100,1,0,1,morning,0
2026-05-14 06:31:32,slack,com.Slack,productivity,warm,1318,1383,1219,foreground,100,1,0,1,morning,0
2026-05-14 06:42:47,chrome,com.android.chrome,utility,warm,586,615,496,foreground,100,1,0,1,morning,0
2026-05-14 06:50:47,google_maps,com.google.android.apps.maps,utility,warm,1395,1455,1197,background,100,1,0,1,morning,0
2026-05-14 06:55:31,amazon,com.amazon.mShop.android.shopping,commerce,warm,1437,1522,1207,foreground,100,1,0,1,morning,0
2026-05-14 08:03:54,phonepe,com.phonepe.app,financial,warm,974,1055,818,foreground,99.9,0,0,1,morning,0
2026-05-14 08:16:40,paytm,net.one97.paytm,financial,warm,1027,1069,909,background,99.8,0,1,1,morning,0
2026-05-14 08:21:16,samsung_health,com.sec.android.app.shealth,health,warm,1142,1187,1035,foreground,99.7,0,0,1,morning,0
2026-05-14 09:02:41,instagram,com.instagram.android,social,warm,1698,1756,1382,background,99.6,0,1,1,morning,0
2026-05-14 09:05:41,whatsapp,com.whatsapp,social,warm,779,781,696,foreground,99.5,0,0,1,morning,0
2026-05-14 09:09:48,youtube,com.google.android.youtube,media,warm,1468,1523,1199,background,99.3,0,0,1,morning,0
2026-05-14 09:15:48,spotify,com.spotify.music,media,warm,1066,1093,1003,foreground,99.2,0,0,1,morning,0
2026-05-14 09:29:58,netflix,com.netflix.mediaclient,media,warm,1773,1827,1553,background,99.1,0,0,1,morning,0
2026-05-14 09:42:53,gmail,com.google.android.gm,productivity,warm,1038,1073,900,foreground,99.1,0,0,1,morning,0
2026-05-14 10:06:57,slack,com.Slack,productivity,warm,1285,1373,1140,foreground,99.0,0,0,1,morning,0
2026-05-14 10:09:24,chrome,com.android.chrome,utility,warm,637,691,527,foreground,98.9,0,0,1,morning,0
2026-05-14 10:23:21,google_maps,com.google.android.apps.maps,utility,warm,1325,1423,1168,background,98.8,0,0,1,morning,0
2026-05-14 10:48:58,amazon,com.amazon.mShop.android.shopping,commerce,warm,1177,1201,1001,background,98.7,0,0,1,morning,0
2026-05-14 11:43:34,phonepe,com.phonepe.app,financial,warm,993,1033,807,foreground,98.6,0,0,1,morning,0
2026-05-14 11:57:28,paytm,net.one97.paytm,financial,warm,871,890,805,background,98.4,0,0,1,morning,0
2026-05-14 12:36:29,samsung_health,com.sec.android.app.shealth,health,warm,1401,1450,1196,background,98.3,0,0,1,afternoon,0
2026-05-14 12:42:57,instagram,com.instagram.android,social,hot,331,352,283,background,98.2,0,0,1,afternoon,0
2026-05-14 13:17:01,whatsapp,com.whatsapp,social,hot,193,197,164,background,98.0,0,0,1,afternoon,0
2026-05-14 13:51:34,youtube,com.google.android.youtube,media,hot,413,424,326,foreground,97.9,0,0,1,afternoon,0
2026-05-14 14:07:49,spotify,com.spotify.music,media,hot,231,231,221,foreground,97.8,0,0,1,afternoon,0
2026-05-14 14:30:40,netflix,com.netflix.mediaclient,media,hot,398,398,312,foreground,97.7,0,0,1,afternoon,0
2026-05-14 14:40:57,gmail,com.google.android.gm,productivity,hot,135,135,111,foreground,97.6,0,0,1,afternoon,0
2026-05-14 15:17:47,slack,com.Slack,productivity,hot,306,329,266,foreground,97.6,0,0,1,afternoon,0
2026-05-14 15:44:30,chrome,com.android.chrome,utility,hot,70,71,60,foreground,97.5,0,0,1,afternoon,0
2026-05-14 16:11:58,google_maps,com.google.android.apps.maps,utility,hot,306,332,255,background,97.4,0,0,1,afternoon,0
2026-05-14 16:29:01,amazon,com.amazon.mShop.android.shopping,commerce,hot,229,231,168,foreground,97.3,0,0,1,afternoon,0
2026-05-14 17:17:25,phonepe,com.phonepe.app,financial,hot,210,233,182,background,97.2,0,0,1,evening,0
2026-05-14 18:20:51,paytm,net.one97.paytm,financial,hot,206,206,179,foreground,97.1,0,0,1,evening,0
2026-05-14 18:23:08,samsung_health,com.sec.android.app.shealth,health,hot,264,285,217,foreground,97.0,0,0,1,evening,0
2026-05-14 18:33:49,instagram,com.instagram.android,social,hot,362,372,305,foreground,96.9,0,1,1,evening,0
2026-05-14 18:34:51,whatsapp,com.whatsapp,social,hot,206,214,156,foreground,96.8,0,1,1,evening,0
2026-05-14 19:32:02,youtube,com.google.android.youtube,media,hot,356,378,328,background,96.7,0,1,1,evening,0
2026-05-14 19:47:10,spotify,com.spotify.music,media,hot,252,284,212,foreground,96.6,0,0,1,evening,0
2026-05-14 19:48:21,netflix,com.netflix.mediaclient,media,hot,450,477,348,foreground,96.5,0,0,1,evening,0
2026-05-14 21:08:33,gmail,com.google.android.gm,productivity,hot,126,130,94,foreground,96.4,0,0,1,evening,0
2026-05-14 21:38:46,slack,com.Slack,productivity,hot,346,364,278,background,96.3,0,0,1,evening,0
2026-05-14 21:53:46,chrome,com.android.chrome,utility,hot,123,125,88,background,96.2,0,1,1,evening,0
2026-05-14 22:00:51,google_maps,com.google.android.apps.maps,utility,hot,200,207,192,foreground,96.1,0,0,1,night,0
2026-05-14 22:02:31,amazon,com.amazon.mShop.android.shopping,commerce,hot,324,347,273,background,96.0,0,1,1,night,0
2026-05-14 22:22:18,phonepe,com.phonepe.app,financial,hot,222,230,196,background,95.9,0,1,1,night,0
2026-05-14 22:50:57,paytm,net.one97.paytm,financial,hot,198,202,175,foreground,95.8,0,0,1,night,0
2026-05-14 22:59:48,samsung_health,com.sec.android.app.shealth,health,hot,181,197,138,background,95.7,0,0,1,night,0
2026-05-14 23:03:17,instagram,com.instagram.android,social,hot,346,364,291,foreground,96.4,1,1,1,night,0
2026-05-14 23:32:02,whatsapp,com.whatsapp,social,hot,125,125,114,background,96.9,1,0,1,night,0
2026-05-14 23:39:23,youtube,com.google.android.youtube,media,hot,261,287,188,foreground,97.5,1,1,1,night,0
2026-05-14 23:43:04,spotify,com.spotify.music,media,hot,348,357,304,background,98.2,1,0,1,night,0
2026-05-14 23:51:43,netflix,com.netflix.mediaclient,media,hot,506,523,420,background,98.8,1,1,1,night,0
2026-05-14 23:59:46,gmail,com.google.android.gm,productivity,hot,145,152,119,foreground,99.4,1,1,1,night,0
2026-05-15 01:16:14,slack,com.Slack,productivity,hot,411,414,343,foreground,99.9,1,0,1,night,0
2026-05-15 01:22:08,chrome,com.android.chrome,utility,hot,167,173,137,background,100,1,0,1,night,0
2026-05-15 01:40:11,google_maps,com.google.android.apps.maps,utility,hot,339,342,264,foreground,100,1,0,1,night,0
2026-05-15 02:13:33,amazon,com.amazon.mShop.android.shopping,commerce,hot,200,200,160,foreground,100,1,0,1,night,0
2026-05-15 04:40:48,phonepe,com.phonepe.app,financial,hot,185,194,170,foreground,100,1,0,1,night,0
2026-05-15 05:15:35,paytm,net.one97.paytm,financial,hot,158,169,102,background,100,1,0,1,morning,0
2026-05-15 05:56:09,samsung_health,com.sec.android.app.shealth,health,hot,216,225,201,foreground,100,1,0,1,morning,0
2026-05-15 06:59:14,instagram,com.instagram.android,social,hot,261,267,219,background,100,1,0,1,morning,0
2026-05-15 07:02:07,whatsapp,com.whatsapp,social,hot,194,204,178,foreground,99.9,0,1,1,morning,0
2026-05-15 07:29:44,youtube,com.google.android.youtube,media,hot,308,348,249,background,99.9,0,0,1,morning,0
2026-05-15 08:03:25,spotify,com.spotify.music,media,hot,224,243,177,foreground,99.7,0,0,1,morning,0
2026-05-15 08:23:07,netflix,com.netflix.mediaclient,media,hot,636,651,566,foreground,99.7,0,0,1,morning,0
2026-05-15 08:40:35,gmail,com.google.android.gm,productivity,hot,69,79,53,background,99.6,0,0,1,morning,0
2026-05-15 08:46:02,slack,com.Slack,productivity,hot,270,270,243,foreground,99.5,0,1,1,morning,0
2026-05-15 09:38:40,chrome,com.android.chrome,utility,hot,143,155,120,foreground,99.4,0,0,1,morning,0
2026-05-15 10:56:10,google_maps,com.google.android.apps.maps,utility,hot,282,313,251,background,99.3,0,0,1,morning,0
2026-05-15 10:59:23,amazon,com.amazon.mShop.android.shopping,commerce,hot,286,303,212,foreground,99.1,0,0,1,morning,0
2026-05-15 11:34:42,phonepe,com.phonepe.app,financial,hot,154,174,116,foreground,99.0,0,0,1,morning,0
2026-05-15 11:35:32,paytm,net.one97.paytm,financial,hot,199,217,167,background,98.9,0,0,1,morning,0
2026-05-15 11:52:19,samsung_health,com.sec.android.app.shealth,health,hot,143,163,113,background,98.8,0,0,1,morning,0
2026-05-15 11:53:27,instagram,com.instagram.android,social,hot,391,428,346,foreground,98.7,0,0,1,morning,0
2026-05-15 12:46:49,whatsapp,com.whatsapp,social,hot,162,162,146,foreground,98.6,0,0,1,afternoon,0
2026-05-15 13:28:46,youtube,com.google.android.youtube,media,hot,508,537,410,foreground,98.6,0,0,1,afternoon,0
2026-05-15 14:29:51,spotify,com.spotify.music,media,hot,328,342,269,background,98.4,0,0,1,afternoon,0
2026-05-15 14:36:10,netflix,com.netflix.mediaclient,media,hot,468,501,445,foreground,98.3,0,0,1,afternoon,0
2026-05-15 15:11:30,gmail,com.google.android.gm,productivity,hot,134,136,104,background,98.2,0,0,1,afternoon,0
2026-05-15 15:13:09,slack,com.Slack,productivity,hot,407,422,304,foreground,98.0,0,0,1,afternoon,0
2026-05-15 15:50:54,chrome,com.android.chrome,utility,hot,137,149,125,background,98.0,0,0,1,afternoon,0
2026-05-15 16:40:12,google_maps,com.google.android.apps.maps,utility,hot,429,460,334,background,97.9,0,0,1,afternoon,0
2026-05-15 16:59:04,amazon,com.amazon.mShop.android.shopping,commerce,hot,258,258,218,background,97.8,0,0,1,afternoon,0
2026-05-15 17:13:42,phonepe,com.phonepe.app,financial,hot,222,225,169,foreground,97.7,0,1,1,evening,0
2026-05-15 17:29:13,paytm,net.one97.paytm,financial,hot,187,202,179,background,97.7,0,1,1,evening,0
2026-05-15 17:41:52,samsung_health,com.sec.android.app.shealth,health,hot,204,211,171,foreground,97.6,0,0,1,evening,0
2026-05-15 17:56:10,instagram,com.instagram.android,social,hot,388,388,342,foreground,97.4,0,1,1,evening,0
2026-05-15 17:59:21,whatsapp,com.whatsapp,social,hot,207,233,182,background,97.4,0,0,1,evening,0
2026-05-15 17:59:36,youtube,com.google.android.youtube,media,hot,355,365,329,background,97.2,0,0,1,evening,0
2026-05-15 18:01:48,spotify,com.spotify.music,media,hot,347,352,291,background,97.1,0,0,1,evening,0
2026-05-15 18:37:28,netflix,com.netflix.mediaclient,media,hot,525,525,432,background,97.0,0,0,1,evening,0
2026-05-15 19:49:40,gmail,com.google.android.gm,productivity,hot,115,115,110,background,96.8,0,0,1,evening,0
2026-05-15 20:34:47,slack,com.Slack,productivity,hot,366,382,291,foreground,96.7,0,0,1,evening,0
2026-05-15 20:39:55,chrome,com.android.chrome,utility,hot,112,119,92,foreground,96.6,0,0,1,evening,0
2026-05-15 20:48:34,google_maps,com.google.android.apps.maps,utility,hot,186,194,148,background,96.5,0,1,1,evening,0
2026-05-15 21:53:36,amazon,com.amazon.mShop.android.shopping,commerce,hot,373,395,326,foreground,96.4,0,0,1,evening,0
2026-05-15 23:14:03,phonepe,com.phonepe.app,financial,hot,148,151,127,foreground,97.1,1,1,1,night,0
2026-05-15 23:14:32,paytm,net.one97.paytm,financial,hot,236,241,182,foreground,97.8,1,1,1,night,0
2026-05-15 23:31:08,samsung_health,com.sec.android.app.shealth,health,hot,181,181,166,background,98.2,1,0,1,night,0
2026-05-15 23:44:57,instagram,com.instagram.android,social,hot,365,379,294,background,99.0,1,1,1,night,0
2026-05-15 23:52:44,whatsapp,com.whatsapp,social,hot,241,242,204,background,99.4,1,0,1,night,0
2026-05-16 01:00:06,youtube,com.google.android.youtube,media,hot,345,345,304,background,100,1,0,1,night,1
2026-05-16 01:00:12,spotify,com.spotify.music,media,hot,152,168,120,background,100,1,0,1,night,1
2026-05-16 01:03:31,netflix,com.netflix.mediaclient,media,hot,469,487,344,foreground,100,1,0,1,night,1
2026-05-16 01:18:58,gmail,com.google.android.gm,productivity,hot,197,208,160,foreground,100,1,0,1,night,1
2026-05-16 01:46:38,slack,com.Slack,productivity,hot,432,465,337,background,100,1,0,1,night,1
2026-05-16 02:16:50,chrome,com.android.chrome,utility,hot,72,72,62,foreground,100,1,0,1,night,1
2026-05-16 02:44:34,google_maps,com.google.android.apps.maps,utility,hot,293,304,251,background,100,1,0,1,night,1
2026-05-16 03:10:05,amazon,com.amazon.mShop.android.shopping,commerce,hot,230,230,173,background,100,1,0,1,night,1
2026-05-16 03:47:39,phonepe,com.phonepe.app,financial,hot,146,157,140,background,100,1,0,1,night,1
2026-05-16 04:08:50,paytm,net.one97.paytm,financial,hot,265,281,199,foreground,100,1,0,1,night,1
2026-05-16 04:09:53,samsung_health,com.sec.android.app.shealth,health,hot,224,234,171,background,100,1,0,1,night,1
2026-05-16 04:16:51,instagram,com.instagram.android,social,hot,358,378,258,foreground,100,1,0,1,night,1
2026-05-16 04:21:11,whatsapp,com.whatsapp,social,hot,191,213,141,background,100,1,0,1,night,1
2026-05-16 04:55:51,youtube,com.google.android.youtube,media,hot,416,416,399,background,100,1,0,1,night,1
2026-05-16 05:15:43,spotify,com.spotify.music,media,hot,226,226,188,foreground,100,1,0,1,morning,1
2026-05-16 05:18:13,netflix,com.netflix.mediaclient,media,hot,501,544,407,foreground,100,1,0,1,morning,1
2026-05-16 05:37:12,gmail,com.google.android.gm,productivity,hot,205,219,133,background,100,1,0,1,morning,1
2026-05-16 05:50:02,slack,com.Slack,productivity,hot,340,361,279,background,100,1,0,1,morning,1
2026-05-16 06:38:56,chrome,com.android.chrome,utility,hot,85,85,78,background,100,1,0,1,morning,1
2026-05-16 06:49:51,google_maps,com.google.android.apps.maps,utility,hot,286,324,232,background,100,1,0,1,morning,1
2026-05-16 08:13:16,amazon,com.amazon.mShop.android.shopping,commerce,hot,192,192,162,foreground,99.9,0,0,1,morning,1
2026-05-16 08:18:43,phonepe,com.phonepe.app,financial,hot,159,171,138,background,99.8,0,0,1,morning,1
2026-05-16 08:24:29,paytm,net.one97.paytm,financial,hot,227,234,187,background,99.7,0,0,1,morning,1
2026-05-16 09:23:41,samsung_health,com.sec.android.app.shealth,health,hot,206,213,185,foreground,99.6,0,0,1,morning,1
2026-05-16 09:37:25,instagram,com.instagram.android,social,hot,302,314,248,background,99.5,0,0,1,morning,1
2026-05-16 09:54:12,whatsapp,com.whatsapp,social,hot,191,192,183,foreground,99.4,0,0,1,morning,1
2026-05-16 09:57:33,youtube,com.google.android.youtube,media,hot,413,433,359,background,99.2,0,0,1,morning,1
2026-05-16 10:13:18,spotify,com.spotify.music,media,hot,250,269,227,foreground,99.2,0,0,1,morning,1
2026-05-16 10:16:54,netflix,com.netflix.mediaclient,media,hot,388,402,372,background,99.1,0,0,1,morning,1
2026-05-16 10:25:36,gmail,com.google.android.gm,productivity,hot,248,257,201,background,99.0,0,0,1,morning,1
2026-05-16 10:45:14,slack,com.Slack,productivity,hot,263,284,197,background,98.9,0,0,1,morning,1
2026-05-16 10:52:18,chrome,com.android.chrome,utility,hot,113,119,106,background,98.8,0,0,1,morning,1
2026-05-16 11:27:49,google_maps,com.google.android.apps.maps,utility,hot,325,340,275,background,98.6,0,0,1,morning,1
2026-05-16 11:42:40,amazon,com.amazon.mShop.android.shopping,commerce,hot,335,335,310,background,98.5,0,0,1,morning,1
2026-05-16 12:03:20,phonepe,com.phonepe.app,financial,hot,147,147,131,foreground,98.4,0,0,1,afternoon,1
2026-05-16 12:28:16,paytm,net.one97.paytm,financial,hot,166,182,112,foreground,98.2,0,0,1,afternoon,1
2026-05-16 12:42:47,samsung_health,com.sec.android.app.shealth,health,hot,250,264,228,foreground,98.2,0,0,1,afternoon,1
2026-05-16 12:46:08,instagram,com.instagram.android,social,hot,368,381,293,foreground,98.1,0,0,1,afternoon,1
2026-05-16 13:13:07,whatsapp,com.whatsapp,social,hot,210,214,191,foreground,98.0,0,0,1,afternoon,1
2026-05-16 13:47:06,youtube,com.google.android.youtube,media,hot,387,399,303,background,97.9,0,0,1,afternoon,1
2026-05-16 13:59:52,spotify,com.spotify.music,media,hot,255,268,242,background,97.8,0,0,1,afternoon,1
2026-05-16 14:43:05,netflix,com.netflix.mediaclient,media,hot,391,412,327,background,97.6,0,0,1,afternoon,1
2026-05-16 15:21:56,gmail,com.google.android.gm,productivity,hot,160,160,121,foreground,97.5,0,0,1,afternoon,1
2026-05-16 16:52:10,slack,com.Slack,productivity,hot,377,399,299,foreground,97.5,0,0,1,afternoon,1
2026-05-16 20:10:01,chrome,com.android.chrome,utility,hot,49,49,33,foreground,97.4,0,0,1,evening,1
2026-05-16 20:16:07,google_maps,com.google.android.apps.maps,utility,hot,191,206,154,foreground,97.3,0,0,1,evening,1
2026-05-16 20:17:17,amazon,com.amazon.mShop.android.shopping,commerce,hot,248,250,217,foreground,97.2,0,1,1,evening,1
2026-05-16 20:23:56,phonepe,com.phonepe.app,financial,hot,178,194,147,foreground,97.1,0,1,1,evening,1
2026-05-16 20:36:46,paytm,net.one97.paytm,financial,hot,169,170,162,background,97.0,0,1,1,evening,1
2026-05-16 22:02:31,samsung_health,com.sec.android.app.shealth,health,hot,193,209,170,background,96.9,0,0,1,night,1
2026-05-16 22:03:55,instagram,com.instagram.android,social,hot,283,301,251,background,96.7,0,0,1,night,1
2026-05-16 22:40:47,whatsapp,com.whatsapp,social,hot,114,126,101,foreground,96.6,0,0,1,night,1
2026-05-16 22:43:59,youtube,com.google.android.youtube,media,hot,414,449,320,foreground,96.5,0,1,1,night,1
2026-05-16 22:47:42,spotify,com.spotify.music,media,hot,271,282,247,foreground,96.4,0,0,1,night,1
2026-05-16 23:15:04,netflix,com.netflix.mediaclient,media,hot,601,624,480,background,97.2,1,1,1,night,1
2026-05-16 23:19:06,gmail,com.google.android.gm,productivity,hot,212,234,176,foreground,97.6,1,1,1,night,1
2026-05-17 00:10:12,slack,com.Slack,productivity,hot,448,475,400,background,98.1,1,0,1,night,1
2026-05-17 00:43:45,chrome,com.android.chrome,utility,hot,96,99,69,background,98.4,1,0,1,night,1
2026-05-17 00:51:10,google_maps,com.google.android.apps.maps,utility,hot,356,362,319,background,98.8,1,0,1,night,1
2026-05-17 01:19:54,amazon,com.amazon.mShop.android.shopping,commerce,hot,340,343,275,background,99.6,1,0,1,night,1
2026-05-17 01:44:35,phonepe,com.phonepe.app,financial,hot,193,200,157,foreground,100,1,0,1,night,1
2026-05-17 01:44:42,paytm,net.one97.paytm,financial,hot,219,221,174,foreground,100,1,0,1,night,1
2026-05-17 01:59:59,samsung_health,com.sec.android.app.shealth,health,hot,261,262,250,background,100,1,0,1,night,1
2026-05-17 02:16:20,instagram,com.instagram.android,social,hot,288,305,253,foreground,100,1,0,1,night,1
2026-05-17 02:16:38,whatsapp,com.whatsapp,social,hot,196,204,167,foreground,100,1,0,1,night,1
2026-05-17 02:36:05,youtube,com.google.android.youtube,media,hot,429,467,361,background,100,1,0,1,night,1
2026-05-17 02:57:14,spotify,com.spotify.music,media,hot,146,155,122,foreground,100,1,0,1,night,1
2026-05-17 03:04:59,netflix,com.netflix.mediaclient,media,hot,452,452,393,background,100,1,0,1,night,1
2026-05-17 03:16:14,gmail,com.google.android.gm,productivity,hot,172,186,150,background,100,1,0,1,night,1
2026-05-17 03:23:08,slack,com.Slack,productivity,hot,450,478,386,foreground,100,1,0,1,night,1
2026-05-17 03:32:20,chrome,com.android.chrome,utility,hot,151,161,119,foreground,100,1,0,1,night,1
2026-05-17 03:52:30,google_maps,com.google.android.apps.maps,utility,hot,280,280,224,foreground,100,1,0,1,night,1
2026-05-17 04:32:38,amazon,com.amazon.mShop.android.shopping,commerce,hot,217,217,180,foreground,100,1,0,1,night,1
2026-05-17 04:35:38,phonepe,com.phonepe.app,financial,hot,220,224,180,background,100,1,0,1,night,1
2026-05-17 05:03:10,paytm,net.one97.paytm,financial,hot,202,203,177,background,100,1,0,1,morning,1
2026-05-17 05:21:11,samsung_health,com.sec.android.app.shealth,health,hot,234,249,188,foreground,100,1,0,1,morning,1
2026-05-17 06:31:35,instagram,com.instagram.android,social,hot,354,368,307,foreground,100,1,0,1,morning,1
2026-05-17 06:35:30,whatsapp,com.whatsapp,social,hot,212,218,170,background,100,1,0,1,morning,1
2026-05-17 07:24:09,youtube,com.google.android.youtube,media,hot,514,514,411,background,99.9,0,1,1,morning,1
2026-05-17 07:45:33,spotify,com.spotify.music,media,hot,252,252,235,background,99.9,0,0,1,morning,1
2026-05-17 08:33:05,netflix,com.netflix.mediaclient,media,hot,360,382,253,foreground,99.8,0,0,1,morning,1
2026-05-17 08:44:41,gmail,com.google.android.gm,productivity,hot,123,132,98,background,99.7,0,1,1,morning,1
2026-05-17 08:47:51,slack,com.Slack,productivity,hot,479,490,386,background,99.6,0,0,1,morning,1
2026-05-17 09:29:05,chrome,com.android.chrome,utility,hot,93,106,72,foreground,99.5,0,0,1,morning,1
2026-05-17 09:38:47,google_maps,com.google.android.apps.maps,utility,hot,304,328,281,foreground,99.3,0,0,1,morning,1
2026-05-17 09:53:49,amazon,com.amazon.mShop.android.shopping,commerce,hot,276,288,250,foreground,99.2,0,0,1,morning,1
2026-05-17 09:54:19,phonepe,com.phonepe.app,financial,hot,183,199,175,foreground,99.1,0,0,1,morning,1
2026-05-17 11:16:11,paytm,net.one97.paytm,financial,hot,168,181,148,background,99.0,0,0,1,morning,1
2026-05-17 12:10:28,samsung_health,com.sec.android.app.shealth,health,hot,311,350,235,background,99.0,0,0,1,afternoon,1
2026-05-17 13:05:10,instagram,com.instagram.android,social,hot,329,345,299,background,98.9,0,0,1,afternoon,1
2026-05-17 13:15:14,whatsapp,com.whatsapp,social,hot,125,134,120,foreground,98.8,0,0,1,afternoon,1
2026-05-17 13:25:57,youtube,com.google.android.youtube,media,hot,383,411,295,foreground,98.8,0,0,1,afternoon,1
2026-05-17 14:43:54,spotify,com.spotify.music,media,hot,300,300,276,foreground,98.6,0,0,1,afternoon,1
2026-05-17 15:24:06,netflix,com.netflix.mediaclient,media,hot,527,566,377,background,98.6,0,0,1,afternoon,1
2026-05-17 16:11:14,gmail,com.google.android.gm,productivity,hot,135,143,123,background,98.5,0,0,1,afternoon,1
2026-05-17 17:32:27,slack,com.Slack,productivity,hot,325,327,290,foreground,98.4,0,1,1,evening,1
2026-05-17 17:53:51,chrome,com.android.chrome,utility,hot,89,91,62,background,98.3,0,1,1,evening,1
2026-05-17 18:01:46,google_maps,com.google.android.apps.maps,utility,hot,284,296,251,background,98.1,0,0,1,evening,1
2026-05-17 18:08:13,amazon,com.amazon.mShop.android.shopping,commerce,hot,297,313,230,background,98.1,0,0,1,evening,1
2026-05-17 18:25:07,phonepe,com.phonepe.app,financial,hot,228,228,164,background,98.0,0,0,1,evening,1
2026-05-17 20:07:18,paytm,net.one97.paytm,financial,hot,212,221,175,foreground,97.9,0,0,1,evening,1
2026-05-17 20:09:29,samsung_health,com.sec.android.app.shealth,health,hot,268,278,211,foreground,97.9,0,0,1,evening,1
2026-05-17 20:16:34,instagram,com.instagram.android,social,hot,273,290,212,background,97.8,0,0,1,evening,1
2026-05-17 20:39:49,whatsapp,com.whatsapp,social,hot,206,230,197,background,97.7,0,0,1,evening,1
2026-05-17 20:51:27,youtube,com.google.android.youtube,media,hot,469,502,364,background,97.5,0,0,1,evening,1
2026-05-17 20:52:26,spotify,com.spotify.music,media,hot,286,296,213,foreground,97.4,0,0,1,evening,1
2026-05-17 20:57:15,netflix,com.netflix.mediaclient,media,hot,501,503,424,foreground,97.3,0,0,1,evening,1
2026-05-17 21:53:44,gmail,com.google.android.gm,productivity,hot,85,85,56,foreground,97.2,0,0,1,evening,1
2026-05-17 22:27:42,slack,com.Slack,productivity,hot,324,347,237,foreground,97.1,0,0,1,night,1
2026-05-17 22:29:29,chrome,com.android.chrome,utility,hot,104,111,67,foreground,97.0,0,0,1,night,1
2026-05-17 22:39:10,google_maps,com.google.android.apps.maps,utility,hot,239,251,215,background,96.9,0,0,1,night,1
2026-05-17 23:24:59,amazon,com.amazon.mShop.android.shopping,commerce,hot,210,210,169,background,97.5,1,0,1,night,1
2026-05-17 23:43:49,phonepe,com.phonepe.app,financial,hot,122,128,116,foreground,98.1,1,1,1,night,1
2026-05-18 00:12:03,paytm,net.one97.paytm,financial,hot,290,290,232,foreground,98.6,1,0,1,night,0
2026-05-18 00:39:55,samsung_health,com.sec.android.app.shealth,health,hot,242,260,190,foreground,99.1,1,0,1,night,0
2026-05-18 00:42:34,instagram,com.instagram.android,social,hot,285,285,226,background,99.7,1,0,1,night,0
2026-05-18 01:00:13,whatsapp,com.whatsapp,social,hot,153,162,140,background,100,1,0,1,night,0
2026-05-18 01:22:33,youtube,com.google.android.youtube,media,hot,375,404,313,background,100,1,0,1,night,0
2026-05-18 01:34:42,spotify,com.spotify.music,media,hot,282,291,230,background,100,1,0,1,night,0
2026-05-18 01:56:37,netflix,com.netflix.mediaclient,media,hot,336,358,269,background,100,1,0,1,night,0
2026-05-18 02:02:42,gmail,com.google.android.gm,productivity,hot,181,181,159,background,100,1,0,1,night,0
2026-05-18 02:15:17,slack,com.Slack,productivity,hot,407,414,331,background,100,1,0,1,night,0
2026-05-18 03:21:17,chrome,com.android.chrome,utility,hot,148,157,134,foreground,100,1,0,1,night,0
2026-05-18 03:28:19,google_maps,com.google.android.apps.maps,utility,hot,275,276,193,foreground,100,1,0,1,night,0
2026-05-18 03:59:29,amazon,com.amazon.mShop.android.shopping,commerce,hot,252,252,224,foreground,100,1,0,1,night,0
2026-05-18 04:47:23,phonepe,com.phonepe.app,financial,hot,170,186,147,foreground,100,1,0,1,night,0
2026-05-18 05:11:50,paytm,net.one97.paytm,financial,hot,265,267,235,foreground,100,1,0,1,morning,0
2026-05-18 05:13:02,samsung_health,com.sec.android.app.shealth,health,hot,214,221,161,background,100,1,0,1,morning,0
2026-05-18 05:13:38,instagram,com.instagram.android,social,hot,277,299,218,foreground,100,1,0,1,morning,0
2026-05-18 05:29:41,whatsapp,com.whatsapp,social,hot,226,237,157,foreground,100,1,0,1,morning,0
2026-05-18 05:52:49,youtube,com.google.android.youtube,media,hot,409,435,382,foreground,100,1,0,1,morning,0
2026-05-18 06:07:25,spotify,com.spotify.music,media,hot,252,252,207,background,100,1,0,1,morning,0
2026-05-18 06:24:31,netflix,com.netflix.mediaclient,media,hot,540,554,460,background,100,1,0,1,morning,0
2026-05-18 07:11:20,gmail,com.google.android.gm,productivity,hot,127,127,92,background,99.9,0,1,1,morning,0
2026-05-18 07:23:59,slack,com.Slack,productivity,hot,316,334,263,foreground,99.8,0,0,1,morning,0
2026-05-18 09:14:01,chrome,com.android.chrome,utility,hot,100,101,87,background,99.7,0,0,1,morning,0
2026-05-18 09:16:51,google_maps,com.google.android.apps.maps,utility,hot,233,244,195,background,99.7,0,0,1,morning,0
2026-05-18 09:55:20,amazon,com.amazon.mShop.android.shopping,commerce,hot,242,249,219,background,99.6,0,1,1,morning,0
2026-05-18 10:02:30,phonepe,com.phonepe.app,financial,hot,238,241,190,foreground,99.5,0,0,1,morning,0
2026-05-18 11:09:51,paytm,net.one97.paytm,financial,hot,231,235,195,background,99.4,0,0,1,morning,0
2026-05-18 11:21:59,samsung_health,com.sec.android.app.shealth,health,hot,147,156,141,background,99.3,0,0,1,morning,0
2026-05-18 11:25:28,instagram,com.instagram.android,social,hot,354,371,301,foreground,99.1,0,0,1,morning,0
2026-05-18 12:05:54,whatsapp,com.whatsapp,social,hot,202,211,184,foreground,99.0,0,0,1,afternoon,0
2026-05-18 12:08:18,youtube,com.google.android.youtube,media,hot,523,555,457,background,98.9,0,0,1,afternoon,0
2026-05-18 12:37:17,spotify,com.spotify.music,media,hot,228,243,185,foreground,98.7,0,0,1,afternoon,0
2026-05-18 12:38:28,netflix,com.netflix.mediaclient,media,hot,472,472,389,background,98.6,0,0,1,afternoon,0
2026-05-18 12:53:02,gmail,com.google.android.gm,productivity,hot,170,170,128,foreground,98.6,0,0,1,afternoon,0
2026-05-18 13:22:24,slack,com.Slack,productivity,hot,298,310,274,background,98.4,0,0,1,afternoon,0
2026-05-18 13:24:37,chrome,com.android.chrome,utility,hot,135,141,124,foreground,98.4,0,0,1,afternoon,0
2026-05-18 14:27:44,google_maps,com.google.android.apps.maps,utility,hot,253,253,242,foreground,98.3,0,0,1,afternoon,0
2026-05-18 14:46:37,amazon,com.amazon.mShop.android.shopping,commerce,hot,263,270,214,background,98.1,0,0,1,afternoon,0
2026-05-18 14:58:13,phonepe,com.phonepe.app,financial,hot,148,154,111,background,98.0,0,0,1,afternoon,0
2026-05-18 15:42:01,paytm,net.one97.paytm,financial,hot,201,220,184,background,97.9,0,0,1,afternoon,0
2026-05-18 16:07:44,samsung_health,com.sec.android.app.shealth,health,hot,253,267,209,background,97.8,0,0,1,afternoon,0
2026-05-18 16:58:49,instagram,com.instagram.android,social,hot,262,274,240,foreground,97.7,0,0,1,afternoon,0
2026-05-18 17:03:43,whatsapp,com.whatsapp,social,hot,214,214,168,foreground,97.6,0,1,1,evening,0
2026-05-18 17:14:27,youtube,com.google.android.youtube,media,hot,274,288,246,foreground,97.5,0,0,1,evening,0
2026-05-18 17:44:05,spotify,com.spotify.music,media,hot,345,345,297,foreground,97.4,0,0,1,evening,0
2026-05-18 18:08:24,netflix,com.netflix.mediaclient,media,hot,457,457,349,background,97.3,0,0,1,evening,0
2026-05-18 18:53:33,gmail,com.google.android.gm,productivity,hot,216,217,176,background,97.2,0,0,1,evening,0
2026-05-18 20:15:53,slack,com.Slack,productivity,hot,296,305,250,background,97.2,0,0,1,evening,0
2026-05-18 20:25:39,chrome,com.android.chrome,utility,hot,105,108,91,foreground,97.1,0,0,1,evening,0
2026-05-18 20:38:29,google_maps,com.google.android.apps.maps,utility,hot,218,234,174,foreground,97.0,0,1,1,evening,0
2026-05-18 20:48:47,amazon,com.amazon.mShop.android.shopping,commerce,hot,123,128,115,background,96.9,0,0,1,evening,0
2026-05-18 20:57:07,phonepe,com.phonepe.app,financial,hot,216,223,167,foreground,96.8,0,0,1,evening,0
2026-05-18 21:23:57,paytm,net.one97.paytm,financial,hot,260,263,237,foreground,96.8,0,0,1,evening,0
2026-05-18 21:52:38,samsung_health,com.sec.android.app.shealth,health,hot,302,313,271,foreground,96.6,0,1,1,evening,0
2026-05-18 22:09:09,instagram,com.instagram.android,social,hot,356,356,283,background,96.5,0,0,1,night,0
2026-05-18 22:23:17,whatsapp,com.whatsapp,social,hot,145,145,109,foreground,96.4,0,0,1,night,0
2026-05-18 22:28:29,youtube,com.google.android.youtube,media,hot,297,298,260,foreground,96.2,0,1,1,night,0
2026-05-18 22:59:02,spotify,com.spotify.music,media,hot,224,228,181,foreground,96.1,0,0,1,night,0
2026-05-18 23:32:52,netflix,com.netflix.mediaclient,media,hot,524,544,485,background,96.7,1,0,1,night,0
2026-05-18 23:56:31,gmail,com.google.android.gm,productivity,hot,131,132,85,background,97.2,1,1,1,night,0
2026-05-18 23:59:18,slack,com.Slack,productivity,hot,449,462,386,background,97.7,1,1,1,night,0
2026-05-19 00:10:44,chrome,com.android.chrome,utility,hot,129,139,98,background,98.3,1,0,1,night,0
2026-05-19 00:27:31,google_maps,com.google.android.apps.maps,utility,hot,289,315,248,foreground,98.9,1,0,1,night,0
2026-05-19 00:31:46,amazon,com.amazon.mShop.android.shopping,commerce,hot,237,237,221,background,99.7,1,0,1,night,0
2026-05-19 00:58:32,phonepe,com.phonepe.app,financial,hot,180,183,171,background,100,1,0,1,night,0
2026-05-19 01:26:14,paytm,net.one97.paytm,financial,hot,242,243,203,background,100,1,0,1,night,0
2026-05-19 01:42:17,samsung_health,com.sec.android.app.shealth,health,hot,224,236,184,background,100,1,0,1,night,0
2026-05-19 02:33:10,instagram,com.instagram.android,social,hot,300,330,244,background,100,1,0,1,night,0
2026-05-19 02:43:10,whatsapp,com.whatsapp,social,hot,192,199,183,background,100,1,0,1,night,0
2026-05-19 02:53:25,youtube,com.google.android.youtube,media,hot,374,374,294,foreground,100,1,0,1,night,0
2026-05-19 03:03:16,spotify,com.spotify.music,media,hot,175,187,168,foreground,100,1,0,1,night,0
2026-05-19 03:12:55,netflix,com.netflix.mediaclient,media,hot,598,629,508,foreground,100,1,0,1,night,0
2026-05-19 04:43:46,gmail,com.google.android.gm,productivity,hot,191,211,147,foreground,100,1,0,1,night,0
2026-05-19 04:56:40,slack,com.Slack,productivity,hot,400,409,368,background,100,1,0,1,night,0
2026-05-19 05:01:24,chrome,com.android.chrome,utility,hot,75,82,69,foreground,100,1,0,1,morning,0
2026-05-19 05:20:10,google_maps,com.google.android.apps.maps,utility,hot,241,258,199,background,100,1,0,1,morning,0
2026-05-19 06:16:13,amazon,com.amazon.mShop.android.shopping,commerce,hot,197,197,172,background,100,1,0,1,morning,0
2026-05-19 06:52:48,phonepe,com.phonepe.app,financial,hot,130,130,117,background,100,1,0,1,morning,0
2026-05-19 07:30:25,paytm,net.one97.paytm,financial,hot,238,251,224,background,99.9,0,0,1,morning,0
2026-05-19 07:52:36,samsung_health,com.sec.android.app.shealth,health,hot,216,232,145,foreground,99.7,0,0,1,morning,0
2026-05-19 08:06:03,instagram,com.instagram.android,social,hot,287,314,242,background,99.6,0,0,1,morning,0
2026-05-19 08:09:06,whatsapp,com.whatsapp,social,hot,132,132,115,background,99.6,0,0,1,morning,0
2026-05-19 08:09:46,youtube,com.google.android.youtube,media,hot,464,480,411,foreground,99.5,0,0,1,morning,0
2026-05-19 08:10:18,spotify,com.spotify.music,media,hot,240,257,220,background,99.4,0,0,1,morning,0
2026-05-19 08:38:58,netflix,com.netflix.mediaclient,media,hot,402,407,357,foreground,99.3,0,0,1,morning,0
2026-05-19 08:45:50,gmail,com.google.android.gm,productivity,hot,156,158,148,foreground,99.3,0,0,1,morning,0
2026-05-19 08:50:00,slack,com.Slack,productivity,hot,361,362,328,background,99.2,0,1,1,morning,0
2026-05-19 09:08:49,chrome,com.android.chrome,utility,hot,80,89,66,background,99.1,0,0,1,morning,0
2026-05-19 09:09:34,google_maps,com.google.android.apps.maps,utility,hot,380,391,303,foreground,99.0,0,0,1,morning,0
2026-05-19 09:31:53,amazon,com.amazon.mShop.android.shopping,commerce,hot,223,231,191,foreground,98.9,0,0,1,morning,0
2026-05-19 11:59:22,phonepe,com.phonepe.app,financial,hot,179,192,143,foreground,98.8,0,0,1,morning,0
2026-05-19 12:02:07,paytm,net.one97.paytm,financial,hot,190,190,153,foreground,98.7,0,0,1,afternoon,0
2026-05-19 13:01:42,samsung_health,com.sec.android.app.shealth,health,hot,215,230,144,foreground,98.6,0,0,1,afternoon,0
2026-05-19 13:05:18,instagram,com.instagram.android,social,hot,365,373,287,foreground,98.5,0,0,1,afternoon,0
2026-05-19 13:17:27,whatsapp,com.whatsapp,social,hot,171,184,158,background,98.4,0,0,1,afternoon,0
2026-05-19 13:56:10,youtube,com.google.android.youtube,media,hot,458,470,407,background,98.2,0,0,1,afternoon,0
2026-05-19 14:13:05,spotify,com.spotify.music,media,hot,375,389,313,background,98.2,0,0,1,afternoon,0
2026-05-19 14:29:37,netflix,com.netflix.mediaclient,media,hot,557,576,443,foreground,98.1,0,0,1,afternoon,0
2026-05-19 14:50:41,gmail,com.google.android.gm,productivity,hot,161,175,138,foreground,98.0,0,0,1,afternoon,0
2026-05-19 15:02:53,slack,com.Slack,productivity,hot,312,328,227,background,97.9,0,0,1,afternoon,0
2026-05-19 15:12:07,chrome,com.android.chrome,utility,hot,100,105,83,background,97.9,0,0,1,afternoon,0
2026-05-19 15:47:30,google_maps,com.google.android.apps.maps,utility,hot,220,220,185,foreground,97.8,0,0,1,afternoon,0
2026-05-19 15:51:27,amazon,com.amazon.mShop.android.shopping,commerce,hot,264,268,212,background,97.7,0,0,1,afternoon,0
2026-05-19 16:55:36,phonepe,com.phonepe.app,financial,hot,209,218,200,background,97.7,0,0,1,afternoon,0
2026-05-19 17:13:12,paytm,net.one97.paytm,financial,hot,218,242,188,foreground,97.6,0,1,1,evening,0
2026-05-19 17:32:57,samsung_health,com.sec.android.app.shealth,health,hot,178,178,153,background,97.5,0,0,1,evening,0
2026-05-19 18:15:09,instagram,com.instagram.android,social,hot,327,327,253,background,97.4,0,0,1,evening,0
2026-05-19 19:22:08,whatsapp,com.whatsapp,social,hot,193,194,157,foreground,97.4,0,1,1,evening,0
2026-05-19 19:31:30,youtube,com.google.android.youtube,media,hot,386,392,354,background,97.3,0,0,1,evening,0
2026-05-19 20:00:26,spotify,com.spotify.music,media,hot,281,309,227,foreground,97.3,0,0,1,evening,0
2026-05-19 20:14:56,netflix,com.netflix.mediaclient,media,hot,446,451,387,background,97.1,0,0,1,evening,0
2026-05-19 20:22:45,gmail,com.google.android.gm,productivity,hot,181,189,147,background,97.0,0,0,1,evening,0
2026-05-19 20:59:49,slack,com.Slack,productivity,hot,402,441,347,foreground,96.9,0,0,1,evening,0
2026-05-19 21:25:21,chrome,com.android.chrome,utility,hot,121,130,93,foreground,96.8,0,0,1,evening,0
2026-05-19 21:47:00,google_maps,com.google.android.apps.maps,utility,hot,269,291,223,background,96.6,0,1,1,evening,0
2026-05-19 21:47:34,amazon,com.amazon.mShop.android.shopping,commerce,hot,327,347,243,background,96.6,0,0,1,evening,0
2026-05-19 21:49:14,phonepe,com.phonepe.app,financial,hot,215,225,197,background,96.4,0,1,1,evening,0
2026-05-19 22:13:41,paytm,net.one97.paytm,financial,hot,185,202,155,background,96.3,0,1,1,night,0
2026-05-19 23:12:07,samsung_health,com.sec.android.app.shealth,health,hot,253,276,212,foreground,97.0,1,0,1,night,0
2026-05-19 23:16:11,instagram,com.instagram.android,social,hot,224,250,161,foreground,97.6,1,1,1,night,0
2026-05-19 23:29:02,whatsapp,com.whatsapp,social,hot,230,251,183,background,98.1,1,1,1,night,0
2026-05-20 00:07:09,youtube,com.google.android.youtube,media,hot,329,334,299,background,98.6,1,0,1,night,0
2026-05-20 00:12:36,spotify,com.spotify.music,media,hot,294,294,259,background,99.1,1,0,1,night,0
2026-05-20 00:20:18,netflix,com.netflix.mediaclient,media,hot,459,459,362,background,99.8,1,0,1,night,0
2026-05-20 00:27:06,gmail,com.google.android.gm,productivity,hot,191,191,150,background,100,1,0,1,night,0
2026-05-20 00:28:22,slack,com.Slack,productivity,hot,276,295,254,foreground,100,1,0,1,night,0
2026-05-20 01:59:45,chrome,com.android.chrome,utility,hot,135,139,118,background,100,1,0,1,night,0
2026-05-20 02:01:27,google_maps,com.google.android.apps.maps,utility,hot,296,309,257,background,100,1,0,1,night,0
2026-05-20 02:15:33,amazon,com.amazon.mShop.android.shopping,commerce,hot,303,319,236,background,100,1,0,1,night,0
2026-05-20 02:55:56,phonepe,com.phonepe.app,financial,hot,169,179,125,background,100,1,0,1,night,0
2026-05-20 03:04:54,paytm,net.one97.paytm,financial,hot,175,177,160,background,100,1,0,1,night,0
2026-05-20 03:27:30,samsung_health,com.sec.android.app.shealth,health,hot,110,110,71,background,100,1,0,1,night,0
2026-05-20 04:03:12,instagram,com.instagram.android,social,hot,195,195,160,foreground,100,1,0,1,night,0
2026-05-20 04:13:58,whatsapp,com.whatsapp,social,hot,223,226,167,foreground,100,1,0,1,night,0
2026-05-20 04:30:24,youtube,com.google.android.youtube,media,hot,301,301,205,background,100,1,0,1,night,0
2026-05-20 04:39:49,spotify,com.spotify.music,media,hot,241,248,185,background,100,1,0,1,night,0
2026-05-20 05:16:29,netflix,com.netflix.mediaclient,media,hot,571,571,467,foreground,100,1,0,1,morning,0
2026-05-20 05:56:34,gmail,com.google.android.gm,productivity,hot,189,195,169,foreground,100,1,0,1,morning,0
2026-05-20 06:09:06,slack,com.Slack,productivity,hot,420,423,343,background,100,1,0,1,morning,0
2026-05-20 06:23:39,chrome,com.android.chrome,utility,hot,128,144,111,foreground,100,1,0,1,morning,0
2026-05-20 06:24:39,google_maps,com.google.android.apps.maps,utility,hot,308,308,269,foreground,100,1,0,1,morning,0
2026-05-20 07:02:04,amazon,com.amazon.mShop.android.shopping,commerce,hot,270,270,199,background,99.9,0,1,1,morning,0
2026-05-20 07:03:33,phonepe,com.phonepe.app,financial,hot,161,163,142,background,99.7,0,0,1,morning,0
2026-05-20 07:08:51,paytm,net.one97.paytm,financial,hot,192,209,162,foreground,99.6,0,0,1,morning,0
2026-05-20 07:14:31,samsung_health,com.sec.android.app.shealth,health,hot,299,324,232,foreground,99.5,0,0,1,morning,0
2026-05-20 08:05:22,instagram,com.instagram.android,social,hot,345,359,268,background,99.5,0,0,1,morning,0
2026-05-20 09:04:04,whatsapp,com.whatsapp,social,hot,223,236,206,foreground,99.4,0,0,1,morning,0
2026-05-20 09:15:35,youtube,com.google.android.youtube,media,hot,483,485,428,background,99.4,0,0,1,morning,0
2026-05-20 09:27:36,spotify,com.spotify.music,media,hot,276,289,236,foreground,99.2,0,0,1,morning,0
2026-05-20 09:46:37,netflix,com.netflix.mediaclient,media,hot,481,483,461,foreground,99.1,0,0,1,morning,0
2026-05-20 09:50:21,gmail,com.google.android.gm,productivity,hot,150,157,129,foreground,99.0,0,0,1,morning,0
2026-05-20 11:11:35,slack,com.Slack,productivity,hot,313,356,273,background,99.0,0,0,1,morning,0
2026-05-20 12:45:42,chrome,com.android.chrome,utility,hot,117,118,87,background,98.9,0,0,1,afternoon,0
2026-05-20 12:50:16,google_maps,com.google.android.apps.maps,utility,hot,392,419,338,background,98.7,0,0,1,afternoon,0
2026-05-20 13:39:38,amazon,com.amazon.mShop.android.shopping,commerce,hot,214,216,205,foreground,98.7,0,0,1,afternoon,0
2026-05-20 13:50:37,phonepe,com.phonepe.app,financial,hot,200,203,192,foreground,98.6,0,0,1,afternoon,0
2026-05-20 14:12:50,paytm,net.one97.paytm,financial,hot,160,160,119,background,98.6,0,0,1,afternoon,0
2026-05-20 14:37:48,samsung_health,com.sec.android.app.shealth,health,hot,208,208,164,foreground,98.5,0,0,1,afternoon,0
2026-05-20 15:23:32,instagram,com.instagram.android,social,hot,257,276,217,background,98.4,0,0,1,afternoon,0
2026-05-20 15:50:19,whatsapp,com.whatsapp,social,hot,251,262,198,background,98.3,0,0,1,afternoon,0
2026-05-20 16:07:43,youtube,com.google.android.youtube,media,hot,363,363,278,foreground,98.2,0,0,1,afternoon,0
2026-05-20 16:11:24,spotify,com.spotify.music,media,hot,292,300,251,background,98.1,0,0,1,afternoon,0
2026-05-20 16:46:09,netflix,com.netflix.mediaclient,media,hot,325,335,300,foreground,98.1,0,0,1,afternoon,0
2026-05-20 16:46:40,gmail,com.google.android.gm,productivity,hot,186,194,148,background,97.9,0,0,1,afternoon,0
2026-05-20 16:53:23,slack,com.Slack,productivity,hot,335,348,287,background,97.8,0,0,1,afternoon,0
2026-05-20 17:25:21,chrome,com.android.chrome,utility,hot,106,106,77,background,97.7,0,0,1,evening,0
2026-05-20 17:29:30,google_maps,com.google.android.apps.maps,utility,hot,325,326,287,foreground,97.6,0,1,1,evening,0
2026-05-20 17:39:27,amazon,com.amazon.mShop.android.shopping,commerce,hot,336,369,286,background,97.5,0,1,1,evening,0
2026-05-20 18:05:37,phonepe,com.phonepe.app,financial,hot,208,208,179,background,97.4,0,0,1,evening,0
2026-05-20 18:25:46,paytm,net.one97.paytm,financial,hot,150,152,131,foreground,97.3,0,0,1,evening,0
2026-05-20 18:36:19,samsung_health,com.sec.android.app.shealth,health,hot,215,231,186,foreground,97.2,0,0,1,evening,0
2026-05-20 18:37:34,instagram,com.instagram.android,social,hot,294,312,271,background,97.1,0,0,1,evening,0
2026-05-20 19:19:58,whatsapp,com.whatsapp,social,hot,224,224,186,foreground,97.0,0,1,1,evening,0
2026-05-20 19:26:31,youtube,com.google.android.youtube,media,hot,290,307,271,background,96.9,0,1,1,evening,0
2026-05-20 19:47:53,spotify,com.spotify.music,media,hot,316,322,265,foreground,96.7,0,0,1,evening,0
2026-05-20 19:48:22,netflix,com.netflix.mediaclient,media,hot,426,452,364,background,96.6,0,0,1,evening,0
2026-05-20 20:06:30,gmail,com.google.android.gm,productivity,hot,193,199,168,background,96.5,0,0,1,evening,0
2026-05-20 20:09:20,slack,com.Slack,productivity,hot,437,437,355,foreground,96.5,0,0,1,evening,0
2026-05-20 20:26:34,chrome,com.android.chrome,utility,hot,63,63,42,foreground,96.4,0,1,1,evening,0
2026-05-20 21:11:29,google_maps,com.google.android.apps.maps,utility,hot,300,316,251,foreground,96.3,0,0,1,evening,0
2026-05-20 21:13:20,amazon,com.amazon.mShop.android.shopping,commerce,hot,197,197,189,background,96.2,0,0,1,evening,0
2026-05-20 22:15:15,phonepe,com.phonepe.app,financial,hot,194,194,174,foreground,96.1,0,1,1,night,0
2026-05-20 22:29:22,paytm,net.one97.paytm,financial,hot,220,225,181,background,96.0,0,1,1,night,0
2026-05-20 23:09:21,samsung_health,com.sec.android.app.shealth,health,hot,251,254,203,foreground,96.6,1,1,1,night,0
2026-05-20 23:31:49,instagram,com.instagram.android,social,hot,305,310,258,background,97.3,1,1,1,night,0
2026-05-21 00:21:49,whatsapp,com.whatsapp,social,hot,201,208,162,background,98.0,1,0,1,night,0
2026-05-21 00:24:03,youtube,com.google.android.youtube,media,hot,337,369,285,background,98.5,1,0,1,night,0
2026-05-21 00:55:33,spotify,com.spotify.music,media,hot,281,295,223,background,99.3,1,0,1,night,0
2026-05-21 01:10:55,netflix,com.netflix.mediaclient,media,hot,438,448,382,foreground,99.8,1,0,1,night,0
2026-05-21 01:26:48,gmail,com.google.android.gm,productivity,hot,157,160,136,background,100,1,0,1,night,0
2026-05-21 01:29:39,slack,com.Slack,productivity,hot,375,394,300,background,100,1,0,1,night,0
2026-05-21 02:36:57,chrome,com.android.chrome,utility,hot,76,85,57,background,100,1,0,1,night,0
2026-05-21 03:08:47,google_maps,com.google.android.apps.maps,utility,hot,310,316,275,background,100,1,0,1,night,0
2026-05-21 03:36:55,amazon,com.amazon.mShop.android.shopping,commerce,hot,251,263,229,background,100,1,0,1,night,0
2026-05-21 04:08:24,phonepe,com.phonepe.app,financial,hot,198,224,158,foreground,100,1,0,1,night,0
2026-05-21 04:11:04,paytm,net.one97.paytm,financial,hot,245,260,201,foreground,100,1,0,1,night,0
2026-05-21 04:41:13,samsung_health,com.sec.android.app.shealth,health,hot,223,223,192,background,100,1,0,1,night,0
2026-05-21 04:41:28,instagram,com.instagram.android,social,hot,195,219,187,foreground,100,1,0,1,night,0
2026-05-21 05:12:13,whatsapp,com.whatsapp,social,hot,213,213,166,background,100,1,0,1,morning,0
2026-05-21 05:18:58,youtube,com.google.android.youtube,media,hot,368,380,312,foreground,100,1,0,1,morning,0
2026-05-21 05:34:11,spotify,com.spotify.music,media,hot,236,238,217,background,100,1,0,1,morning,0
2026-05-21 05:42:29,netflix,com.netflix.mediaclient,media,hot,444,452,334,foreground,100,1,0,1,morning,0
2026-05-21 05:44:27,gmail,com.google.android.gm,productivity,hot,164,168,148,foreground,100,1,0,1,morning,0
2026-05-21 06:03:16,slack,com.Slack,productivity,hot,228,232,212,foreground,100,1,0,1,morning,0
2026-05-21 06:11:08,chrome,com.android.chrome,utility,hot,145,145,120,background,100,1,0,1,morning,0
2026-05-21 06:29:17,google_maps,com.google.android.apps.maps,utility,hot,295,327,201,background,100,1,0,1,morning,0
2026-05-21 06:46:37,amazon,com.amazon.mShop.android.shopping,commerce,hot,390,408,342,background,100,1,0,1,morning,0
2026-05-21 07:36:55,phonepe,com.phonepe.app,financial,hot,201,214,151,background,99.9,0,0,1,morning,0
2026-05-21 07:37:43,paytm,net.one97.paytm,financial,hot,202,217,185,background,99.8,0,0,1,morning,0
2026-05-21 07:50:24,samsung_health,com.sec.android.app.shealth,health,hot,141,141,122,foreground,99.7,0,0,1,morning,0
2026-05-21 07:57:08,instagram,com.instagram.android,social,hot,314,316,277,foreground,99.6,0,0,1,morning,0
2026-05-21 08:00:54,whatsapp,com.whatsapp,social,hot,148,157,115,background,99.5,0,1,1,morning,0
2026-05-21 08:05:50,youtube,com.google.android.youtube,media,hot,444,457,368,foreground,99.4,0,1,1,morning,0
2026-05-21 08:28:39,spotify,com.spotify.music,media,hot,198,198,173,background,99.3,0,1,1,morning,0
2026-05-21 09:52:12,netflix,com.netflix.mediaclient,media,hot,495,520,408,foreground,99.2,0,0,1,morning,0
2026-05-21 10:25:19,gmail,com.google.android.gm,productivity,hot,139,154,97,foreground,99.2,0,0,1,morning,0
2026-05-21 10:40:01,slack,com.Slack,productivity,hot,348,367,310,foreground,99.0,0,0,1,morning,0
2026-05-21 11:16:31,chrome,com.android.chrome,utility,hot,107,114,102,background,98.9,0,0,1,morning,0
2026-05-21 12:23:54,google_maps,com.google.android.apps.maps,utility,hot,299,312,253,foreground,98.8,0,0,1,afternoon,0
2026-05-21 13:30:14,amazon,com.amazon.mShop.android.shopping,commerce,hot,254,261,189,background,98.7,0,0,1,afternoon,0
2026-05-21 13:51:10,phonepe,com.phonepe.app,financial,hot,186,201,139,foreground,98.6,0,0,1,afternoon,0
2026-05-21 14:06:37,paytm,net.one97.paytm,financial,hot,191,207,124,background,98.5,0,0,1,afternoon,0
2026-05-21 14:23:17,samsung_health,com.sec.android.app.shealth,health,hot,294,313,261,foreground,98.4,0,0,1,afternoon,0
2026-05-21 15:04:20,instagram,com.instagram.android,social,hot,313,313,255,background,98.2,0,0,1,afternoon,0
2026-05-21 15:32:20,whatsapp,com.whatsapp,social,hot,230,245,193,foreground,98.1,0,0,1,afternoon,0
2026-05-21 15:37:18,youtube,com.google.android.youtube,media,hot,304,320,260,foreground,98.0,0,0,1,afternoon,0
2026-05-21 15:43:26,spotify,com.spotify.music,media,hot,285,295,223,background,97.9,0,0,1,afternoon,0
2026-05-21 16:01:06,netflix,com.netflix.mediaclient,media,hot,418,424,346,background,97.9,0,0,1,afternoon,0
2026-05-21 16:42:25,gmail,com.google.android.gm,productivity,hot,137,137,109,background,97.7,0,0,1,afternoon,0
2026-05-21 16:45:52,slack,com.Slack,productivity,hot,400,416,341,background,97.6,0,0,1,afternoon,0
2026-05-21 17:12:00,chrome,com.android.chrome,utility,hot,141,146,104,foreground,97.4,0,1,1,evening,0
2026-05-21 17:30:06,google_maps,com.google.android.apps.maps,utility,hot,316,317,263,foreground,97.3,0,0,1,evening,0
2026-05-21 18:28:17,amazon,com.amazon.mShop.android.shopping,commerce,hot,219,219,185,background,97.2,0,0,1,evening,0
2026-05-21 18:53:06,phonepe,com.phonepe.app,financial,hot,173,183,146,foreground,97.1,0,0,1,evening,0
2026-05-21 19:10:00,paytm,net.one97.paytm,financial,hot,242,271,210,foreground,97.1,0,0,1,evening,0
2026-05-21 19:14:54,samsung_health,com.sec.android.app.shealth,health,hot,231,245,210,background,97.0,0,0,1,evening,0
2026-05-21 19:51:31,instagram,com.instagram.android,social,hot,285,295,248,background,96.9,0,1,1,evening,0
2026-05-21 19:58:23,whatsapp,com.whatsapp,social,hot,186,191,143,foreground,96.8,0,1,1,evening,0
2026-05-21 20:26:34,youtube,com.google.android.youtube,media,hot,293,293,242,foreground,96.7,0,0,1,evening,0
2026-05-21 21:08:29,spotify,com.spotify.music,media,hot,241,264,201,background,96.6,0,1,1,evening,0
2026-05-21 21:09:41,netflix,com.netflix.mediaclient,media,hot,505,505,413,foreground,96.6,0,0,1,evening,0
2026-05-21 21:24:01,gmail,com.google.android.gm,productivity,hot,201,219,151,background,96.5,0,0,1,evening,0
2026-05-21 22:01:33,slack,com.Slack,productivity,hot,303,332,252,foreground,96.4,0,0,1,night,0
2026-05-21 22:39:36,chrome,com.android.chrome,utility,hot,100,106,88,foreground,96.3,0,0,1,night,0
2026-05-21 22:52:01,google_maps,com.google.android.apps.maps,utility,hot,227,236,196,foreground,96.2,0,1,1,night,0
2026-05-21 23:47:47,amazon,com.amazon.mShop.android.shopping,commerce,hot,319,343,262,foreground,96.9,1,1,1,night,0
2026-05-21 23:55:01,phonepe,com.phonepe.app,financial,hot,191,202,167,foreground,97.6,1,0,1,night,0
2026-05-22 00:21:19,paytm,net.one97.paytm,financial,hot,248,269,173,foreground,98.2,1,0,1,night,0
2026-05-22 00:35:29,samsung_health,com.sec.android.app.shealth,health,hot,210,210,168,background,98.6,1,0,1,night,0
2026-05-22 00:46:21,instagram,com.instagram.android,social,hot,208,231,195,foreground,98.9,1,0,1,night,0
2026-05-22 01:38:45,whatsapp,com.whatsapp,social,hot,175,178,140,foreground,99.7,1,0,1,night,0
2026-05-22 01:57:07,youtube,com.google.android.youtube,media,hot,381,401,309,foreground,100,1,0,1,night,0
2026-05-22 02:18:57,spotify,com.spotify.music,media,hot,269,269,199,background,100,1,0,1,night,0
2026-05-22 02:23:17,netflix,com.netflix.mediaclient,media,hot,563,588,487,foreground,100,1,0,1,night,0
2026-05-22 03:01:21,gmail,com.google.android.gm,productivity,hot,167,168,145,background,100,1,0,1,night,0
2026-05-22 03:02:09,slack,com.Slack,productivity,hot,349,382,267,foreground,100,1,0,1,night,0
2026-05-22 03:48:03,chrome,com.android.chrome,utility,hot,101,104,96,foreground,100,1,0,1,night,0
2026-05-22 04:10:37,google_maps,com.google.android.apps.maps,utility,hot,212,212,186,background,100,1,0,1,night,0
2026-05-22 04:45:19,amazon,com.amazon.mShop.android.shopping,commerce,hot,259,265,217,background,100,1,0,1,night,0
2026-05-22 06:00:22,phonepe,com.phonepe.app,financial,hot,162,175,124,foreground,100,1,0,1,morning,0
2026-05-22 06:35:03,paytm,net.one97.paytm,financial,hot,118,119,100,foreground,100,1,0,1,morning,0
2026-05-22 06:40:30,samsung_health,com.sec.android.app.shealth,health,hot,361,367,300,foreground,100,1,0,1,morning,0
2026-05-22 06:55:08,instagram,com.instagram.android,social,hot,279,305,216,foreground,100,1,0,1,morning,0
2026-05-22 06:55:44,whatsapp,com.whatsapp,social,hot,173,173,142,background,100,1,0,1,morning,0
2026-05-22 06:56:01,youtube,com.google.android.youtube,media,hot,307,307,260,background,100,1,0,1,morning,0
2026-05-22 09:06:03,spotify,com.spotify.music,media,hot,256,263,214,foreground,99.9,0,1,1,morning,0
2026-05-22 09:11:06,netflix,com.netflix.mediaclient,media,hot,523,531,415,foreground,99.8,0,0,1,morning,0
2026-05-22 09:46:58,gmail,com.google.android.gm,productivity,hot,170,187,155,foreground,99.7,0,0,1,morning,0
2026-05-22 10:56:21,slack,com.Slack,productivity,hot,392,404,328,foreground,99.6,0,0,1,morning,0
2026-05-22 11:18:46,chrome,com.android.chrome,utility,hot,96,110,75,background,99.5,0,0,1,morning,0
2026-05-22 11:55:51,google_maps,com.google.android.apps.maps,utility,hot,246,246,203,background,99.4,0,0,1,morning,0
2026-05-22 12:10:44,amazon,com.amazon.mShop.android.shopping,commerce,hot,254,275,243,foreground,99.2,0,0,1,afternoon,0
2026-05-22 12:25:48,phonepe,com.phonepe.app,financial,hot,159,164,124,foreground,99.2,0,0,1,afternoon,0
2026-05-22 12:29:56,paytm,net.one97.paytm,financial,hot,194,208,174,foreground,99.1,0,0,1,afternoon,0
2026-05-22 12:40:12,samsung_health,com.sec.android.app.shealth,health,hot,287,304,250,background,99.0,0,0,1,afternoon,0
2026-05-22 12:40:55,instagram,com.instagram.android,social,hot,245,246,235,foreground,99.0,0,0,1,afternoon,0
2026-05-22 12:47:51,whatsapp,com.whatsapp,social,hot,159,175,139,background,98.9,0,0,1,afternoon,0
2026-05-22 12:50:35,youtube,com.google.android.youtube,media,hot,478,493,385,foreground,98.8,0,0,1,afternoon,0
2026-05-22 12:50:59,spotify,com.spotify.music,media,hot,316,339,240,background,98.6,0,0,1,afternoon,0
2026-05-22 13:31:10,netflix,com.netflix.mediaclient,media,hot,431,465,342,foreground,98.6,0,0,1,afternoon,0
2026-05-22 14:21:14,gmail,com.google.android.gm,productivity,hot,152,155,124,foreground,98.4,0,0,1,afternoon,0
2026-05-22 14:27:29,slack,com.Slack,productivity,hot,361,379,321,foreground,98.4,0,0,1,afternoon,0
2026-05-22 14:32:55,chrome,com.android.chrome,utility,hot,129,131,117,foreground,98.3,0,0,1,afternoon,0
2026-05-22 14:35:19,google_maps,com.google.android.apps.maps,utility,hot,338,357,265,foreground,98.2,0,0,1,afternoon,0
2026-05-22 14:59:52,amazon,com.amazon.mShop.android.shopping,commerce,hot,244,253,219,background,98.2,0,0,1,afternoon,0
2026-05-22 15:14:31,phonepe,com.phonepe.app,financial,hot,169,169,142,foreground,98.0,0,0,1,afternoon,0
2026-05-22 17:01:48,paytm,net.one97.paytm,financial,hot,179,188,127,foreground,97.9,0,0,1,evening,0
2026-05-22 18:38:42,samsung_health,com.sec.android.app.shealth,health,hot,288,291,234,background,97.8,0,0,1,evening,0
2026-05-22 19:43:43,instagram,com.instagram.android,social,hot,313,331,230,foreground,97.7,0,0,1,evening,0
2026-05-22 19:55:03,whatsapp,com.whatsapp,social,hot,127,143,101,foreground,97.6,0,0,1,evening,0
2026-05-22 20:03:48,youtube,com.google.android.youtube,media,hot,377,422,295,foreground,97.5,0,1,1,evening,0
2026-05-22 20:18:12,spotify,com.spotify.music,media,hot,331,345,293,background,97.4,0,0,1,evening,0
2026-05-22 20:34:25,netflix,com.netflix.mediaclient,media,hot,482,493,408,foreground,97.4,0,0,1,evening,0
2026-05-22 21:31:33,gmail,com.google.android.gm,productivity,hot,84,85,64,foreground,97.3,0,1,1,evening,0
2026-05-22 21:36:32,slack,com.Slack,productivity,hot,231,238,177,foreground,97.1,0,0,1,evening,0
2026-05-22 21:41:14,chrome,com.android.chrome,utility,hot,93,93,83,background,97.1,0,0,1,evening,0
2026-05-22 21:51:02,google_maps,com.google.android.apps.maps,utility,hot,261,294,210,foreground,97.0,0,1,1,evening,0
2026-05-22 21:55:49,amazon,com.amazon.mShop.android.shopping,commerce,hot,260,282,233,foreground,96.9,0,0,1,evening,0
2026-05-22 23:06:21,phonepe,com.phonepe.app,financial,hot,160,160,115,foreground,97.3,1,0,1,night,0
2026-05-23 00:16:27,paytm,net.one97.paytm,financial,hot,183,200,164,foreground,97.8,1,0,1,night,1
2026-05-23 00:41:44,samsung_health,com.sec.android.app.shealth,health,hot,276,288,244,background,98.6,1,0,1,night,1
2026-05-23 01:19:28,instagram,com.instagram.android,social,hot,334,334,273,foreground,99.1,1,0,1,night,1
2026-05-23 01:47:59,whatsapp,com.whatsapp,social,hot,83,95,53,background,99.8,1,0,1,night,1
2026-05-23 02:00:26,youtube,com.google.android.youtube,media,hot,480,497,401,foreground,100,1,0,1,night,1
2026-05-23 02:21:57,spotify,com.spotify.music,media,hot,254,277,197,background,100,1,0,1,night,1
2026-05-23 02:24:43,netflix,com.netflix.mediaclient,media,hot,415,435,336,foreground,100,1,0,1,night,1
2026-05-23 03:00:27,gmail,com.google.android.gm,productivity,hot,185,196,149,foreground,100,1,0,1,night,1
2026-05-23 03:09:34,slack,com.Slack,productivity,hot,436,461,349,foreground,100,1,0,1,night,1
2026-05-23 04:04:22,chrome,com.android.chrome,utility,hot,137,139,131,foreground,100,1,0,1,night,1
2026-05-23 04:24:38,google_maps,com.google.android.apps.maps,utility,hot,262,265,223,foreground,100,1,0,1,night,1
2026-05-23 05:21:09,amazon,com.amazon.mShop.android.shopping,commerce,hot,225,233,184,background,100,1,0,1,morning,1
2026-05-23 06:34:39,phonepe,com.phonepe.app,financial,hot,199,199,177,foreground,100,1,0,1,morning,1
2026-05-23 06:38:28,paytm,net.one97.paytm,financial,hot,204,221,161,foreground,100,1,0,1,morning,1
2026-05-23 06:47:42,samsung_health,com.sec.android.app.shealth,health,hot,262,272,199,background,100,1,0,1,morning,1
2026-05-23 06:56:47,instagram,com.instagram.android,social,hot,404,426,355,foreground,100,1,0,1,morning,1
2026-05-23 07:10:15,whatsapp,com.whatsapp,social,hot,190,197,162,background,99.9,0,1,1,morning,1
2026-05-23 09:13:32,youtube,com.google.android.youtube,media,hot,374,403,285,foreground,99.8,0,0,1,morning,1
2026-05-23 10:14:50,spotify,com.spotify.music,media,hot,278,293,249,background,99.6,0,0,1,morning,1
2026-05-23 11:36:01,netflix,com.netflix.mediaclient,media,hot,574,613,475,foreground,99.5,0,0,1,morning,1
2026-05-23 11:53:21,gmail,com.google.android.gm,productivity,hot,84,84,79,background,99.5,0,0,1,morning,1
2026-05-23 12:42:13,slack,com.Slack,productivity,hot,377,394,333,foreground,99.4,0,0,1,afternoon,1
2026-05-23 13:08:58,chrome,com.android.chrome,utility,hot,120,124,107,foreground,99.3,0,0,1,afternoon,1
2026-05-23 13:51:14,google_maps,com.google.android.apps.maps,utility,hot,287,287,275,background,99.2,0,0,1,afternoon,1
2026-05-23 13:56:34,amazon,com.amazon.mShop.android.shopping,commerce,hot,234,251,170,background,99.1,0,0,1,afternoon,1
2026-05-23 14:00:50,phonepe,com.phonepe.app,financial,hot,199,201,170,foreground,99.0,0,0,1,afternoon,1
2026-05-23 15:32:39,paytm,net.one97.paytm,financial,hot,169,174,127,background,98.9,0,0,1,afternoon,1
2026-05-23 16:19:58,samsung_health,com.sec.android.app.shealth,health,hot,221,238,190,foreground,98.8,0,0,1,afternoon,1
2026-05-23 16:37:59,instagram,com.instagram.android,social,hot,301,309,260,background,98.7,0,0,1,afternoon,1
2026-05-23 17:26:56,whatsapp,com.whatsapp,social,hot,184,190,139,foreground,98.5,0,1,1,evening,1
2026-05-23 17:41:00,youtube,com.google.android.youtube,media,hot,337,369,262,background,98.5,0,0,1,evening,1
2026-05-23 18:07:13,spotify,com.spotify.music,media,hot,237,250,199,foreground,98.3,0,0,1,evening,1
2026-05-23 18:47:45,netflix,com.netflix.mediaclient,media,hot,507,507,435,foreground,98.2,0,1,1,evening,1
2026-05-23 19:27:08,gmail,com.google.android.gm,productivity,hot,163,164,122,background,98.2,0,0,1,evening,1
2026-05-23 20:18:37,slack,com.Slack,productivity,hot,383,413,308,background,98.0,0,1,1,evening,1
2026-05-23 20:26:01,chrome,com.android.chrome,utility,hot,120,123,110,background,97.9,0,0,1,evening,1
2026-05-23 21:02:55,google_maps,com.google.android.apps.maps,utility,hot,304,330,218,foreground,97.8,0,0,1,evening,1
2026-05-23 21:37:49,amazon,com.amazon.mShop.android.shopping,commerce,hot,342,352,280,background,97.7,0,0,1,evening,1
2026-05-23 21:47:42,phonepe,com.phonepe.app,financial,hot,214,220,162,background,97.7,0,1,1,evening,1
2026-05-23 22:52:36,paytm,net.one97.paytm,financial,hot,135,149,87,foreground,97.5,0,1,1,night,1
2026-05-24 00:03:13,samsung_health,com.sec.android.app.shealth,health,hot,276,305,245,background,98.0,1,0,1,night,1
2026-05-24 00:04:31,instagram,com.instagram.android,social,hot,362,379,271,foreground,98.4,1,0,1,night,1
2026-05-24 01:00:19,whatsapp,com.whatsapp,social,hot,154,154,143,background,98.8,1,0,1,night,1
2026-05-24 01:12:44,youtube,com.google.android.youtube,media,hot,376,394,292,background,99.5,1,0,1,night,1
2026-05-24 01:24:07,spotify,com.spotify.music,media,hot,331,335,300,background,100,1,0,1,night,1
2026-05-24 02:36:27,netflix,com.netflix.mediaclient,media,hot,521,521,418,foreground,100,1,0,1,night,1
2026-05-24 02:46:24,gmail,com.google.android.gm,productivity,hot,96,98,78,foreground,100,1,0,1,night,1
2026-05-24 04:20:13,slack,com.Slack,productivity,hot,312,345,278,background,100,1,0,1,night,1
2026-05-24 04:25:56,chrome,com.android.chrome,utility,hot,119,120,110,foreground,100,1,0,1,night,1
2026-05-24 04:34:42,google_maps,com.google.android.apps.maps,utility,hot,356,380,294,background,100,1,0,1,night,1
2026-05-24 05:00:06,amazon,com.amazon.mShop.android.shopping,commerce,hot,295,295,264,foreground,100,1,0,1,morning,1
2026-05-24 05:02:13,phonepe,com.phonepe.app,financial,hot,242,256,202,background,100,1,0,1,morning,1
2026-05-24 05:11:52,paytm,net.one97.paytm,financial,hot,142,142,93,foreground,100,1,0,1,morning,1
2026-05-24 05:32:19,samsung_health,com.sec.android.app.shealth,health,hot,243,256,220,foreground,100,1,0,1,morning,1
2026-05-24 05:33:22,instagram,com.instagram.android,social,hot,286,300,253,foreground,100,1,0,1,morning,1
2026-05-24 05:35:52,whatsapp,com.whatsapp,social,hot,201,208,166,background,100,1,0,1,morning,1
2026-05-24 06:05:59,youtube,com.google.android.youtube,media,hot,323,340,310,background,100,1,0,1,morning,1
2026-05-24 06:16:13,spotify,com.spotify.music,media,hot,278,279,230,foreground,100,1,0,1,morning,1
2026-05-24 06:28:14,netflix,com.netflix.mediaclient,media,hot,574,582,442,background,100,1,0,1,morning,1
2026-05-24 06:48:32,gmail,com.google.android.gm,productivity,hot,127,127,98,foreground,100,1,0,1,morning,1
2026-05-24 06:52:24,slack,com.Slack,productivity,hot,312,341,243,background,100,1,0,1,morning,1
2026-05-24 07:26:27,chrome,com.android.chrome,utility,hot,143,152,131,foreground,100.0,0,0,1,morning,1
2026-05-24 07:47:39,google_maps,com.google.android.apps.maps,utility,hot,287,296,216,background,99.9,0,1,1,morning,1
2026-05-24 08:17:16,amazon,com.amazon.mShop.android.shopping,commerce,hot,337,341,283,foreground,99.7,0,1,1,morning,1
2026-05-24 08:24:41,phonepe,com.phonepe.app,financial,hot,176,184,150,background,99.6,0,1,1,morning,1
2026-05-24 09:28:04,paytm,net.one97.paytm,financial,hot,142,146,130,foreground,99.5,0,1,1,morning,1
2026-05-24 09:42:49,samsung_health,com.sec.android.app.shealth,health,hot,186,191,171,foreground,99.4,0,0,1,morning,1
2026-05-24 09:50:42,instagram,com.instagram.android,social,hot,246,250,173,background,99.2,0,0,1,morning,1
2026-05-24 09:54:48,whatsapp,com.whatsapp,social,hot,119,119,113,foreground,99.1,0,1,1,morning,1
2026-05-24 10:06:16,youtube,com.google.android.youtube,media,hot,557,571,495,background,99.0,0,0,1,morning,1
2026-05-24 10:29:36,spotify,com.spotify.music,media,hot,241,247,219,background,98.9,0,0,1,morning,1
2026-05-24 10:54:15,netflix,com.netflix.mediaclient,media,hot,490,503,400,background,98.9,0,0,1,morning,1
2026-05-24 11:19:03,gmail,com.google.android.gm,productivity,hot,180,201,155,foreground,98.8,0,0,1,morning,1
2026-05-24 11:44:36,slack,com.Slack,productivity,hot,388,401,350,foreground,98.6,0,0,1,morning,1
2026-05-24 12:01:59,chrome,com.android.chrome,utility,hot,100,109,94,background,98.5,0,0,1,afternoon,1
2026-05-24 12:02:15,google_maps,com.google.android.apps.maps,utility,hot,309,309,275,foreground,98.4,0,0,1,afternoon,1
2026-05-24 12:13:21,amazon,com.amazon.mShop.android.shopping,commerce,hot,364,385,274,foreground,98.3,0,0,1,afternoon,1
2026-05-24 12:14:08,phonepe,com.phonepe.app,financial,hot,141,148,93,foreground,98.3,0,0,1,afternoon,1
2026-05-24 12:33:11,paytm,net.one97.paytm,financial,hot,246,265,205,foreground,98.2,0,0,1,afternoon,1
2026-05-24 13:05:24,samsung_health,com.sec.android.app.shealth,health,hot,222,228,182,foreground,98.1,0,0,1,afternoon,1
2026-05-24 13:11:58,instagram,com.instagram.android,social,hot,402,430,381,foreground,98.1,0,0,1,afternoon,1
2026-05-24 15:03:20,whatsapp,com.whatsapp,social,hot,180,180,144,background,98.0,0,0,1,afternoon,1
2026-05-24 15:38:19,youtube,com.google.android.youtube,media,hot,376,382,297,background,97.9,0,0,1,afternoon,1
2026-05-24 16:11:55,spotify,com.spotify.music,media,hot,342,360,271,foreground,97.8,0,0,1,afternoon,1
2026-05-24 16:25:32,netflix,com.netflix.mediaclient,media,hot,595,620,467,background,97.7,0,0,1,afternoon,1
2026-05-24 16:43:58,gmail,com.google.android.gm,productivity,hot,159,172,138,background,97.6,0,0,1,afternoon,1
2026-05-24 17:09:55,slack,com.Slack,productivity,hot,264,268,223,background,97.5,0,0,1,evening,1
2026-05-24 17:27:18,chrome,com.android.chrome,utility,hot,110,112,105,background,97.4,0,0,1,evening,1
2026-05-24 18:09:17,google_maps,com.google.android.apps.maps,utility,hot,329,336,297,background,97.3,0,1,1,evening,1
2026-05-24 18:17:54,amazon,com.amazon.mShop.android.shopping,commerce,hot,241,249,196,foreground,97.2,0,0,1,evening,1
2026-05-24 18:25:08,phonepe,com.phonepe.app,financial,hot,227,227,186,foreground,97.1,0,0,1,evening,1
2026-05-24 18:32:35,paytm,net.one97.paytm,financial,hot,189,201,150,background,97.0,0,0,1,evening,1
2026-05-24 18:57:47,samsung_health,com.sec.android.app.shealth,health,hot,295,317,245,background,96.9,0,0,1,evening,1
2026-05-24 18:58:40,instagram,com.instagram.android,social,hot,339,339,297,foreground,96.8,0,0,1,evening,1
2026-05-24 19:01:50,whatsapp,com.whatsapp,social,hot,225,239,200,foreground,96.7,0,1,1,evening,1
2026-05-24 19:12:21,youtube,com.google.android.youtube,media,hot,349,380,297,foreground,96.5,0,0,1,evening,1
2026-05-24 19:16:12,spotify,com.spotify.music,media,hot,218,226,199,foreground,96.4,0,0,1,evening,1
2026-05-24 19:29:14,netflix,com.netflix.mediaclient,media,hot,385,395,282,foreground,96.2,0,1,1,evening,1
2026-05-24 19:35:55,gmail,com.google.android.gm,productivity,hot,159,167,136,foreground,96.2,0,1,1,evening,1
2026-05-24 20:57:27,slack,com.Slack,productivity,hot,325,344,251,foreground,96.1,0,0,1,evening,1
2026-05-24 21:11:14,chrome,com.android.chrome,utility,hot,142,152,113,foreground,96.0,0,1,1,evening,1
2026-05-24 21:13:53,google_maps,com.google.android.apps.maps,utility,hot,366,373,317,foreground,95.8,0,0,1,evening,1
2026-05-24 21:23:32,amazon,com.amazon.mShop.android.shopping,commerce,hot,326,326,266,background,95.7,0,1,1,evening,1
2026-05-24 21:39:48,phonepe,com.phonepe.app,financial,hot,235,254,187,background,95.6,0,0,1,evening,1
2026-05-24 22:03:47,paytm,net.one97.paytm,financial,hot,210,213,190,foreground,95.4,0,1,1,night,1
2026-05-24 22:04:59,samsung_health,com.sec.android.app.shealth,health,hot,237,251,211,foreground,95.3,0,0,1,night,1
2026-05-24 22:16:24,instagram,com.instagram.android,social,hot,295,306,242,foreground,95.2,0,0,1,night,1
2026-05-24 23:16:49,whatsapp,com.whatsapp,social,hot,198,214,179,foreground,95.6,1,0,1,night,1
2026-05-25 00:40:55,youtube,com.google.android.youtube,media,hot,434,444,371,background,96.3,1,0,1,night,0
2026-05-25 01:05:45,spotify,com.spotify.music,media,hot,255,255,211,foreground,96.7,1,0,1,night,0
2026-05-25 01:07:23,netflix,com.netflix.mediaclient,media,hot,431,433,320,background,97.0,1,0,1,night,0
2026-05-25 02:22:38,gmail,com.google.android.gm,productivity,hot,113,114,86,foreground,97.4,1,0,1,night,0
2026-05-25 02:39:13,slack,com.Slack,productivity,hot,314,314,272,background,97.9,1,0,1,night,0
2026-05-25 02:47:24,chrome,com.android.chrome,utility,hot,127,131,109,foreground,98.7,1,0,1,night,0
2026-05-25 03:02:36,google_maps,com.google.android.apps.maps,utility,hot,300,309,263,background,99.5,1,0,1,night,0
2026-05-25 03:08:34,amazon,com.amazon.mShop.android.shopping,commerce,hot,269,273,223,foreground,99.8,1,0,1,night,0
2026-05-25 04:24:38,phonepe,com.phonepe.app,financial,hot,140,140,116,background,100,1,0,1,night,0
2026-05-25 05:27:46,paytm,net.one97.paytm,financial,hot,247,256,205,background,100,1,0,1,morning,0
2026-05-25 06:51:35,samsung_health,com.sec.android.app.shealth,health,hot,208,224,198,foreground,100,1,0,1,morning,0
2026-05-25 07:11:51,instagram,com.instagram.android,social,hot,226,234,186,foreground,99.8,0,0,1,morning,0
2026-05-25 07:45:41,whatsapp,com.whatsapp,social,hot,166,168,142,background,99.7,0,0,1,morning,0
2026-05-25 08:45:38,youtube,com.google.android.youtube,media,hot,391,401,367,foreground,99.6,0,0,1,morning,0
2026-05-25 09:29:38,spotify,com.spotify.music,media,hot,304,310,245,foreground,99.5,0,0,1,morning,0
2026-05-25 09:35:04,netflix,com.netflix.mediaclient,media,hot,523,561,456,foreground,99.4,0,1,1,morning,0
2026-05-25 10:21:32,gmail,com.google.android.gm,productivity,hot,188,195,166,background,99.3,0,0,1,morning,0
2026-05-25 11:24:46,slack,com.Slack,productivity,hot,454,476,353,foreground,99.2,0,0,1,morning,0
2026-05-25 11:31:30,chrome,com.android.chrome,utility,hot,120,121,99,foreground,99.1,0,0,1,morning,0
2026-05-25 11:49:05,google_maps,com.google.android.apps.maps,utility,hot,245,257,199,background,99.0,0,0,1,morning,0
2026-05-25 12:00:50,amazon,com.amazon.mShop.android.shopping,commerce,hot,283,287,200,foreground,98.8,0,0,1,afternoon,0
2026-05-25 12:28:08,phonepe,com.phonepe.app,financial,hot,186,186,155,foreground,98.8,0,0,1,afternoon,0
2026-05-25 12:55:27,paytm,net.one97.paytm,financial,hot,196,212,186,foreground,98.7,0,0,1,afternoon,0
2026-05-25 13:31:59,samsung_health,com.sec.android.app.shealth,health,hot,201,209,162,foreground,98.6,0,0,1,afternoon,0
2026-05-25 13:40:49,instagram,com.instagram.android,social,hot,377,402,330,foreground,98.5,0,0,1,afternoon,0
2026-05-25 13:47:28,whatsapp,com.whatsapp,social,hot,179,179,124,foreground,98.4,0,0,1,afternoon,0
2026-05-25 14:19:35,youtube,com.google.android.youtube,media,hot,446,470,384,background,98.3,0,0,1,afternoon,0
2026-05-25 14:21:17,spotify,com.spotify.music,media,hot,260,266,231,foreground,98.3,0,0,1,afternoon,0
2026-05-25 14:52:50,netflix,com.netflix.mediaclient,media,hot,578,597,472,foreground,98.2,0,0,1,afternoon,0
2026-05-25 15:47:24,gmail,com.google.android.gm,productivity,hot,151,167,127,background,98.1,0,0,1,afternoon,0
2026-05-25 15:57:46,slack,com.Slack,productivity,hot,338,344,266,background,98.0,0,0,1,afternoon,0
2026-05-25 16:10:56,chrome,com.android.chrome,utility,hot,63,70,40,foreground,97.9,0,0,1,afternoon,0
2026-05-25 16:30:38,google_maps,com.google.android.apps.maps,utility,hot,240,261,166,background,97.8,0,0,1,afternoon,0
2026-05-25 16:45:18,amazon,com.amazon.mShop.android.shopping,commerce,hot,205,206,171,background,97.8,0,0,1,afternoon,0
2026-05-25 17:24:27,phonepe,com.phonepe.app,financial,hot,187,198,159,background,97.7,0,1,1,evening,0
2026-05-25 18:32:23,paytm,net.one97.paytm,financial,hot,263,263,234,foreground,97.7,0,0,1,evening,0
2026-05-25 19:04:24,samsung_health,com.sec.android.app.shealth,health,hot,332,340,271,foreground,97.5,0,1,1,evening,0
2026-05-25 19:12:16,instagram,com.instagram.android,social,hot,302,317,272,foreground,97.5,0,0,1,evening,0
2026-05-25 19:13:08,whatsapp,com.whatsapp,social,hot,140,141,116,foreground,97.4,0,0,1,evening,0
2026-05-25 19:19:29,youtube,com.google.android.youtube,media,hot,402,420,319,background,97.3,0,0,1,evening,0
2026-05-25 19:29:47,spotify,com.spotify.music,media,hot,195,210,135,foreground,97.3,0,1,1,evening,0
2026-05-25 19:35:18,netflix,com.netflix.mediaclient,media,hot,448,448,419,foreground,97.2,0,1,1,evening,0
2026-05-25 20:06:51,gmail,com.google.android.gm,productivity,hot,105,116,92,foreground,97.1,0,1,1,evening,0
2026-05-25 20:23:35,slack,com.Slack,productivity,hot,301,344,259,foreground,97.0,0,0,1,evening,0
2026-05-25 20:25:57,chrome,com.android.chrome,utility,hot,118,124,106,background,96.9,0,0,1,evening,0
2026-05-25 20:35:58,google_maps,com.google.android.apps.maps,utility,hot,263,265,206,foreground,96.8,0,1,1,evening,0
2026-05-25 21:01:19,amazon,com.amazon.mShop.android.shopping,commerce,hot,205,222,178,foreground,96.7,0,1,1,evening,0
2026-05-25 21:32:27,phonepe,com.phonepe.app,financial,hot,289,289,274,foreground,96.6,0,0,1,evening,0
2026-05-25 21:36:09,paytm,net.one97.paytm,financial,hot,214,223,205,foreground,96.5,0,0,1,evening,0
2026-05-25 21:39:02,samsung_health,com.sec.android.app.shealth,health,hot,264,264,227,background,96.3,0,1,1,evening,0
2026-05-25 23:06:09,instagram,com.instagram.android,social,hot,293,334,234,background,97.1,1,0,1,night,0
2026-05-25 23:39:02,whatsapp,com.whatsapp,social,hot,255,268,213,background,97.8,1,0,1,night,0
2026-05-25 23:40:14,youtube,com.google.android.youtube,media,hot,391,402,318,background,98.5,1,0,1,night,0
2026-05-26 00:05:14,spotify,com.spotify.music,media,hot,296,296,236,background,98.9,1,0,1,night,0
2026-05-26 00:42:05,netflix,com.netflix.mediaclient,media,hot,630,651,487,foreground,99.6,1,0,1,night,0
2026-05-26 00:46:41,gmail,com.google.android.gm,productivity,hot,236,237,196,background,100,1,0,1,night,0
2026-05-26 00:53:01,slack,com.Slack,productivity,hot,340,357,290,background,100,1,0,1,night,0
2026-05-26 00:54:05,chrome,com.android.chrome,utility,hot,144,144,137,foreground,100,1,0,1,night,0
2026-05-26 00:56:09,google_maps,com.google.android.apps.maps,utility,hot,335,355,287,background,100,1,0,1,night,0
2026-05-26 01:16:04,amazon,com.amazon.mShop.android.shopping,commerce,hot,321,347,255,foreground,100,1,0,1,night,0
2026-05-26 01:29:17,phonepe,com.phonepe.app,financial,hot,184,203,159,background,100,1,0,1,night,0
2026-05-26 01:38:03,paytm,net.one97.paytm,financial,hot,241,262,188,foreground,100,1,0,1,night,0
2026-05-26 02:23:16,samsung_health,com.sec.android.app.shealth,health,hot,286,290,231,foreground,100,1,0,1,night,0
2026-05-26 02:24:22,instagram,com.instagram.android,social,hot,277,294,239,background,100,1,0,1,night,0
2026-05-26 02:47:33,whatsapp,com.whatsapp,social,hot,118,118,100,background,100,1,0,1,night,0
2026-05-26 02:58:50,youtube,com.google.android.youtube,media,hot,381,381,313,background,100,1,0,1,night,0
2026-05-26 04:39:11,spotify,com.spotify.music,media,hot,268,274,233,background,100,1,0,1,night,0
2026-05-26 05:13:47,netflix,com.netflix.mediaclient,media,hot,484,493,388,foreground,100,1,0,1,morning,0
2026-05-26 05:46:29,gmail,com.google.android.gm,productivity,hot,165,165,137,foreground,100,1,0,1,morning,0
2026-05-26 05:50:31,slack,com.Slack,productivity,hot,344,361,279,background,100,1,0,1,morning,0
2026-05-26 06:17:55,chrome,com.android.chrome,utility,hot,95,105,78,background,100,1,0,1,morning,0
2026-05-26 06:45:24,google_maps,com.google.android.apps.maps,utility,hot,305,332,274,foreground,100,1,0,1,morning,0
2026-05-26 07:18:19,amazon,com.amazon.mShop.android.shopping,commerce,hot,237,258,199,foreground,99.9,0,0,1,morning,0
2026-05-26 07:53:10,phonepe,com.phonepe.app,financial,hot,214,231,197,foreground,99.8,0,0,1,morning,0
2026-05-26 08:34:52,paytm,net.one97.paytm,financial,hot,222,222,193,foreground,99.7,0,0,1,morning,0
2026-05-26 08:36:50,samsung_health,com.sec.android.app.shealth,health,hot,210,210,201,foreground,99.7,0,0,1,morning,0
2026-05-26 08:59:22,instagram,com.instagram.android,social,hot,251,251,209,background,99.6,0,0,1,morning,0
2026-05-26 09:34:57,whatsapp,com.whatsapp,social,hot,230,239,206,foreground,99.5,0,0,1,morning,0
2026-05-26 10:19:31,youtube,com.google.android.youtube,media,hot,455,464,414,foreground,99.4,0,0,1,morning,0
2026-05-26 10:30:14,spotify,com.spotify.music,media,hot,147,159,141,foreground,99.3,0,0,1,morning,0
2026-05-26 10:49:07,netflix,com.netflix.mediaclient,media,hot,336,351,299,foreground,99.3,0,0,1,morning,0
2026-05-26 11:00:09,gmail,com.google.android.gm,productivity,hot,221,230,187,foreground,99.2,0,0,1,morning,0
2026-05-26 11:19:06,slack,com.Slack,productivity,hot,414,426,377,foreground,99.1,0,0,1,morning,0
2026-05-26 12:19:14,chrome,com.android.chrome,utility,hot,102,115,86,background,99.0,0,0,1,afternoon,0
2026-05-26 12:37:12,google_maps,com.google.android.apps.maps,utility,hot,349,382,298,background,98.9,0,0,1,afternoon,0
2026-05-26 12:38:33,amazon,com.amazon.mShop.android.shopping,commerce,hot,294,294,219,background,98.8,0,0,1,afternoon,0
2026-05-26 12:45:39,phonepe,com.phonepe.app,financial,hot,152,152,118,background,98.7,0,0,1,afternoon,0
2026-05-26 14:30:14,paytm,net.one97.paytm,financial,hot,234,241,222,background,98.6,0,0,1,afternoon,0
2026-05-26 14:49:02,samsung_health,com.sec.android.app.shealth,health,hot,178,178,153,background,98.6,0,0,1,afternoon,0
2026-05-26 14:52:15,instagram,com.instagram.android,social,hot,363,377,273,background,98.5,0,0,1,afternoon,0
2026-05-26 15:14:49,whatsapp,com.whatsapp,social,hot,138,152,132,foreground,98.3,0,0,1,afternoon,0
2026-05-26 16:24:51,youtube,com.google.android.youtube,media,hot,299,315,257,background,98.2,0,0,1,afternoon,0
2026-05-26 17:27:56,spotify,com.spotify.music,media,hot,225,234,216,background,98.1,0,0,1,evening,0
2026-05-26 17:37:10,netflix,com.netflix.mediaclient,media,hot,427,445,401,background,97.9,0,1,1,evening,0
2026-05-26 17:38:40,gmail,com.google.android.gm,productivity,hot,115,120,106,foreground,97.8,0,1,1,evening,0
2026-05-26 18:10:16,slack,com.Slack,productivity,hot,363,378,306,background,97.7,0,0,1,evening,0
2026-05-26 18:30:15,chrome,com.android.chrome,utility,hot,131,138,99,foreground,97.6,0,0,1,evening,0
2026-05-26 18:36:24,google_maps,com.google.android.apps.maps,utility,hot,271,299,224,background,97.6,0,0,1,evening,0
2026-05-26 18:46:38,amazon,com.amazon.mShop.android.shopping,commerce,hot,323,323,265,foreground,97.5,0,0,1,evening,0
2026-05-26 18:49:22,phonepe,com.phonepe.app,financial,hot,194,207,142,background,97.4,0,0,1,evening,0
2026-05-26 19:39:36,paytm,net.one97.paytm,financial,hot,177,177,123,foreground,97.3,0,1,1,evening,0
2026-05-26 19:45:41,samsung_health,com.sec.android.app.shealth,health,hot,237,237,209,foreground,97.2,0,0,1,evening,0
2026-05-26 19:47:11,instagram,com.instagram.android,social,hot,244,251,204,foreground,97.1,0,1,1,evening,0
2026-05-26 20:29:18,whatsapp,com.whatsapp,social,hot,108,116,74,background,97.0,0,0,1,evening,0
2026-05-26 20:35:45,youtube,com.google.android.youtube,media,hot,392,446,343,background,96.9,0,1,1,evening,0
2026-05-26 20:51:20,spotify,com.spotify.music,media,hot,280,299,252,foreground,96.8,0,1,1,evening,0
2026-05-26 20:58:11,netflix,com.netflix.mediaclient,media,hot,455,461,360,background,96.7,0,1,1,evening,0
2026-05-26 22:54:13,gmail,com.google.android.gm,productivity,hot,94,98,87,background,96.7,0,0,1,night,0
2026-05-26 23:18:05,slack,com.Slack,productivity,hot,457,467,421,foreground,97.5,1,1,1,night,0
2026-05-27 00:36:22,chrome,com.android.chrome,utility,hot,129,129,96,background,97.9,1,0,1,night,0
2026-05-27 00:44:50,google_maps,com.google.android.apps.maps,utility,hot,313,328,270,background,98.5,1,0,1,night,0
2026-05-27 01:18:40,amazon,com.amazon.mShop.android.shopping,commerce,hot,416,441,335,background,99.0,1,0,1,night,0
2026-05-27 01:20:51,phonepe,com.phonepe.app,financial,hot,193,197,157,foreground,99.6,1,0,1,night,0
2026-05-27 02:21:41,paytm,net.one97.paytm,financial,hot,211,217,173,foreground,100,1,0,1,night,0
2026-05-27 02:31:31,samsung_health,com.sec.android.app.shealth,health,hot,203,216,182,foreground,100,1,0,1,night,0
2026-05-27 02:42:44,instagram,com.instagram.android,social,hot,193,198,185,background,100,1,0,1,night,0
2026-05-27 02:51:17,whatsapp,com.whatsapp,social,hot,95,95,75,foreground,100,1,0,1,night,0
2026-05-27 03:29:15,youtube,com.google.android.youtube,media,hot,439,459,359,foreground,100,1,0,1,night,0
2026-05-27 03:29:30,spotify,com.spotify.music,media,hot,352,369,295,background,100,1,0,1,night,0
2026-05-27 03:56:19,netflix,com.netflix.mediaclient,media,hot,552,562,466,background,100,1,0,1,night,0
2026-05-27 03:58:21,gmail,com.google.android.gm,productivity,hot,125,128,120,foreground,100,1,0,1,night,0
2026-05-27 04:48:06,slack,com.Slack,productivity,hot,256,273,228,foreground,100,1,0,1,night,0
2026-05-27 05:20:03,chrome,com.android.chrome,utility,hot,77,77,65,background,100,1,0,1,morning,0
2026-05-27 05:32:39,google_maps,com.google.android.apps.maps,utility,hot,297,310,258,foreground,100,1,0,1,morning,0
2026-05-27 05:33:48,amazon,com.amazon.mShop.android.shopping,commerce,hot,288,296,215,foreground,100,1,0,1,morning,0
2026-05-27 06:32:36,phonepe,com.phonepe.app,financial,hot,138,150,114,foreground,100,1,0,1,morning,0
2026-05-27 07:15:13,paytm,net.one97.paytm,financial,hot,255,255,220,background,99.9,0,1,1,morning,0
2026-05-27 07:35:59,samsung_health,com.sec.android.app.shealth,health,hot,201,208,143,background,99.8,0,0,1,morning,0
2026-05-27 07:54:22,instagram,com.instagram.android,social,hot,322,352,287,foreground,99.6,0,0,1,morning,0
2026-05-27 08:37:03,whatsapp,com.whatsapp,social,hot,209,219,181,background,99.5,0,1,1,morning,0
2026-05-27 09:13:42,youtube,com.google.android.youtube,media,hot,416,435,326,foreground,99.3,0,0,1,morning,0
2026-05-27 09:17:16,spotify,com.spotify.music,media,hot,217,217,193,background,99.3,0,0,1,morning,0
2026-05-27 10:05:55,netflix,com.netflix.mediaclient,media,hot,446,457,383,foreground,99.1,0,0,1,morning,0
2026-05-27 10:41:50,gmail,com.google.android.gm,productivity,hot,153,162,137,foreground,99.0,0,0,1,morning,0
2026-05-27 10:55:43,slack,com.Slack,productivity,hot,344,358,283,foreground,98.9,0,0,1,morning,0
2026-05-27 11:10:55,chrome,com.android.chrome,utility,hot,68,69,61,background,98.8,0,0,1,morning,0
2026-05-27 11:11:06,google_maps,com.google.android.apps.maps,utility,hot,313,324,270,background,98.7,0,0,1,morning,0
2026-05-27 11:13:35,amazon,com.amazon.mShop.android.shopping,commerce,hot,341,363,285,background,98.6,0,0,1,morning,0
2026-05-27 12:45:37,phonepe,com.phonepe.app,financial,hot,146,151,126,background,98.4,0,0,1,afternoon,0
2026-05-27 13:13:09,paytm,net.one97.paytm,financial,hot,182,195,174,foreground,98.3,0,0,1,afternoon,0
2026-05-27 13:36:49,samsung_health,com.sec.android.app.shealth,health,hot,216,240,186,background,98.2,0,0,1,afternoon,0
2026-05-27 13:42:04,instagram,com.instagram.android,social,hot,387,388,304,background,98.1,0,0,1,afternoon,0
2026-05-27 13:59:40,whatsapp,com.whatsapp,social,hot,174,174,158,background,98.0,0,0,1,afternoon,0
2026-05-27 14:14:03,youtube,com.google.android.youtube,media,hot,340,347,304,foreground,97.9,0,0,1,afternoon,0
2026-05-27 14:19:57,spotify,com.spotify.music,media,hot,298,310,255,background,97.8,0,0,1,afternoon,0
2026-05-27 14:28:52,netflix,com.netflix.mediaclient,media,hot,459,503,383,foreground,97.7,0,0,1,afternoon,0
2026-05-27 14:56:23,gmail,com.google.android.gm,productivity,hot,114,114,87,foreground,97.6,0,0,1,afternoon,0
2026-05-27 15:17:26,slack,com.Slack,productivity,hot,365,383,311,foreground,97.4,0,0,1,afternoon,0
2026-05-27 15:18:04,chrome,com.android.chrome,utility,hot,127,127,98,background,97.3,0,0,1,afternoon,0
2026-05-27 15:51:55,google_maps,com.google.android.apps.maps,utility,hot,251,251,188,foreground,97.2,0,0,1,afternoon,0
2026-05-27 16:15:45,amazon,com.amazon.mShop.android.shopping,commerce,hot,189,189,134,background,97.1,0,0,1,afternoon,0
2026-05-27 16:57:43,phonepe,com.phonepe.app,financial,hot,149,157,125,foreground,97.0,0,0,1,afternoon,0
2026-05-27 17:46:43,paytm,net.one97.paytm,financial,hot,232,232,197,foreground,96.9,0,1,1,evening,0
2026-05-27 18:22:32,samsung_health,com.sec.android.app.shealth,health,hot,244,244,193,background,96.8,0,1,1,evening,0
2026-05-27 18:43:47,instagram,com.instagram.android,social,hot,301,327,260,foreground,96.7,0,0,1,evening,0
2026-05-27 18:58:09,whatsapp,com.whatsapp,social,hot,204,217,156,background,96.7,0,1,1,evening,0
2026-05-27 19:26:12,youtube,com.google.android.youtube,media,hot,377,390,315,foreground,96.5,0,0,1,evening,0
2026-05-27 19:55:23,spotify,com.spotify.music,media,hot,247,267,209,background,96.4,0,1,1,evening,0
2026-05-27 20:24:37,netflix,com.netflix.mediaclient,media,hot,551,551,493,foreground,96.3,0,1,1,evening,0
2026-05-27 20:27:28,gmail,com.google.android.gm,productivity,hot,151,151,144,background,96.2,0,0,1,evening,0
2026-05-27 20:30:28,slack,com.Slack,productivity,hot,237,250,176,background,96.1,0,0,1,evening,0
2026-05-27 20:44:27,chrome,com.android.chrome,utility,hot,90,95,83,foreground,96.0,0,0,1,evening,0
2026-05-27 21:05:36,google_maps,com.google.android.apps.maps,utility,hot,191,191,155,background,95.9,0,1,1,evening,0
2026-05-27 21:10:36,amazon,com.amazon.mShop.android.shopping,commerce,hot,336,343,282,background,95.9,0,0,1,evening,0
2026-05-27 21:15:02,phonepe,com.phonepe.app,financial,hot,129,139,113,background,95.8,0,1,1,evening,0
2026-05-27 21:56:45,paytm,net.one97.paytm,financial,hot,121,136,97,foreground,95.6,0,0,1,evening,0
2026-05-27 22:23:01,samsung_health,com.sec.android.app.shealth,health,hot,158,164,113,background,95.6,0,1,1,night,0
2026-05-27 22:29:51,instagram,com.instagram.android,social,hot,315,349,221,foreground,95.4,0,0,1,night,0
2026-05-27 22:31:48,whatsapp,com.whatsapp,social,hot,219,234,193,foreground,95.3,0,1,1,night,0
2026-05-27 22:58:38,youtube,com.google.android.youtube,media,hot,486,492,391,foreground,95.3,0,0,1,night,0
2026-05-27 23:08:08,spotify,com.spotify.music,media,hot,139,139,133,background,96.0,1,1,1,night,0
2026-05-27 23:19:35,netflix,com.netflix.mediaclient,media,hot,426,440,371,foreground,96.7,1,1,1,night,0
2026-05-27 23:20:41,gmail,com.google.android.gm,productivity,hot,146,160,121,foreground,97.1,1,0,1,night,0
2026-05-27 23:48:09,slack,com.Slack,productivity,hot,271,299,223,foreground,97.4,1,0,1,night,0
2026-05-28 00:13:13,chrome,com.android.chrome,utility,hot,143,155,119,foreground,97.9,1,0,1,night,0
2026-05-28 00:44:51,google_maps,com.google.android.apps.maps,utility,hot,222,242,213,foreground,98.8,1,0,1,night,0
2026-05-28 00:48:13,amazon,com.amazon.mShop.android.shopping,commerce,hot,206,221,166,background,99.3,1,0,1,night,0
2026-05-28 01:05:57,phonepe,com.phonepe.app,financial,hot,127,128,107,foreground,100,1,0,1,night,0
2026-05-28 01:07:21,paytm,net.one97.paytm,financial,hot,201,214,192,foreground,100,1,0,1,night,0
2026-05-28 02:52:27,samsung_health,com.sec.android.app.shealth,health,hot,289,325,239,background,100,1,0,1,night,0
2026-05-28 03:12:05,instagram,com.instagram.android,social,hot,317,317,253,background,100,1,0,1,night,0
2026-05-28 03:16:43,whatsapp,com.whatsapp,social,hot,193,198,153,foreground,100,1,0,1,night,0
2026-05-28 04:40:58,youtube,com.google.android.youtube,media,hot,345,345,323,background,100,1,0,1,night,0
2026-05-28 04:45:26,spotify,com.spotify.music,media,hot,247,264,200,foreground,100,1,0,1,night,0
2026-05-28 04:52:52,netflix,com.netflix.mediaclient,media,hot,244,246,172,background,100,1,0,1,night,0
2026-05-28 04:59:23,gmail,com.google.android.gm,productivity,hot,104,104,84,foreground,100,1,0,1,night,0
2026-05-28 05:14:06,slack,com.Slack,productivity,hot,318,335,297,background,100,1,0,1,morning,0
2026-05-28 06:18:00,chrome,com.android.chrome,utility,hot,122,127,108,foreground,100,1,0,1,morning,0
2026-05-28 07:22:40,google_maps,com.google.android.apps.maps,utility,hot,362,394,316,foreground,99.9,0,1,1,morning,0
2026-05-28 07:54:04,amazon,com.amazon.mShop.android.shopping,commerce,hot,355,366,291,background,99.9,0,0,1,morning,0
2026-05-28 08:41:32,phonepe,com.phonepe.app,financial,hot,277,285,224,background,99.8,0,0,1,morning,0
2026-05-28 10:12:50,paytm,net.one97.paytm,financial,hot,229,234,205,background,99.7,0,0,1,morning,0
2026-05-28 11:01:19,samsung_health,com.sec.android.app.shealth,health,hot,285,303,232,foreground,99.6,0,0,1,morning,0
2026-05-28 11:11:54,instagram,com.instagram.android,social,hot,397,422,307,background,99.5,0,0,1,morning,0
2026-05-28 11:23:31,whatsapp,com.whatsapp,social,hot,204,223,169,background,99.5,0,0,1,morning,0
2026-05-28 12:45:10,youtube,com.google.android.youtube,media,hot,312,318,253,foreground,99.3,0,0,1,afternoon,0
2026-05-28 14:04:12,spotify,com.spotify.music,media,hot,266,289,231,background,99.3,0,0,1,afternoon,0
2026-05-28 15:48:01,netflix,com.netflix.mediaclient,media,hot,662,665,527,foreground,99.2,0,0,1,afternoon,0
2026-05-28 16:19:34,gmail,com.google.android.gm,productivity,hot,154,154,111,foreground,99.0,0,0,1,afternoon,0
2026-05-28 16:47:38,slack,com.Slack,productivity,hot,310,322,275,background,99.0,0,0,1,afternoon,0
2026-05-28 16:50:13,chrome,com.android.chrome,utility,hot,71,73,60,foreground,98.9,0,0,1,afternoon,0
2026-05-28 16:58:55,google_maps,com.google.android.apps.maps,utility,hot,329,355,296,background,98.8,0,0,1,afternoon,0
2026-05-28 17:47:57,amazon,com.amazon.mShop.android.shopping,commerce,hot,296,317,242,background,98.7,0,0,1,evening,0
2026-05-28 17:48:28,phonepe,com.phonepe.app,financial,hot,176,187,135,foreground,98.6,0,0,1,evening,0
2026-05-28 17:59:22,paytm,net.one97.paytm,financial,hot,198,205,133,foreground,98.5,0,1,1,evening,0
2026-05-28 18:12:21,samsung_health,com.sec.android.app.shealth,health,hot,236,259,190,background,98.5,0,1,1,evening,0
2026-05-28 19:25:49,instagram,com.instagram.android,social,hot,289,292,220,background,98.4,0,0,1,evening,0
2026-05-28 19:46:27,whatsapp,com.whatsapp,social,hot,236,251,219,foreground,98.3,0,0,1,evening,0
2026-05-28 20:07:16,youtube,com.google.android.youtube,media,hot,477,516,413,foreground,98.2,0,0,1,evening,0
2026-05-28 20:28:41,spotify,com.spotify.music,media,hot,239,247,209,foreground,98.1,0,0,1,evening,0
2026-05-28 20:40:17,netflix,com.netflix.mediaclient,media,hot,472,482,439,foreground,98.0,0,1,1,evening,0
2026-05-28 21:04:36,gmail,com.google.android.gm,productivity,hot,183,191,154,background,98.0,0,1,1,evening,0
2026-05-28 21:07:24,slack,com.Slack,productivity,hot,352,352,319,foreground,97.9,0,1,1,evening,0
2026-05-28 21:29:56,chrome,com.android.chrome,utility,hot,56,64,42,foreground,97.7,0,1,1,evening,0
2026-05-28 22:05:02,google_maps,com.google.android.apps.maps,utility,hot,211,233,137,background,97.6,0,1,1,night,0
2026-05-28 23:12:16,amazon,com.amazon.mShop.android.shopping,commerce,hot,252,257,191,foreground,98.0,1,0,1,night,0
2026-05-28 23:36:20,phonepe,com.phonepe.app,financial,hot,211,224,187,background,98.7,1,0,1,night,0
2026-05-29 01:05:03,paytm,net.one97.paytm,financial,hot,185,203,141,background,99.3,1,0,1,night,0
2026-05-29 01:35:59,samsung_health,com.sec.android.app.shealth,health,hot,202,210,172,background,100,1,0,1,night,0
2026-05-29 03:01:59,instagram,com.instagram.android,social,hot,287,296,240,foreground,100,1,0,1,night,0
2026-05-29 03:15:17,whatsapp,com.whatsapp,social,hot,236,236,211,background,100,1,0,1,night,0
2026-05-29 04:41:57,youtube,com.google.android.youtube,media,hot,438,458,392,background,100,1,0,1,night,0
2026-05-29 04:45:27,spotify,com.spotify.music,media,hot,229,237,174,background,100,1,0,1,night,0
2026-05-29 04:58:56,netflix,com.netflix.mediaclient,media,hot,354,368,328,background,100,1,0,1,night,0
2026-05-29 05:10:22,gmail,com.google.android.gm,productivity,hot,136,136,130,foreground,100,1,0,1,morning,0
2026-05-29 05:24:52,slack,com.Slack,productivity,hot,378,420,333,foreground,100,1,0,1,morning,0
2026-05-29 05:52:29,chrome,com.android.chrome,utility,hot,92,96,77,background,100,1,0,1,morning,0
2026-05-29 06:01:19,google_maps,com.google.android.apps.maps,utility,hot,292,302,250,background,100,1,0,1,morning,0
2026-05-29 06:22:45,amazon,com.amazon.mShop.android.shopping,commerce,hot,369,397,317,foreground,100,1,0,1,morning,0
2026-05-29 07:15:02,phonepe,com.phonepe.app,financial,hot,137,146,103,foreground,99.9,0,1,1,morning,0
2026-05-29 07:37:13,paytm,net.one97.paytm,financial,hot,204,208,190,background,99.9,0,1,1,morning,0
2026-05-29 07:47:45,samsung_health,com.sec.android.app.shealth,health,hot,273,292,245,background,99.8,0,0,1,morning,0
2026-05-29 08:28:55,instagram,com.instagram.android,social,hot,376,399,318,background,99.7,0,0,1,morning,0
2026-05-29 08:34:24,whatsapp,com.whatsapp,social,hot,163,163,140,foreground,99.5,0,1,1,morning,0
2026-05-29 08:45:05,youtube,com.google.android.youtube,media,hot,381,392,337,background,99.5,0,0,1,morning,0
2026-05-29 08:58:10,spotify,com.spotify.music,media,hot,295,319,238,foreground,99.4,0,0,1,morning,0
2026-05-29 09:45:27,netflix,com.netflix.mediaclient,media,hot,510,531,431,foreground,99.3,0,0,1,morning,0
2026-05-29 10:09:36,gmail,com.google.android.gm,productivity,hot,162,166,149,background,99.2,0,0,1,morning,0
2026-05-29 10:15:13,slack,com.Slack,productivity,hot,280,287,192,background,99.2,0,0,1,morning,0
2026-05-29 10:29:07,chrome,com.android.chrome,utility,hot,88,96,84,background,99.1,0,0,1,morning,0
2026-05-29 10:46:52,google_maps,com.google.android.apps.maps,utility,hot,329,342,286,foreground,99.0,0,0,1,morning,0
2026-05-29 11:24:44,amazon,com.amazon.mShop.android.shopping,commerce,hot,163,174,156,foreground,98.8,0,0,1,morning,0
2026-05-29 12:02:56,phonepe,com.phonepe.app,financial,hot,224,243,177,foreground,98.7,0,0,1,afternoon,0
2026-05-29 12:13:05,paytm,net.one97.paytm,financial,hot,182,190,140,foreground,98.6,0,0,1,afternoon,0
2026-05-29 12:36:10,samsung_health,com.sec.android.app.shealth,health,hot,329,361,280,foreground,98.5,0,0,1,afternoon,0
2026-05-29 12:50:50,instagram,com.instagram.android,social,hot,324,324,295,background,98.4,0,0,1,afternoon,0
2026-05-29 12:51:50,whatsapp,com.whatsapp,social,hot,172,172,157,background,98.3,0,0,1,afternoon,0
2026-05-29 13:11:24,youtube,com.google.android.youtube,media,hot,460,463,391,foreground,98.2,0,0,1,afternoon,0
2026-05-29 13:12:47,spotify,com.spotify.music,media,hot,284,300,226,foreground,98.1,0,0,1,afternoon,0
2026-05-29 13:23:21,netflix,com.netflix.mediaclient,media,hot,406,448,359,background,97.9,0,0,1,afternoon,0
2026-05-29 13:56:38,gmail,com.google.android.gm,productivity,hot,152,152,129,background,97.9,0,0,1,afternoon,0
2026-05-29 14:44:36,slack,com.Slack,productivity,hot,397,427,354,background,97.8,0,0,1,afternoon,0
2026-05-29 14:56:36,chrome,com.android.chrome,utility,hot,117,122,91,background,97.7,0,0,1,afternoon,0
2026-05-29 18:04:34,google_maps,com.google.android.apps.maps,utility,hot,316,326,271,foreground,97.7,0,0,1,evening,0
2026-05-29 18:33:54,amazon,com.amazon.mShop.android.shopping,commerce,hot,255,278,191,foreground,97.6,0,1,1,evening,0
2026-05-29 19:11:17,phonepe,com.phonepe.app,financial,hot,180,188,153,foreground,97.5,0,0,1,evening,0
2026-05-29 19:40:11,paytm,net.one97.paytm,financial,hot,94,103,67,foreground,97.4,0,0,1,evening,0
2026-05-29 19:54:21,samsung_health,com.sec.android.app.shealth,health,hot,173,179,142,foreground,97.3,0,0,1,evening,0
2026-05-29 20:24:11,instagram,com.instagram.android,social,hot,346,362,290,background,97.2,0,0,1,evening,0
2026-05-29 22:10:31,whatsapp,com.whatsapp,social,hot,161,164,131,foreground,97.1,0,0,1,night,0
2026-05-29 22:43:51,youtube,com.google.android.youtube,media,hot,458,486,381,foreground,97.0,0,0,1,night,0
2026-05-29 23:00:17,spotify,com.spotify.music,media,hot,238,247,193,foreground,97.6,1,0,1,night,0
2026-05-29 23:11:24,netflix,com.netflix.mediaclient,media,hot,473,478,365,background,98.5,1,0,1,night,0
2026-05-29 23:18:52,gmail,com.google.android.gm,productivity,hot,128,128,108,background,99.1,1,0,1,night,0
2026-05-29 23:54:53,slack,com.Slack,productivity,hot,400,414,334,foreground,99.6,1,1,1,night,0
2026-05-30 00:56:09,chrome,com.android.chrome,utility,hot,120,121,96,foreground,100,1,0,1,night,1
2026-05-30 00:56:29,google_maps,com.google.android.apps.maps,utility,hot,317,328,284,foreground,100,1,0,1,night,1
2026-05-30 01:09:21,amazon,com.amazon.mShop.android.shopping,commerce,hot,250,274,217,foreground,100,1,0,1,night,1
2026-05-30 01:12:36,phonepe,com.phonepe.app,financial,hot,174,186,148,foreground,100,1,0,1,night,1
2026-05-30 01:13:01,paytm,net.one97.paytm,financial,hot,235,235,205,background,100,1,0,1,night,1
2026-05-30 01:35:53,samsung_health,com.sec.android.app.shealth,health,hot,151,171,143,foreground,100,1,0,1,night,1
2026-05-30 01:58:36,instagram,com.instagram.android,social,hot,304,304,252,foreground,100,1,0,1,night,1
2026-05-30 02:02:06,whatsapp,com.whatsapp,social,hot,152,172,104,foreground,100,1,0,1,night,1
2026-05-30 02:02:15,youtube,com.google.android.youtube,media,hot,375,383,314,foreground,100,1,0,1,night,1
2026-05-30 02:17:29,spotify,com.spotify.music,media,hot,283,283,240,background,100,1,0,1,night,1
2026-05-30 02:20:25,netflix,com.netflix.mediaclient,media,hot,392,398,304,background,100,1,0,1,night,1
2026-05-30 02:25:36,gmail,com.google.android.gm,productivity,hot,185,202,171,foreground,100,1,0,1,night,1
2026-05-30 02:52:44,slack,com.Slack,productivity,hot,289,301,264,foreground,100,1,0,1,night,1
2026-05-30 02:57:07,chrome,com.android.chrome,utility,hot,118,118,90,background,100,1,0,1,night,1
2026-05-30 02:58:38,google_maps,com.google.android.apps.maps,utility,hot,211,211,137,foreground,100,1,0,1,night,1
2026-05-30 03:14:54,amazon,com.amazon.mShop.android.shopping,commerce,hot,302,327,264,foreground,100,1,0,1,night,1
2026-05-30 03:25:09,phonepe,com.phonepe.app,financial,hot,191,196,174,foreground,100,1,0,1,night,1
2026-05-30 04:16:08,paytm,net.one97.paytm,financial,hot,198,198,190,foreground,100,1,0,1,night,1
2026-05-30 04:38:47,samsung_health,com.sec.android.app.shealth,health,hot,226,237,216,background,100,1,0,1,night,1
2026-05-30 04:54:21,instagram,com.instagram.android,social,hot,332,351,256,foreground,100,1,0,1,night,1
2026-05-30 04:57:57,whatsapp,com.whatsapp,social,hot,199,202,155,background,100,1,0,1,night,1
2026-05-30 05:17:33,youtube,com.google.android.youtube,media,hot,448,463,396,background,100,1,0,1,morning,1
2026-05-30 05:37:55,spotify,com.spotify.music,media,hot,249,251,207,foreground,100,1,0,1,morning,1
2026-05-30 06:00:49,netflix,com.netflix.mediaclient,media,hot,521,532,427,background,100,1,0,1,morning,1
2026-05-30 06:26:20,gmail,com.google.android.gm,productivity,hot,118,118,99,foreground,100,1,0,1,morning,1
2026-05-30 07:07:41,slack,com.Slack,productivity,hot,207,207,150,foreground,99.9,0,0,1,morning,1
2026-05-30 07:09:57,chrome,com.android.chrome,utility,hot,80,86,70,background,99.8,0,1,1,morning,1
2026-05-30 07:22:24,google_maps,com.google.android.apps.maps,utility,hot,282,282,244,foreground,99.7,0,1,1,morning,1
2026-05-30 07:32:44,amazon,com.amazon.mShop.android.shopping,commerce,hot,169,184,133,background,99.6,0,0,1,morning,1
2026-05-30 09:04:08,phonepe,com.phonepe.app,financial,hot,177,183,152,foreground,99.4,0,0,1,morning,1
2026-05-30 09:27:27,paytm,net.one97.paytm,financial,hot,190,190,172,background,99.3,0,0,1,morning,1
2026-05-30 11:04:23,samsung_health,com.sec.android.app.shealth,health,hot,341,343,276,background,99.2,0,0,1,morning,1
2026-05-30 11:16:25,instagram,com.instagram.android,social,hot,388,420,330,foreground,99.2,0,0,1,morning,1
2026-05-30 11:17:36,whatsapp,com.whatsapp,social,hot,230,232,184,foreground,99.1,0,0,1,morning,1
2026-05-30 11:33:13,youtube,com.google.android.youtube,media,hot,441,449,359,background,98.9,0,0,1,morning,1
2026-05-30 11:54:30,spotify,com.spotify.music,media,hot,296,317,253,background,98.8,0,0,1,morning,1
2026-05-30 11:55:36,netflix,com.netflix.mediaclient,media,hot,540,548,466,background,98.7,0,0,1,morning,1
2026-05-30 12:24:12,gmail,com.google.android.gm,productivity,hot,200,219,165,foreground,98.6,0,0,1,afternoon,1
2026-05-30 12:49:17,slack,com.Slack,productivity,hot,321,340,265,background,98.5,0,0,1,afternoon,1
2026-05-30 12:55:31,chrome,com.android.chrome,utility,hot,143,143,127,background,98.4,0,0,1,afternoon,1
2026-05-30 13:13:21,google_maps,com.google.android.apps.maps,utility,hot,273,286,222,background,98.3,0,0,1,afternoon,1
2026-05-30 13:37:57,amazon,com.amazon.mShop.android.shopping,commerce,hot,251,286,209,background,98.2,0,0,1,afternoon,1
2026-05-30 14:06:41,phonepe,com.phonepe.app,financial,hot,187,194,164,background,98.1,0,0,1,afternoon,1
2026-05-30 14:38:53,paytm,net.one97.paytm,financial,hot,151,164,109,foreground,98.0,0,0,1,afternoon,1
2026-05-30 14:43:44,samsung_health,com.sec.android.app.shealth,health,hot,197,202,131,foreground,97.9,0,0,1,afternoon,1
2026-05-30 14:53:04,instagram,com.instagram.android,social,hot,295,327,283,background,97.9,0,0,1,afternoon,1
2026-05-30 15:00:43,whatsapp,com.whatsapp,social,hot,197,203,183,background,97.8,0,0,1,afternoon,1
2026-05-30 16:25:21,youtube,com.google.android.youtube,media,hot,392,428,357,background,97.7,0,0,1,afternoon,1
2026-05-30 16:51:13,spotify,com.spotify.music,media,hot,262,277,237,foreground,97.6,0,0,1,afternoon,1
2026-05-30 17:49:41,netflix,com.netflix.mediaclient,media,hot,548,589,484,background,97.6,0,0,1,evening,1
2026-05-30 17:55:28,gmail,com.google.android.gm,productivity,hot,117,117,97,foreground,97.4,0,0,1,evening,1
2026-05-30 19:04:20,slack,com.Slack,productivity,hot,422,463,356,foreground,97.3,0,0,1,evening,1
2026-05-30 19:30:19,chrome,com.android.chrome,utility,hot,94,94,78,background,97.2,0,1,1,evening,1
2026-05-30 20:04:30,google_maps,com.google.android.apps.maps,utility,hot,359,364,309,background,97.0,0,1,1,evening,1
2026-05-30 21:00:47,amazon,com.amazon.mShop.android.shopping,commerce,hot,324,335,295,background,96.9,0,0,1,evening,1
2026-05-30 21:14:12,phonepe,com.phonepe.app,financial,hot,116,133,107,background,96.9,0,0,1,evening,1
2026-05-30 21:39:13,paytm,net.one97.paytm,financial,hot,228,236,169,background,96.8,0,0,1,evening,1
2026-05-30 21:39:50,samsung_health,com.sec.android.app.shealth,health,hot,240,261,196,background,96.6,0,0,1,evening,1
2026-05-30 22:29:19,instagram,com.instagram.android,social,hot,350,355,289,background,96.5,0,0,1,night,1
2026-05-30 23:05:43,whatsapp,com.whatsapp,social,hot,163,172,131,background,97.2,1,1,1,night,1
2026-05-31 00:33:56,youtube,com.google.android.youtube,media,hot,327,356,263,background,97.6,1,0,1,night,1
2026-05-31 00:41:13,spotify,com.spotify.music,media,hot,284,293,251,background,98.0,1,0,1,night,1
2026-05-31 01:23:05,netflix,com.netflix.mediaclient,media,hot,412,412,375,background,98.8,1,0,1,night,1
2026-05-31 01:34:02,gmail,com.google.android.gm,productivity,hot,229,230,186,foreground,99.3,1,0,1,night,1
2026-05-31 01:37:11,slack,com.Slack,productivity,hot,307,318,286,foreground,99.7,1,0,1,night,1
2026-05-31 01:41:31,chrome,com.android.chrome,utility,hot,64,64,44,foreground,100,1,0,1,night,1
2026-05-31 01:52:24,google_maps,com.google.android.apps.maps,utility,hot,284,288,252,foreground,100,1,0,1,night,1
2026-05-31 02:07:21,amazon,com.amazon.mShop.android.shopping,commerce,hot,238,238,189,background,100,1,0,1,night,1
2026-05-31 02:23:48,phonepe,com.phonepe.app,financial,hot,191,203,179,foreground,100,1,0,1,night,1
2026-05-31 02:33:31,paytm,net.one97.paytm,financial,hot,248,260,215,foreground,100,1,0,1,night,1
2026-05-31 02:36:37,samsung_health,com.sec.android.app.shealth,health,hot,200,207,170,background,100,1,0,1,night,1
2026-05-31 04:24:00,instagram,com.instagram.android,social,hot,300,300,228,background,100,1,0,1,night,1
2026-05-31 04:35:00,whatsapp,com.whatsapp,social,hot,241,276,193,background,100,1,0,1,night,1
2026-05-31 04:41:11,youtube,com.google.android.youtube,media,hot,567,573,454,foreground,100,1,0,1,night,1
2026-05-31 05:07:10,spotify,com.spotify.music,media,hot,289,320,213,background,100,1,0,1,morning,1
2026-05-31 05:25:17,netflix,com.netflix.mediaclient,media,hot,497,507,417,background,100,1,0,1,morning,1
2026-05-31 05:30:13,gmail,com.google.android.gm,productivity,hot,166,176,139,foreground,100,1,0,1,morning,1
2026-05-31 05:41:08,slack,com.Slack,productivity,hot,452,463,378,foreground,100,1,0,1,morning,1
2026-05-31 06:51:44,chrome,com.android.chrome,utility,hot,93,102,80,background,100,1,0,1,morning,1
2026-05-31 07:04:01,google_maps,com.google.android.apps.maps,utility,hot,269,270,240,foreground,99.9,0,0,1,morning,1
2026-05-31 07:09:30,amazon,com.amazon.mShop.android.shopping,commerce,hot,301,317,230,foreground,99.8,0,1,1,morning,1
2026-05-31 07:23:10,phonepe,com.phonepe.app,financial,hot,186,196,156,foreground,99.7,0,1,1,morning,1
2026-05-31 07:25:54,paytm,net.one97.paytm,financial,hot,199,221,149,background,99.6,0,0,1,morning,1
2026-05-31 07:38:08,samsung_health,com.sec.android.app.shealth,health,hot,155,175,124,foreground,99.5,0,0,1,morning,1
2026-05-31 07:57:57,instagram,com.instagram.android,social,hot,310,331,239,background,99.4,0,0,1,morning,1
2026-05-31 08:21:36,whatsapp,com.whatsapp,social,hot,177,177,143,foreground,99.3,0,0,1,morning,1
2026-05-31 08:40:26,youtube,com.google.android.youtube,media,hot,350,352,272,foreground,99.2,0,0,1,morning,1
2026-05-31 09:00:33,spotify,com.spotify.music,media,hot,255,262,237,background,99.1,0,0,1,morning,1
2026-05-31 09:17:35,netflix,com.netflix.mediaclient,media,hot,495,521,452,foreground,98.9,0,0,1,morning,1
2026-05-31 09:49:06,gmail,com.google.android.gm,productivity,hot,202,207,180,background,98.8,0,0,1,morning,1
2026-05-31 10:48:52,slack,com.Slack,productivity,hot,356,387,288,foreground,98.7,0,0,1,morning,1
2026-05-31 12:32:35,chrome,com.android.chrome,utility,hot,105,107,82,foreground,98.6,0,0,1,afternoon,1
2026-05-31 12:47:31,google_maps,com.google.android.apps.maps,utility,hot,262,268,216,background,98.5,0,0,1,afternoon,1
2026-05-31 13:05:10,amazon,com.amazon.mShop.android.shopping,commerce,hot,272,292,226,background,98.3,0,0,1,afternoon,1
2026-05-31 13:51:19,phonepe,com.phonepe.app,financial,hot,191,204,183,foreground,98.2,0,0,1,afternoon,1
2026-05-31 13:51:40,paytm,net.one97.paytm,financial,hot,188,189,146,background,98.1,0,0,1,afternoon,1
2026-05-31 14:01:55,samsung_health,com.sec.android.app.shealth,health,hot,191,202,147,background,98.0,0,0,1,afternoon,1
2026-05-31 14:10:48,instagram,com.instagram.android,social,hot,264,269,204,foreground,97.9,0,0,1,afternoon,1
2026-05-31 15:25:37,whatsapp,com.whatsapp,social,hot,156,168,149,background,97.8,0,0,1,afternoon,1
2026-05-31 15:25:59,youtube,com.google.android.youtube,media,hot,331,341,263,background,97.7,0,0,1,afternoon,1
2026-05-31 15:28:05,spotify,com.spotify.music,media,hot,242,261,190,background,97.6,0,0,1,afternoon,1
2026-05-31 17:00:09,netflix,com.netflix.mediaclient,media,hot,614,664,542,foreground,97.5,0,0,1,evening,1
2026-05-31 17:00:10,gmail,com.google.android.gm,productivity,hot,143,146,121,foreground,97.4,0,0,1,evening,1
2026-05-31 17:18:25,slack,com.Slack,productivity,hot,319,334,266,foreground,97.3,0,1,1,evening,1
2026-05-31 17:24:00,chrome,com.android.chrome,utility,hot,65,67,57,background,97.2,0,0,1,evening,1
2026-05-31 17:47:44,google_maps,com.google.android.apps.maps,utility,hot,222,222,190,background,97.1,0,0,1,evening,1
2026-05-31 18:02:27,amazon,com.amazon.mShop.android.shopping,commerce,hot,152,161,136,foreground,97.0,0,0,1,evening,1
2026-05-31 18:33:58,phonepe,com.phonepe.app,financial,hot,208,217,184,foreground,96.9,0,0,1,evening,1
2026-05-31 18:36:05,paytm,net.one97.paytm,financial,hot,251,262,192,foreground,96.7,0,0,1,evening,1
2026-05-31 19:12:48,samsung_health,com.sec.android.app.shealth,health,hot,251,251,197,foreground,96.6,0,1,1,evening,1
2026-05-31 19:24:39,instagram,com.instagram.android,social,hot,264,270,210,foreground,96.6,0,0,1,evening,1
2026-05-31 19:43:58,whatsapp,com.whatsapp,social,hot,221,232,159,background,96.5,0,0,1,evening,1
2026-05-31 19:47:14,youtube,com.google.android.youtube,media,hot,388,409,333,background,96.5,0,1,1,evening,1
2026-05-31 19:50:13,spotify,com.spotify.music,media,hot,230,230,174,foreground,96.4,0,0,1,evening,1
2026-05-31 20:04:17,netflix,com.netflix.mediaclient,media,hot,471,475,386,background,96.2,0,0,1,evening,1
2026-05-31 20:34:59,gmail,com.google.android.gm,productivity,hot,148,154,125,background,96.1,0,0,1,evening,1
2026-05-31 20:46:16,slack,com.Slack,productivity,hot,397,415,307,foreground,96.0,0,0,1,evening,1
2026-05-31 21:06:53,chrome,com.android.chrome,utility,hot,90,94,60,foreground,95.9,0,0,1,evening,1
2026-05-31 21:47:23,google_maps,com.google.android.apps.maps,utility,hot,243,262,216,foreground,95.9,0,0,1,evening,1
2026-05-31 22:01:31,amazon,com.amazon.mShop.android.shopping,commerce,hot,368,368,308,background,95.8,0,0,1,night,1
2026-05-31 22:45:00,phonepe,com.phonepe.app,financial,hot,238,248,202,foreground,95.7,0,1,1,night,1
2026-05-31 22:48:12,paytm,net.one97.paytm,financial,hot,238,258,208,foreground,95.6,0,1,1,night,1
2026-05-31 23:11:17,samsung_health,com.sec.android.app.shealth,health,hot,178,185,135,foreground,96.4,1,0,1,night,1
2026-05-31 23:25:39,instagram,com.instagram.android,social,hot,296,300,220,foreground,97.1,1,1,1,night,1
2026-05-31 23:34:54,whatsapp,com.whatsapp,social,hot,230,247,190,foreground,97.5,1,0,1,night,1
2026-05-31 23:46:22,youtube,com.google.android.youtube,media,hot,361,395,297,foreground,98.3,1,1,1,night,1
2026-05-31 23:50:16,spotify,com.spotify.music,media,hot,262,273,211,foreground,98.7,1,0,1,night,1
2026-05-31 23:55:37,netflix,com.netflix.mediaclient,media,hot,460,460,417,background,99.5,1,0,1,night,1
2026-05-31 23:59:28,gmail,com.google.android.gm,productivity,hot,159,161,131,background,100,1,1,1,night,1
2026-06-01 00:12:35,slack,com.Slack,productivity,hot,478,500,399,background,100,1,0,1,night,0
2026-06-01 00:22:55,chrome,com.android.chrome,utility,hot,119,130,97,background,100,1,0,1,night,0
2026-06-01 00:39:43,google_maps,com.google.android.apps.maps,utility,hot,154,154,133,background,100,1,0,1,night,0
2026-06-01 00:47:33,amazon,com.amazon.mShop.android.shopping,commerce,hot,341,364,286,background,100,1,0,1,night,0
2026-06-01 00:47:53,phonepe,com.phonepe.app,financial,hot,135,137,107,foreground,100,1,0,1,night,0
2026-06-01 00:54:35,paytm,net.one97.paytm,financial,hot,209,230,183,background,100,1,0,1,night,0
2026-06-01 00:58:23,samsung_health,com.sec.android.app.shealth,health,hot,234,241,203,background,100,1,0,1,night,0
2026-06-01 01:16:25,instagram,com.instagram.android,social,hot,328,340,282,background,100,1,0,1,night,0
2026-06-01 02:28:37,whatsapp,com.whatsapp,social,hot,193,203,153,foreground,100,1,0,1,night,0
2026-06-01 02:36:43,youtube,com.google.android.youtube,media,hot,435,441,362,background,100,1,0,1,night,0
2026-06-01 02:44:16,spotify,com.spotify.music,media,hot,326,326,305,foreground,100,1,0,1,night,0
2026-06-01 03:06:30,netflix,com.netflix.mediaclient,media,hot,562,578,537,background,100,1,0,1,night,0
2026-06-01 03:08:13,gmail,com.google.android.gm,productivity,hot,189,189,160,foreground,100,1,0,1,night,0
2026-06-01 03:14:13,slack,com.Slack,productivity,hot,384,402,356,background,100,1,0,1,night,0
2026-06-01 03:19:22,chrome,com.android.chrome,utility,hot,129,133,103,foreground,100,1,0,1,night,0
2026-06-01 03:29:05,google_maps,com.google.android.apps.maps,utility,hot,247,247,205,background,100,1,0,1,night,0
2026-06-01 04:14:06,amazon,com.amazon.mShop.android.shopping,commerce,hot,296,307,260,background,100,1,0,1,night,0
2026-06-01 05:27:53,phonepe,com.phonepe.app,financial,hot,220,227,174,background,100,1,0,1,morning,0
2026-06-01 05:33:44,paytm,net.one97.paytm,financial,hot,250,251,216,foreground,100,1,0,1,morning,0
2026-06-01 05:37:41,samsung_health,com.sec.android.app.shealth,health,hot,316,335,260,background,100,1,0,1,morning,0
2026-06-01 05:44:24,instagram,com.instagram.android,social,hot,338,341,264,foreground,100,1,0,1,morning,0
2026-06-01 06:02:39,whatsapp,com.whatsapp,social,hot,215,219,181,foreground,100,1,0,1,morning,0
2026-06-01 06:05:37,youtube,com.google.android.youtube,media,hot,488,498,414,foreground,100,1,0,1,morning,0
2026-06-01 06:20:17,spotify,com.spotify.music,media,hot,310,331,253,background,100,1,0,1,morning,0
2026-06-01 06:34:21,netflix,com.netflix.mediaclient,media,hot,361,415,286,foreground,100,1,0,1,morning,0
2026-06-01 07:04:42,gmail,com.google.android.gm,productivity,hot,118,130,108,foreground,99.9,0,1,1,morning,0
2026-06-01 07:35:12,slack,com.Slack,productivity,hot,405,423,313,background,99.8,0,0,1,morning,0
2026-06-01 07:52:45,chrome,com.android.chrome,utility,hot,116,116,111,foreground,99.7,0,0,1,morning,0
2026-06-01 07:53:36,google_maps,com.google.android.apps.maps,utility,hot,384,410,318,background,99.7,0,0,1,morning,0
2026-06-01 08:58:46,amazon,com.amazon.mShop.android.shopping,commerce,hot,237,245,220,foreground,99.5,0,0,1,morning,0
2026-06-01 09:16:14,phonepe,com.phonepe.app,financial,hot,189,189,164,background,99.4,0,0,1,morning,0
2026-06-01 09:32:48,paytm,net.one97.paytm,financial,hot,219,225,200,background,99.3,0,0,1,morning,0
2026-06-01 10:16:26,samsung_health,com.sec.android.app.shealth,health,hot,269,269,220,foreground,99.2,0,0,1,morning,0
2026-06-01 10:23:48,instagram,com.instagram.android,social,hot,373,376,305,background,99.0,0,0,1,morning,0
2026-06-01 10:30:51,whatsapp,com.whatsapp,social,hot,173,173,149,background,98.9,0,0,1,morning,0
2026-06-01 11:14:02,youtube,com.google.android.youtube,media,hot,536,550,462,foreground,98.8,0,0,1,morning,0
2026-06-01 11:22:30,spotify,com.spotify.music,media,hot,270,280,238,foreground,98.7,0,0,1,morning,0
2026-06-01 11:29:23,netflix,com.netflix.mediaclient,media,hot,477,517,408,foreground,98.6,0,0,1,morning,0
2026-06-01 12:22:29,gmail,com.google.android.gm,productivity,hot,153,153,119,background,98.5,0,0,1,afternoon,0
2026-06-01 12:44:12,slack,com.Slack,productivity,hot,362,362,334,background,98.3,0,0,1,afternoon,0
2026-06-01 13:02:35,chrome,com.android.chrome,utility,hot,49,49,47,background,98.3,0,0,1,afternoon,0
2026-06-01 13:16:50,google_maps,com.google.android.apps.maps,utility,hot,213,214,201,background,98.2,0,0,1,afternoon,0
2026-06-01 13:43:46,amazon,com.amazon.mShop.android.shopping,commerce,hot,348,356,281,foreground,98.0,0,0,1,afternoon,0
2026-06-01 14:00:06,phonepe,com.phonepe.app,financial,hot,218,227,167,background,98.0,0,0,1,afternoon,0
2026-06-01 14:01:21,paytm,net.one97.paytm,financial,hot,173,173,152,background,97.9,0,0,1,afternoon,0
2026-06-01 14:16:53,samsung_health,com.sec.android.app.shealth,health,hot,293,300,235,foreground,97.8,0,0,1,afternoon,0
2026-06-01 14:21:04,instagram,com.instagram.android,social,hot,358,383,300,foreground,97.7,0,0,1,afternoon,0
2026-06-01 14:46:46,whatsapp,com.whatsapp,social,hot,167,179,160,foreground,97.6,0,0,1,afternoon,0
2026-06-01 15:14:23,youtube,com.google.android.youtube,media,hot,236,248,177,background,97.5,0,0,1,afternoon,0
2026-06-01 15:34:19,spotify,com.spotify.music,media,hot,261,272,215,foreground,97.4,0,0,1,afternoon,0
2026-06-01 15:38:14,netflix,com.netflix.mediaclient,media,hot,616,653,509,background,97.3,0,0,1,afternoon,0
2026-06-01 16:08:43,gmail,com.google.android.gm,productivity,hot,124,124,119,background,97.1,0,0,1,afternoon,0
2026-06-01 17:37:11,slack,com.Slack,productivity,hot,289,315,246,background,97.1,0,0,1,evening,0
2026-06-01 17:40:30,chrome,com.android.chrome,utility,hot,113,118,108,foreground,97.0,0,0,1,evening,0
2026-06-01 17:56:01,google_maps,com.google.android.apps.maps,utility,hot,283,308,252,foreground,96.8,0,0,1,evening,0
2026-06-01 18:16:52,amazon,com.amazon.mShop.android.shopping,commerce,hot,387,409,325,foreground,96.7,0,1,1,evening,0
2026-06-01 18:39:56,phonepe,com.phonepe.app,financial,hot,257,267,205,foreground,96.5,0,0,1,evening,0
2026-06-01 18:43:47,paytm,net.one97.paytm,financial,hot,223,243,205,background,96.4,0,1,1,evening,0
2026-06-01 18:50:39,samsung_health,com.sec.android.app.shealth,health,hot,140,140,122,background,96.3,0,0,1,evening,0
2026-06-01 19:00:20,instagram,com.instagram.android,social,hot,282,297,220,foreground,96.1,0,0,1,evening,0
2026-06-01 19:01:01,whatsapp,com.whatsapp,social,hot,173,184,139,foreground,96.1,0,0,1,evening,0
2026-06-01 19:09:54,youtube,com.google.android.youtube,media,hot,438,439,363,background,96.0,0,1,1,evening,0
2026-06-01 19:10:52,spotify,com.spotify.music,media,hot,296,321,232,foreground,95.9,0,0,1,evening,0
2026-06-01 19:13:34,netflix,com.netflix.mediaclient,media,hot,535,547,447,background,95.9,0,1,1,evening,0
2026-06-01 19:19:11,gmail,com.google.android.gm,productivity,hot,162,165,106,foreground,95.8,0,0,1,evening,0
2026-06-01 19:22:27,slack,com.Slack,productivity,hot,326,331,258,foreground,95.7,0,0,1,evening,0
2026-06-01 19:44:55,chrome,com.android.chrome,utility,hot,58,58,55,foreground,95.6,0,0,1,evening,0
2026-06-01 19:56:17,google_maps,com.google.android.apps.maps,utility,hot,189,202,157,foreground,95.6,0,1,1,evening,0
2026-06-01 20:24:46,amazon,com.amazon.mShop.android.shopping,commerce,hot,243,249,196,foreground,95.5,0,0,1,evening,0
2026-06-01 20:35:48,phonepe,com.phonepe.app,financial,hot,122,123,79,background,95.3,0,0,1,evening,0
2026-06-01 21:01:09,paytm,net.one97.paytm,financial,hot,244,253,220,background,95.2,0,0,1,evening,0
2026-06-01 21:22:59,samsung_health,com.sec.android.app.shealth,health,hot,232,246,184,background,95.1,0,1,1,evening,0
2026-06-01 21:31:18,instagram,com.instagram.android,social,hot,311,316,272,foreground,95.1,0,1,1,evening,0
2026-06-01 21:38:34,whatsapp,com.whatsapp,social,hot,179,179,162,background,95.0,0,0,1,evening,0
2026-06-01 22:36:11,youtube,com.google.android.youtube,media,hot,369,369,305,background,95.0,0,0,1,night,0
2026-06-01 22:52:58,spotify,com.spotify.music,media,hot,289,319,257,foreground,94.8,0,1,1,night,0
2026-06-01 23:08:14,netflix,com.netflix.mediaclient,media,hot,428,462,332,background,95.2,1,0,1,night,0
2026-06-01 23:22:53,gmail,com.google.android.gm,productivity,hot,124,142,80,background,96.0,1,1,1,night,0
2026-06-02 00:30:13,slack,com.Slack,productivity,hot,353,359,280,foreground,96.8,1,0,1,night,0
2026-06-02 00:46:34,chrome,com.android.chrome,utility,hot,112,119,99,foreground,97.4,1,0,1,night,0
2026-06-02 01:23:58,google_maps,com.google.android.apps.maps,utility,hot,357,357,285,foreground,97.9,1,0,1,night,0
2026-06-02 01:24:06,amazon,com.amazon.mShop.android.shopping,commerce,hot,315,341,253,foreground,98.5,1,0,1,night,0
2026-06-02 01:31:55,phonepe,com.phonepe.app,financial,hot,105,119,100,foreground,99.1,1,0,1,night,0
2026-06-02 01:35:12,paytm,net.one97.paytm,financial,hot,204,211,164,background,99.5,1,0,1,night,0
2026-06-02 02:51:50,samsung_health,com.sec.android.app.shealth,health,hot,153,163,121,background,100,1,0,1,night,0
2026-06-02 02:56:24,instagram,com.instagram.android,social,hot,301,317,286,background,100,1,0,1,night,0
2026-06-02 03:03:25,whatsapp,com.whatsapp,social,hot,179,187,128,background,100,1,0,1,night,0
2026-06-02 04:03:50,youtube,com.google.android.youtube,media,hot,270,273,214,foreground,100,1,0,1,night,0
2026-06-02 04:46:58,spotify,com.spotify.music,media,hot,194,205,169,foreground,100,1,0,1,night,0
2026-06-02 04:51:41,netflix,com.netflix.mediaclient,media,hot,510,533,466,foreground,100,1,0,1,night,0
2026-06-02 05:25:39,gmail,com.google.android.gm,productivity,hot,178,184,165,foreground,100,1,0,1,morning,0
2026-06-02 06:53:37,slack,com.Slack,productivity,hot,226,232,216,foreground,100,1,0,1,morning,0
2026-06-02 06:57:58,chrome,com.android.chrome,utility,hot,153,161,119,background,100,1,0,1,morning,0
2026-06-02 06:58:35,google_maps,com.google.android.apps.maps,utility,hot,163,163,140,background,100,1,0,1,morning,0
2026-06-02 07:15:05,amazon,com.amazon.mShop.android.shopping,commerce,hot,260,282,216,foreground,99.9,0,0,1,morning,0
2026-06-02 07:25:13,phonepe,com.phonepe.app,financial,hot,149,160,127,foreground,99.8,0,1,1,morning,0
2026-06-02 07:58:33,paytm,net.one97.paytm,financial,hot,191,197,183,foreground,99.7,0,0,1,morning,0
2026-06-02 08:25:58,samsung_health,com.sec.android.app.shealth,health,hot,156,156,106,background,99.6,0,1,1,morning,0
2026-06-02 09:05:59,instagram,com.instagram.android,social,hot,230,256,220,background,99.5,0,0,1,morning,0
2026-06-02 09:35:05,whatsapp,com.whatsapp,social,hot,144,144,96,foreground,99.4,0,0,1,morning,0
2026-06-02 09:36:06,youtube,com.google.android.youtube,media,hot,390,424,355,foreground,99.4,0,0,1,morning,0
2026-06-02 09:44:46,spotify,com.spotify.music,media,hot,263,263,224,foreground,99.2,0,0,1,morning,0
2026-06-02 10:02:30,netflix,com.netflix.mediaclient,media,hot,434,472,366,background,99.2,0,0,1,morning,0
2026-06-02 10:06:19,gmail,com.google.android.gm,productivity,hot,160,171,120,background,99.1,0,0,1,morning,0
2026-06-02 10:36:31,slack,com.Slack,productivity,hot,293,327,213,background,99.0,0,0,1,morning,0
2026-06-02 10:46:34,chrome,com.android.chrome,utility,hot,104,112,85,foreground,98.8,0,0,1,morning,0
2026-06-02 10:48:35,google_maps,com.google.android.apps.maps,utility,hot,202,218,171,foreground,98.8,0,0,1,morning,0
2026-06-02 11:21:56,amazon,com.amazon.mShop.android.shopping,commerce,hot,337,347,271,background,98.6,0,0,1,morning,0
2026-06-02 11:34:04,phonepe,com.phonepe.app,financial,hot,154,154,127,foreground,98.5,0,0,1,morning,0
2026-06-02 12:40:29,paytm,net.one97.paytm,financial,hot,214,220,193,foreground,98.4,0,0,1,afternoon,0
2026-06-02 13:44:35,samsung_health,com.sec.android.app.shealth,health,hot,353,363,299,background,98.3,0,0,1,afternoon,0
2026-06-02 13:46:19,instagram,com.instagram.android,social,hot,364,379,282,foreground,98.2,0,0,1,afternoon,0
2026-06-02 13:48:26,whatsapp,com.whatsapp,social,hot,184,193,140,foreground,98.1,0,0,1,afternoon,0
2026-06-02 13:48:34,youtube,com.google.android.youtube,media,hot,377,379,343,foreground,97.9,0,0,1,afternoon,0
2026-06-02 13:58:12,spotify,com.spotify.music,media,hot,234,238,206,background,97.8,0,0,1,afternoon,0
2026-06-02 14:13:42,netflix,com.netflix.mediaclient,media,hot,526,576,462,foreground,97.7,0,0,1,afternoon,0
2026-06-02 14:41:58,gmail,com.google.android.gm,productivity,hot,107,109,97,background,97.6,0,0,1,afternoon,0
2026-06-02 14:50:10,slack,com.Slack,productivity,hot,415,428,318,background,97.5,0,0,1,afternoon,0
2026-06-02 15:12:36,chrome,com.android.chrome,utility,hot,120,126,115,background,97.3,0,0,1,afternoon,0
2026-06-02 16:08:14,google_maps,com.google.android.apps.maps,utility,hot,318,325,285,background,97.3,0,0,1,afternoon,0
2026-06-02 16:21:59,amazon,com.amazon.mShop.android.shopping,commerce,hot,123,123,79,background,97.1,0,0,1,afternoon,0
2026-06-02 16:48:13,phonepe,com.phonepe.app,financial,hot,177,177,145,foreground,97.1,0,0,1,afternoon,0
2026-06-02 16:58:08,paytm,net.one97.paytm,financial,hot,288,296,240,foreground,96.9,0,0,1,afternoon,0
2026-06-02 17:59:16,samsung_health,com.sec.android.app.shealth,health,hot,211,218,169,background,96.9,0,1,1,evening,0
2026-06-02 18:02:06,instagram,com.instagram.android,social,hot,330,360,262,foreground,96.8,0,0,1,evening,0
2026-06-02 18:30:15,whatsapp,com.whatsapp,social,hot,92,92,59,background,96.7,0,0,1,evening,0
2026-06-02 18:53:20,youtube,com.google.android.youtube,media,hot,383,383,334,foreground,96.6,0,0,1,evening,0
2026-06-02 19:10:47,spotify,com.spotify.music,media,hot,361,361,335,background,96.5,0,1,1,evening,0
2026-06-02 19:55:10,netflix,com.netflix.mediaclient,media,hot,632,643,537,background,96.3,0,1,1,evening,0
2026-06-02 20:00:41,gmail,com.google.android.gm,productivity,hot,177,193,169,foreground,96.2,0,0,1,evening,0
2026-06-02 20:05:16,slack,com.Slack,productivity,hot,273,292,220,background,96.1,0,1,1,evening,0
2026-06-02 20:19:48,chrome,com.android.chrome,utility,hot,139,146,109,background,96.0,0,0,1,evening,0
2026-06-02 20:19:59,google_maps,com.google.android.apps.maps,utility,hot,281,304,219,foreground,95.9,0,1,1,evening,0
2026-06-02 20:25:49,amazon,com.amazon.mShop.android.shopping,commerce,hot,182,189,137,background,95.7,0,0,1,evening,0
2026-06-02 20:27:10,phonepe,com.phonepe.app,financial,hot,148,155,130,foreground,95.7,0,1,1,evening,0
2026-06-02 20:49:52,paytm,net.one97.paytm,financial,hot,219,232,173,background,95.6,0,1,1,evening,0
2026-06-02 21:00:34,samsung_health,com.sec.android.app.shealth,health,hot,237,242,200,background,95.5,0,1,1,evening,0
2026-06-02 22:10:06,instagram,com.instagram.android,social,hot,346,356,282,background,95.5,0,1,1,night,0
2026-06-02 22:25:05,whatsapp,com.whatsapp,social,hot,211,219,182,background,95.3,0,1,1,night,0
2026-06-02 23:11:57,youtube,com.google.android.youtube,media,hot,286,286,185,foreground,95.9,1,0,1,night,0
2026-06-03 00:07:25,spotify,com.spotify.music,media,hot,258,258,231,background,96.4,1,0,1,night,0
2026-06-03 00:20:40,netflix,com.netflix.mediaclient,media,hot,448,455,385,foreground,96.9,1,0,1,night,0
2026-06-03 01:33:06,gmail,com.google.android.gm,productivity,hot,136,142,130,foreground,97.7,1,0,1,night,0
2026-06-03 01:41:42,slack,com.Slack,productivity,hot,235,262,190,foreground,98.5,1,0,1,night,0
2026-06-03 01:46:20,chrome,com.android.chrome,utility,hot,104,113,94,background,99.0,1,0,1,night,0
2026-06-03 01:47:39,google_maps,com.google.android.apps.maps,utility,hot,267,274,219,foreground,99.6,1,0,1,night,0
2026-06-03 01:51:01,amazon,com.amazon.mShop.android.shopping,commerce,hot,279,301,213,background,100,1,0,1,night,0
2026-06-03 01:51:06,phonepe,com.phonepe.app,financial,hot,158,158,132,foreground,100,1,0,1,night,0
2026-06-03 02:27:07,paytm,net.one97.paytm,financial,hot,198,210,178,background,100,1,0,1,night,0
2026-06-03 02:50:36,samsung_health,com.sec.android.app.shealth,health,hot,207,207,153,foreground,100,1,0,1,night,0
2026-06-03 02:51:24,instagram,com.instagram.android,social,hot,330,346,314,foreground,100,1,0,1,night,0
2026-06-03 03:26:32,whatsapp,com.whatsapp,social,hot,180,187,149,background,100,1,0,1,night,0
2026-06-03 04:14:06,youtube,com.google.android.youtube,media,hot,407,424,319,background,100,1,0,1,night,0
2026-06-03 04:47:14,spotify,com.spotify.music,media,hot,376,389,306,foreground,100,1,0,1,night,0
2026-06-03 04:48:59,netflix,com.netflix.mediaclient,media,hot,352,357,270,background,100,1,0,1,night,0
2026-06-03 05:35:47,gmail,com.google.android.gm,productivity,hot,192,201,177,foreground,100,1,0,1,morning,0
2026-06-03 06:11:06,slack,com.Slack,productivity,hot,352,361,279,foreground,100,1,0,1,morning,0
2026-06-03 06:25:59,chrome,com.android.chrome,utility,hot,152,154,132,foreground,100,1,0,1,morning,0
2026-06-03 06:26:16,google_maps,com.google.android.apps.maps,utility,hot,337,348,279,background,100,1,0,1,morning,0
2026-06-03 08:21:40,amazon,com.amazon.mShop.android.shopping,commerce,hot,197,197,176,foreground,99.9,0,0,1,morning,0
2026-06-03 08:24:02,phonepe,com.phonepe.app,financial,hot,164,174,133,foreground,99.8,0,0,1,morning,0
2026-06-03 08:28:16,paytm,net.one97.paytm,financial,hot,224,241,175,background,99.7,0,0,1,morning,0
2026-06-03 08:40:37,samsung_health,com.sec.android.app.shealth,health,hot,238,238,185,background,99.5,0,0,1,morning,0
2026-06-03 09:00:27,instagram,com.instagram.android,social,hot,334,347,260,foreground,99.5,0,1,1,morning,0
2026-06-03 09:10:32,whatsapp,com.whatsapp,social,hot,202,217,170,background,99.4,0,0,1,morning,0
2026-06-03 09:32:56,youtube,com.google.android.youtube,media,hot,541,556,472,foreground,99.4,0,0,1,morning,0
2026-06-03 09:44:10,spotify,com.spotify.music,media,hot,279,282,220,foreground,99.2,0,0,1,morning,0
2026-06-03 09:46:12,netflix,com.netflix.mediaclient,media,hot,520,552,471,background,99.1,0,1,1,morning,0
2026-06-03 09:51:10,gmail,com.google.android.gm,productivity,hot,93,93,84,background,99.0,0,0,1,morning,0
2026-06-03 10:21:40,slack,com.Slack,productivity,hot,282,296,250,background,99.0,0,0,1,morning,0
2026-06-03 12:08:45,chrome,com.android.chrome,utility,hot,70,80,51,background,98.9,0,0,1,afternoon,0
2026-06-03 12:52:07,google_maps,com.google.android.apps.maps,utility,hot,325,333,243,background,98.8,0,0,1,afternoon,0
2026-06-03 13:04:17,amazon,com.amazon.mShop.android.shopping,commerce,hot,264,273,208,background,98.7,0,0,1,afternoon,0
2026-06-03 13:14:00,phonepe,com.phonepe.app,financial,hot,202,202,163,background,98.6,0,0,1,afternoon,0
2026-06-03 14:10:56,paytm,net.one97.paytm,financial,hot,229,231,219,background,98.5,0,0,1,afternoon,0
2026-06-03 15:14:15,samsung_health,com.sec.android.app.shealth,health,hot,168,182,132,foreground,98.4,0,0,1,afternoon,0
2026-06-03 15:29:54,instagram,com.instagram.android,social,hot,352,380,296,background,98.3,0,0,1,afternoon,0
2026-06-03 15:55:56,whatsapp,com.whatsapp,social,hot,176,176,144,background,98.2,0,0,1,afternoon,0
2026-06-03 16:15:37,youtube,com.google.android.youtube,media,hot,397,410,347,foreground,98.1,0,0,1,afternoon,0
2026-06-03 16:25:04,spotify,com.spotify.music,media,hot,234,243,172,background,98.0,0,0,1,afternoon,0
2026-06-03 16:29:23,netflix,com.netflix.mediaclient,media,hot,494,519,442,background,98.0,0,0,1,afternoon,0
2026-06-03 16:34:47,gmail,com.google.android.gm,productivity,hot,133,146,121,background,97.9,0,0,1,afternoon,0
2026-06-03 16:37:56,slack,com.Slack,productivity,hot,338,364,306,foreground,97.8,0,0,1,afternoon,0
2026-06-03 17:45:00,chrome,com.android.chrome,utility,hot,130,135,102,foreground,97.7,0,1,1,evening,0
2026-06-03 17:46:40,google_maps,com.google.android.apps.maps,utility,hot,219,219,183,foreground,97.7,0,0,1,evening,0
2026-06-03 18:27:16,amazon,com.amazon.mShop.android.shopping,commerce,hot,263,263,252,background,97.6,0,0,1,evening,0
2026-06-03 19:08:38,phonepe,com.phonepe.app,financial,hot,188,188,147,background,97.4,0,0,1,evening,0
2026-06-03 19:32:46,paytm,net.one97.paytm,financial,hot,266,273,220,foreground,97.3,0,0,1,evening,0
2026-06-03 19:37:39,samsung_health,com.sec.android.app.shealth,health,hot,232,254,211,foreground,97.2,0,0,1,evening,0
2026-06-03 19:45:29,instagram,com.instagram.android,social,hot,347,347,311,foreground,97.1,0,0,1,evening,0
2026-06-03 20:08:09,whatsapp,com.whatsapp,social,hot,167,172,141,foreground,97.0,0,1,1,evening,0
2026-06-03 20:11:16,youtube,com.google.android.youtube,media,hot,395,411,344,foreground,96.9,0,1,1,evening,0
2026-06-03 20:35:40,spotify,com.spotify.music,media,hot,308,325,258,foreground,96.8,0,0,1,evening,0
2026-06-03 21:01:03,netflix,com.netflix.mediaclient,media,hot,397,397,336,background,96.7,0,0,1,evening,0
2026-06-03 21:17:11,gmail,com.google.android.gm,productivity,hot,177,181,167,foreground,96.7,0,0,1,evening,0
2026-06-03 21:59:51,slack,com.Slack,productivity,hot,382,423,279,background,96.6,0,1,1,evening,0
2026-06-03 22:16:02,chrome,com.android.chrome,utility,hot,82,82,53,background,96.5,0,0,1,night,0
2026-06-03 22:27:18,google_maps,com.google.android.apps.maps,utility,hot,351,358,292,foreground,96.3,0,0,1,night,0
2026-06-03 23:12:53,amazon,com.amazon.mShop.android.shopping,commerce,hot,249,259,218,foreground,96.8,1,1,1,night,0
2026-06-03 23:15:15,phonepe,com.phonepe.app,financial,hot,236,246,208,foreground,97.5,1,1,1,night,0
2026-06-03 23:38:10,paytm,net.one97.paytm,financial,hot,154,158,146,foreground,98.3,1,1,1,night,0
2026-06-03 23:43:45,samsung_health,com.sec.android.app.shealth,health,hot,227,250,162,background,98.7,1,0,1,night,0
2026-06-04 00:11:50,instagram,com.instagram.android,social,hot,349,367,277,background,99.4,1,0,1,night,0
2026-06-04 00:16:44,whatsapp,com.whatsapp,social,hot,160,162,153,foreground,100,1,0,1,night,0
2026-06-04 00:30:24,youtube,com.google.android.youtube,media,hot,427,451,380,background,100,1,0,1,night,0
2026-06-04 02:30:33,spotify,com.spotify.music,media,hot,199,199,191,background,100,1,0,1,night,0
2026-06-04 03:02:05,netflix,com.netflix.mediaclient,media,hot,529,536,450,foreground,100,1,0,1,night,0
2026-06-04 03:16:34,gmail,com.google.android.gm,productivity,hot,141,146,122,background,100,1,0,1,night,0
2026-06-04 04:28:55,slack,com.Slack,productivity,hot,364,383,298,background,100,1,0,1,night,0
2026-06-04 05:41:53,chrome,com.android.chrome,utility,hot,65,65,46,background,100,1,0,1,morning,0
2026-06-04 06:31:15,google_maps,com.google.android.apps.maps,utility,hot,218,229,195,foreground,100,1,0,1,morning,0
2026-06-04 06:48:18,amazon,com.amazon.mShop.android.shopping,commerce,hot,266,288,255,foreground,100,1,0,1,morning,0
2026-06-04 07:40:41,phonepe,com.phonepe.app,financial,hot,179,192,123,background,99.9,0,0,1,morning,0
2026-06-04 08:18:59,paytm,net.one97.paytm,financial,hot,226,237,171,foreground,99.8,0,0,1,morning,0
2026-06-04 09:10:40,samsung_health,com.sec.android.app.shealth,health,hot,137,142,99,foreground,99.8,0,0,1,morning,0
2026-06-04 10:19:28,instagram,com.instagram.android,social,hot,184,184,148,foreground,99.6,0,0,1,morning,0
2026-06-04 10:20:45,whatsapp,com.whatsapp,social,hot,221,237,189,background,99.6,0,0,1,morning,0
2026-06-04 10:31:46,youtube,com.google.android.youtube,media,hot,354,387,307,background,99.5,0,0,1,morning,0
2026-06-04 11:17:37,spotify,com.spotify.music,media,hot,315,325,248,foreground,99.4,0,0,1,morning,0
2026-06-04 11:35:12,netflix,com.netflix.mediaclient,media,hot,691,730,558,foreground,99.3,0,0,1,morning,0
2026-06-04 11:36:46,gmail,com.google.android.gm,productivity,hot,207,207,180,foreground,99.2,0,0,1,morning,0
2026-06-04 11:52:17,slack,com.Slack,productivity,hot,272,274,199,foreground,99.2,0,0,1,morning,0
2026-06-04 12:13:22,chrome,com.android.chrome,utility,hot,141,151,109,foreground,99.0,0,0,1,afternoon,0
2026-06-04 12:14:01,google_maps,com.google.android.apps.maps,utility,hot,201,217,192,background,98.9,0,0,1,afternoon,0
2026-06-04 12:59:34,amazon,com.amazon.mShop.android.shopping,commerce,hot,348,376,286,background,98.7,0,0,1,afternoon,0
2026-06-04 14:05:34,phonepe,com.phonepe.app,financial,hot,157,157,136,foreground,98.6,0,0,1,afternoon,0
2026-06-04 14:06:45,paytm,net.one97.paytm,financial,hot,245,258,210,foreground,98.5,0,0,1,afternoon,0
2026-06-04 14:14:52,samsung_health,com.sec.android.app.shealth,health,hot,252,271,222,background,98.4,0,0,1,afternoon,0
2026-06-04 14:15:45,instagram,com.instagram.android,social,hot,292,299,228,background,98.3,0,0,1,afternoon,0
2026-06-04 14:39:48,whatsapp,com.whatsapp,social,hot,199,199,169,background,98.2,0,0,1,afternoon,0
2026-06-04 14:41:09,youtube,com.google.android.youtube,media,hot,529,542,378,foreground,98.1,0,0,1,afternoon,0
2026-06-04 15:58:49,spotify,com.spotify.music,media,hot,257,295,224,foreground,98.0,0,0,1,afternoon,0
2026-06-04 16:08:06,netflix,com.netflix.mediaclient,media,hot,354,387,299,background,98.0,0,0,1,afternoon,0
2026-06-04 17:07:59,gmail,com.google.android.gm,productivity,hot,168,168,130,background,97.9,0,0,1,evening,0
2026-06-04 18:13:39,slack,com.Slack,productivity,hot,351,376,274,background,97.8,0,1,1,evening,0
2026-06-04 19:02:59,chrome,com.android.chrome,utility,hot,101,101,83,background,97.7,0,1,1,evening,0
2026-06-04 20:06:44,google_maps,com.google.android.apps.maps,utility,hot,219,232,193,foreground,97.6,0,1,1,evening,0
2026-06-04 20:09:48,amazon,com.amazon.mShop.android.shopping,commerce,hot,306,318,238,foreground,97.5,0,1,1,evening,0
2026-06-04 20:18:35,phonepe,com.phonepe.app,financial,hot,200,212,173,foreground,97.4,0,1,1,evening,0
2026-06-04 20:18:41,paytm,net.one97.paytm,financial,hot,187,198,176,background,97.3,0,0,1,evening,0
2026-06-04 20:48:02,samsung_health,com.sec.android.app.shealth,health,hot,176,183,164,background,97.2,0,0,1,evening,0
2026-06-04 21:03:20,instagram,com.instagram.android,social,hot,305,327,271,foreground,97.1,0,1,1,evening,0
2026-06-04 21:07:06,whatsapp,com.whatsapp,social,hot,174,180,149,background,97.1,0,1,1,evening,0
2026-06-04 21:12:19,youtube,com.google.android.youtube,media,hot,403,404,321,background,97.0,0,0,1,evening,0
2026-06-04 21:37:11,spotify,com.spotify.music,media,hot,305,320,284,background,96.9,0,1,1,evening,0
2026-06-04 22:04:25,netflix,com.netflix.mediaclient,media,hot,403,435,335,foreground,96.8,0,1,1,night,0
2026-06-04 22:21:36,gmail,com.google.android.gm,productivity,hot,165,176,107,foreground,96.6,0,0,1,night,0
2026-06-04 22:35:38,slack,com.Slack,productivity,hot,287,300,231,background,96.5,0,1,1,night,0
2026-06-04 23:12:36,chrome,com.android.chrome,utility,hot,71,80,68,background,97.0,1,0,1,night,0
2026-06-04 23:44:10,google_maps,com.google.android.apps.maps,utility,hot,234,240,208,foreground,97.6,1,0,1,night,0
2026-06-04 23:58:59,amazon,com.amazon.mShop.android.shopping,commerce,hot,193,204,185,background,98.2,1,1,1,night,0
2026-06-05 00:08:39,phonepe,com.phonepe.app,financial,hot,234,234,174,foreground,98.9,1,0,1,night,0
2026-06-05 00:12:03,paytm,net.one97.paytm,financial,hot,232,232,220,background,99.4,1,0,1,night,0
2026-06-05 00:33:51,samsung_health,com.sec.android.app.shealth,health,hot,118,128,113,background,100,1,0,1,night,0
2026-06-05 00:58:44,instagram,com.instagram.android,social,hot,248,248,210,background,100,1,0,1,night,0
2026-06-05 01:31:29,whatsapp,com.whatsapp,social,hot,172,182,155,background,100,1,0,1,night,0
2026-06-05 01:46:11,youtube,com.google.android.youtube,media,hot,333,357,250,background,100,1,0,1,night,0
2026-06-05 01:59:32,spotify,com.spotify.music,media,hot,296,323,244,background,100,1,0,1,night,0
2026-06-05 02:28:44,netflix,com.netflix.mediaclient,media,hot,472,481,363,foreground,100,1,0,1,night,0
2026-06-05 03:28:58,gmail,com.google.android.gm,productivity,hot,200,224,171,foreground,100,1,0,1,night,0
2026-06-05 03:54:19,slack,com.Slack,productivity,hot,361,376,315,background,100,1,0,1,night,0
2026-06-05 04:04:32,chrome,com.android.chrome,utility,hot,127,137,113,foreground,100,1,0,1,night,0
2026-06-05 04:27:58,google_maps,com.google.android.apps.maps,utility,hot,368,392,292,background,100,1,0,1,night,0
2026-06-05 05:17:53,amazon,com.amazon.mShop.android.shopping,commerce,hot,276,294,237,background,100,1,0,1,morning,0
2026-06-05 05:52:37,phonepe,com.phonepe.app,financial,hot,209,220,186,foreground,100,1,0,1,morning,0
2026-06-05 06:14:23,paytm,net.one97.paytm,financial,hot,160,160,104,foreground,100,1,0,1,morning,0
2026-06-05 06:27:50,samsung_health,com.sec.android.app.shealth,health,hot,193,199,171,background,100,1,0,1,morning,0
2026-06-05 08:29:08,instagram,com.instagram.android,social,hot,363,398,306,foreground,99.8,0,0,1,morning,0
2026-06-05 09:50:08,whatsapp,com.whatsapp,social,hot,215,222,190,foreground,99.7,0,0,1,morning,0
2026-06-05 10:47:12,youtube,com.google.android.youtube,media,hot,242,255,165,background,99.7,0,0,1,morning,0
2026-06-05 11:36:47,spotify,com.spotify.music,media,hot,240,245,179,foreground,99.6,0,0,1,morning,0
2026-06-05 12:35:38,netflix,com.netflix.mediaclient,media,hot,432,463,381,foreground,99.5,0,0,1,afternoon,0
2026-06-05 12:39:15,gmail,com.google.android.gm,productivity,hot,148,148,131,background,99.4,0,0,1,afternoon,0
2026-06-05 13:22:17,slack,com.Slack,productivity,hot,430,450,354,background,99.3,0,0,1,afternoon,0
2026-06-05 13:26:05,chrome,com.android.chrome,utility,hot,113,124,98,background,99.2,0,0,1,afternoon,0
2026-06-05 13:28:23,google_maps,com.google.android.apps.maps,utility,hot,236,259,188,foreground,99.1,0,0,1,afternoon,0
2026-06-05 13:34:07,amazon,com.amazon.mShop.android.shopping,commerce,hot,305,305,235,background,99.0,0,0,1,afternoon,0
2026-06-05 13:39:55,phonepe,com.phonepe.app,financial,hot,263,272,219,foreground,99.0,0,0,1,afternoon,0
2026-06-05 14:30:46,paytm,net.one97.paytm,financial,hot,181,190,173,background,98.8,0,0,1,afternoon,0
2026-06-05 15:04:09,samsung_health,com.sec.android.app.shealth,health,hot,257,273,217,background,98.7,0,0,1,afternoon,0
2026-06-05 15:07:57,instagram,com.instagram.android,social,hot,324,338,261,background,98.7,0,0,1,afternoon,0
2026-06-05 15:39:37,whatsapp,com.whatsapp,social,hot,155,156,121,foreground,98.6,0,0,1,afternoon,0
2026-06-05 15:43:18,youtube,com.google.android.youtube,media,hot,428,434,333,foreground,98.5,0,0,1,afternoon,0
2026-06-05 16:14:01,spotify,com.spotify.music,media,hot,287,288,253,foreground,98.4,0,0,1,afternoon,0
2026-06-05 16:18:22,netflix,com.netflix.mediaclient,media,hot,408,426,328,foreground,98.3,0,0,1,afternoon,0
2026-06-05 16:33:51,gmail,com.google.android.gm,productivity,hot,179,183,142,background,98.3,0,0,1,afternoon,0
2026-06-05 17:14:36,slack,com.Slack,productivity,hot,377,393,303,background,98.2,0,1,1,evening,0
2026-06-05 17:15:57,chrome,com.android.chrome,utility,hot,110,117,75,foreground,98.1,0,0,1,evening,0
2026-06-05 17:34:57,google_maps,com.google.android.apps.maps,utility,hot,240,243,162,foreground,98.0,0,0,1,evening,0
2026-06-05 18:10:50,amazon,com.amazon.mShop.android.shopping,commerce,hot,150,158,140,background,97.9,0,0,1,evening,0
2026-06-05 18:29:58,phonepe,com.phonepe.app,financial,hot,196,199,183,foreground,97.8,0,0,1,evening,0
2026-06-05 19:01:18,paytm,net.one97.paytm,financial,hot,228,241,217,background,97.8,0,0,1,evening,0
2026-06-05 19:03:37,samsung_health,com.sec.android.app.shealth,health,hot,196,201,166,background,97.6,0,1,1,evening,0
2026-06-05 19:04:00,instagram,com.instagram.android,social,hot,360,376,305,foreground,97.5,0,0,1,evening,0
2026-06-05 19:30:58,whatsapp,com.whatsapp,social,hot,162,173,122,background,97.4,0,0,1,evening,0
2026-06-05 20:35:58,youtube,com.google.android.youtube,media,hot,314,319,255,background,97.3,0,1,1,evening,0
2026-06-05 20:52:38,spotify,com.spotify.music,media,hot,214,218,172,foreground,97.2,0,0,1,evening,0
2026-06-05 21:26:51,netflix,com.netflix.mediaclient,media,hot,356,381,301,foreground,97.1,0,0,1,evening,0
2026-06-05 21:45:43,gmail,com.google.android.gm,productivity,hot,165,171,147,foreground,97.0,0,0,1,evening,0
2026-06-05 22:05:59,slack,com.Slack,productivity,hot,419,443,379,foreground,96.9,0,0,1,night,0
2026-06-05 22:43:55,chrome,com.android.chrome,utility,hot,119,119,94,foreground,96.8,0,1,1,night,0
2026-06-05 23:20:03,google_maps,com.google.android.apps.maps,utility,hot,351,351,329,foreground,97.5,1,1,1,night,0
2026-06-05 23:22:41,amazon,com.amazon.mShop.android.shopping,commerce,hot,286,298,265,foreground,97.9,1,0,1,night,0
2026-06-05 23:34:28,phonepe,com.phonepe.app,financial,hot,228,247,181,background,98.6,1,0,1,night,0
2026-06-05 23:38:24,paytm,net.one97.paytm,financial,hot,160,173,130,background,99.0,1,0,1,night,0
2026-06-05 23:46:08,samsung_health,com.sec.android.app.shealth,health,hot,233,240,201,background,99.5,1,1,1,night,0
